image_id,class_name,label,image_path,liver_mask_path,spleen_mask_path,height,width,image_mean,image_std,image_p01,image_p99,liver_px,spleen_px,union_px,overlap_px,liver_frac,spleen_frac,union_frac,liver_mean,spleen_mean,liver_std,spleen_std,mean_ratio,mean_diff,liver_bbox_h,liver_bbox_w,spleen_bbox_h,spleen_bbox_w,liver_touches_border,spleen_touches_border,union_touches_border,liver_center_x,spleen_center_x,liver_left_of_spleen,flag_small_liver,flag_large_liver,flag_small_spleen,flag_large_spleen,flag_low_img_mean,flag_high_img_mean,flag_low_img_std,flag_high_img_std,flag_low_liver_mean,flag_high_liver_mean,flag_low_spleen_mean,flag_high_spleen_mean,flag_low_mean_ratio,flag_high_mean_ratio,flag_mask_overlap,flag_liver_border,flag_spleen_border,flag_bad_left_right_geometry,flag_count,review_priority,flag_summary
1,normal,0,data/images/normal/1.PNG,data/masks_liver/normal/1.PNG,data/masks_spleen/normal/1.PNG,708,954,90.09544410096058,93.35345026611023,0.0,255.0,120237,29085,149322,0,0.17801495931492733,0.04306132963792062,0.22107628895284795,201.3047813900879,198.33212996389892,19.358698099443966,19.693949913944458,1.014988244273592,2.9726514261889747,409,567,273,189,0,0,0,322.8678027562231,722.8404675949803,1,0,0,0,0,0,0,0,0,0,0,0,0,0,0,0,0,0,0,0,clean,none
1 (2),normal,0,data/images/normal/1 (2).PNG,data/masks_liver/normal/1 (2).PNG,data/masks_spleen/normal/1 (2).PNG,683,906,83.25028038228953,92.7529417095244,0.0,255.0,114382,20795,135177,0,0.18484545845332404,0.03360547383798913,0.21845093229131315,185.7307443478869,192.05212791536428,18.81014508585692,21.14640284138338,0.9670850586078994,-6.321383567477369,431,457,195,203,0,0,0,330.38383661764965,673.8353450348642,1,0,0,0,0,0,0,0,0,0,0,0,0,0,0,0,0,0,0,0,clean,none
10,normal,0,data/images/normal/10.PNG,data/masks_liver/normal/10.PNG,data/masks_spleen/normal/10.PNG,781,885,86.16729385041631,91.6734882173881,0.0,255.0,145176,35246,180422,0,0.2100392803663274,0.05099358348343786,0.26103286384976526,177.68058081225547,205.66983487487943,18.863359933311795,16.8963572522882,0.8639117158645889,-27.989254062623957,464,586,301,235,0,0,0,307.7294111974431,651.4020314361914,1,0,0,0,0,0,0,0,0,0,0,0,0,0,0,0,0,0,0,0,clean,none
100,normal,0,data/images/normal/100.PNG,data/masks_liver/normal/100.PNG,data/masks_spleen/normal/100.PNG,726,922,86.62672773883581,89.73576474338,0.0,255.0,147900,39727,187627,0,0.2209533712195909,0.0593496590834394,0.2803030303030303,183.2953752535497,184.3343569864324,19.43607093852056,22.105757820370656,0.9943635969754528,-1.0389817328826894,469,552,306,241,0,0,0,302.9245368492224,688.5478641729806,1,0,0,0,0,0,0,0,0,0,0,0,0,0,0,0,0,0,0,0,clean,none
101,normal,0,data/images/normal/101.PNG,data/masks_liver/normal/101.PNG,data/masks_spleen/normal/101.PNG,612,677,108.19346212143154,90.4373376270981,0.0,255.0,97431,15040,112471,0,0.23515654415385062,0.036300093646518185,0.27145663780036877,200.5081134341226,193.3401595744681,17.791601784829844,23.88322898123871,1.0370743090227943,7.167953859654517,399,388,137,180,0,0,0,243.75935790456836,561.1883643617022,1,0,0,0,0,0,0,0,0,0,0,0,0,0,0,0,0,0,0,0,clean,none
102,normal,0,data/images/normal/102.PNG,data/masks_liver/normal/102.PNG,data/masks_spleen/normal/102.PNG,659,777,105.14371839865011,85.68569445716909,0.0,254.0,124723,33269,157992,0,0.24357915253211157,0.06497305890325618,0.3085522114353677,185.35955677781965,188.18133998617333,19.380927845108907,21.42122794002172,0.9850049734284707,-2.821783208353679,442,566,278,243,0,0,0,261.70553145771026,608.2351137695753,1,0,0,0,0,0,0,0,0,0,0,0,0,0,0,0,0,0,0,0,clean,none
103,normal,0,data/images/normal/103.PNG,data/masks_liver/normal/103.PNG,data/masks_spleen/normal/103.PNG,769,871,73.10214706202906,84.52315547991248,0.0,255.0,133722,16012,149734,0,0.19964496811730087,0.0239056791664365,0.22355064728373736,182.0324778271339,182.7096552585561,17.962468484789895,32.540239301911946,0.9962936910654361,-0.6771774314221943,493,472,128,213,0,0,0,314.4277157087091,624.0249812640519,1,0,0,0,0,0,0,0,0,0,0,0,0,0,0,0,0,0,0,0,clean,none
104,normal,0,data/images/normal/104.PNG,data/masks_liver/normal/104.PNG,data/masks_spleen/normal/104.PNG,729,1007,64.96287850614968,83.42761763598621,0.0,255.0,115978,19664,135642,0,0.15798600468871535,0.026786431876725747,0.1847724365654411,168.6179878942558,180.46923311635476,14.8225549046624,31.535251712832586,0.9343309330250826,-11.851245222098953,410,467,148,215,0,0,0,377.20838434875577,706.9895240032547,1,0,0,0,0,0,0,0,0,0,0,0,0,0,0,0,0,0,0,0,clean,none
105,normal,0,data/images/normal/105.PNG,data/masks_liver/normal/105.PNG,data/masks_spleen/normal/105.PNG,879,899,96.94021672418222,90.2922280884693,0.0,255.0,167102,15292,182394,0,0.2114623630604603,0.019351548490865213,0.23081391155132552,188.88571052411103,196.98522103060424,20.82373663495815,31.53374753886199,0.9588826439719684,-8.099510506493203,595,472,170,169,0,0,0,270.90756543907315,699.4053099659953,1,0,0,0,0,0,0,0,0,0,0,0,0,0,0,0,0,0,0,0,clean,none
106,normal,0,data/images/normal/106.PNG,data/masks_liver/normal/106.PNG,data/masks_spleen/normal/106.PNG,809,1056,85.71511078023748,94.82833007473647,0.0,255.0,170326,29874,200200,0,0.19937399333258418,0.03496881672097989,0.23434281005356408,189.66761386987307,202.73990761197027,16.91401419429172,23.62591249280178,0.9355218475158897,-13.072293742097202,459,638,231,203,0,0,0,393.7999483343706,769.8466894289348,1,0,0,0,0,0,0,0,0,0,0,0,0,0,0,0,0,0,0,0,clean,none
107,normal,0,data/images/normal/107.PNG,data/masks_liver/normal/107.PNG,data/masks_spleen/normal/107.PNG,768,990,61.74778777356902,84.98723272356166,0.0,255.0,97816,21144,118960,0,0.12865109427609428,0.027809343434343433,0.15646043771043772,183.70519137973338,177.6766458569807,19.77705015016853,36.860669539973365,1.0339298643316097,6.028545522752665,340,428,184,227,0,0,0,337.16827512881326,680.5639424895952,1,0,0,0,0,0,0,0,0,0,0,0,0,0,0,0,0,0,0,0,clean,none
108,normal,0,data/images/normal/108.PNG,data/masks_liver/normal/108.PNG,data/masks_spleen/normal/108.PNG,617,694,135.9028603589928,94.65564980906848,0.0,255.0,137001,33003,170004,0,0.31994778116665656,0.07707415728237871,0.39702193844903527,203.69114823979388,199.99772747932005,19.549370101600104,12.248835105623144,1.0184673085467355,3.6934207604738276,460,539,247,253,0,0,0,240.25272808227678,544.5724631094143,1,0,0,0,0,0,1,0,0,0,0,0,0,0,0,0,0,0,0,1,watch,high_img_mean
109,normal,0,data/images/normal/109.PNG,data/masks_liver/normal/109.PNG,data/masks_spleen/normal/109.PNG,528,701,82.95447791034454,77.94848153747414,0.0,255.0,80789,16944,97733,0,0.2182731379414689,0.045778757618985866,0.2640518955604548,159.53997450147915,156.3537535410765,12.118363016784942,25.931384637824873,1.0203782759790754,3.1862209604026646,305,467,146,186,0,0,0,228.43176670091225,522.0342894239849,1,0,0,0,0,0,0,0,0,0,0,0,0,0,0,0,0,0,0,0,clean,none
11,normal,0,data/images/normal/11.PNG,data/masks_liver/normal/11.PNG,data/masks_spleen/normal/11.PNG,806,946,81.0396366574161,85.5720566306239,0.0,255.0,143056,37125,180181,0,0.18762033165634065,0.04869005712966703,0.23631038878600769,182.29524801476344,180.60476767676766,22.644035087209176,23.727733850922945,1.0093601035586235,1.6904803379957798,466,507,303,226,0,0,0,302.80912369980985,700.024,1,0,0,0,0,0,0,0,0,0,0,0,0,0,0,0,0,0,0,0,clean,none
110,normal,0,data/images/normal/110.PNG,data/masks_liver/normal/110.PNG,data/masks_spleen/normal/110.PNG,608,967,91.25361093724487,100.73223766712964,0.0,255.0,107854,16310,124164,0,0.18344513688564743,0.027741114679148752,0.21118625156479617,201.78796335787268,214.5913549969344,21.10109909502518,14.837751950972487,0.9403359348768707,-12.803391639061715,380,488,108,231,0,0,0,286.33508261167873,631.1827099938688,1,0,0,0,0,0,0,0,1,0,0,0,0,0,0,0,0,0,0,1,watch,high_img_std
111,normal,0,data/images/normal/111.PNG,data/masks_liver/normal/111.PNG,data/masks_spleen/normal/111.PNG,733,1063,80.0893799755897,90.28103476958047,0.0,255.0,127628,24164,151792,0,0.16379804897205905,0.031012129433673135,0.1948101784057322,201.7702306703858,181.48919880814435,19.98785575882655,27.29873770261132,1.1117478664497993,20.281031862241463,477,415,267,260,0,0,0,289.9202839502304,727.6625558682338,1,0,0,0,0,0,0,0,0,0,0,0,0,0,0,0,0,0,0,0,clean,none
112,normal,0,data/images/normal/112.PNG,data/masks_liver/normal/112.PNG,data/masks_spleen/normal/112.PNG,805,923,58.20123146908205,74.90979521213491,0.0,255.0,80849,18587,99436,0,0.10881206974287194,0.025015645713747366,0.1338277154566193,164.2877091862608,180.7810297519772,25.1968172142208,27.50981355595861,0.9087663042017697,-16.493320565716402,373,481,135,221,0,0,0,381.41447636952836,651.2188626459354,1,0,0,0,0,0,0,0,0,0,0,0,0,0,0,0,0,0,0,0,clean,none
113,normal,0,data/images/normal/113.PNG,data/masks_liver/normal/113.PNG,data/masks_spleen/normal/113.PNG,706,874,86.12945430147607,90.39988721268743,0.0,255.0,131013,30450,161463,0,0.2123235944276259,0.049348182625550206,0.2616717770531761,177.95037133719555,180.23067323481118,17.945511415761956,28.14205914019447,0.9873478645780087,-2.2803018976156295,441,460,224,236,0,0,0,287.28372756901985,615.8242692939244,1,0,0,0,0,0,0,0,0,0,0,0,0,0,0,0,0,0,0,0,clean,none
114,normal,0,data/images/normal/114.PNG,data/masks_liver/normal/114.PNG,data/masks_spleen/normal/114.PNG,685,828,96.69747346521386,88.72663922777609,0.0,255.0,111175,19791,130966,0,0.19601361119926655,0.03489368454458902,0.23090729574385557,179.8636563975714,179.4281744227174,16.56527298230871,19.304013104307522,1.0024270490062557,0.4354819748539853,381,470,146,228,0,0,0,276.82708342702944,606.5570713960891,1,0,0,0,0,0,0,0,0,0,0,0,0,0,0,0,0,0,0,0,clean,none
115,normal,0,data/images/normal/115.PNG,data/masks_liver/normal/115.PNG,data/masks_spleen/normal/115.PNG,725,797,69.03687794747545,81.26036851040908,0.0,255.0,102413,24939,127352,0,0.177238783368667,0.043160126335828324,0.2203989097044953,176.58692744085224,164.6258470668431,20.854475210972215,26.41100664235601,1.072656144308229,11.961080374009128,374,427,242,187,0,0,0,284.8659154599514,598.9895745619311,1,0,0,0,0,0,0,0,0,0,0,0,0,0,0,0,0,0,0,0,clean,none
116,normal,0,data/images/normal/116.PNG,data/masks_liver/normal/116.PNG,data/masks_spleen/normal/116.PNG,717,959,103.17378923593992,85.83167755653388,0.0,255.0,166898,50420,217318,0,0.24272436275001708,0.07332719607098864,0.3160515588210057,183.56379345468488,182.5698532328441,19.90308687934307,13.170080898722517,1.0054441584894576,0.9939402218407736,504,589,340,250,0,0,0,312.9777888291052,717.0179492264974,1,0,0,0,0,0,0,0,0,0,0,0,0,0,0,0,0,0,0,0,clean,none
117,normal,0,data/images/normal/117.PNG,data/masks_liver/normal/117.PNG,data/masks_spleen/normal/117.PNG,714,1136,65.25262605042016,84.9726371791411,0.0,255.0,108337,24806,133143,0,0.13356733538485818,0.030583007851027737,0.1641503432358859,169.2025439138983,174.15411593969202,22.45681382588043,25.426016109513974,0.9715678669398989,-4.951572025793723,357,438,204,225,0,0,0,395.38921144207427,761.8911553656374,1,0,0,0,0,0,0,0,0,0,0,0,0,0,0,0,0,0,0,0,clean,none
118,normal,0,data/images/normal/118.PNG,data/masks_liver/normal/118.PNG,data/masks_spleen/normal/118.PNG,787,937,116.63364383071226,90.02106997949191,0.0,255.0,174351,40310,214661,0,0.23643410327100334,0.05466363085301572,0.29109773412401907,169.73625043733617,188.72029273133217,20.154711938631348,23.141399453286226,0.8994064553490879,-18.984042293995998,537,468,271,327,0,0,0,240.2557828747756,701.7332423716199,1,0,0,0,0,0,0,0,0,0,0,0,0,0,0,0,0,0,0,0,clean,none
119,normal,0,data/images/normal/119.PNG,data/masks_liver/normal/119.PNG,data/masks_spleen/normal/119.PNG,735,811,94.84849308404003,76.01279536108109,0.0,255.0,145277,46524,191801,0,0.24371859717993238,0.07804927149651476,0.32176786867644713,155.31952063988106,153.41475367552232,16.277363023726654,13.759102092880594,1.0124157938288751,1.9047669643587426,459,477,325,232,0,0,0,275.02835273305476,655.9554208580518,1,0,0,0,0,0,0,0,0,0,0,0,0,0,0,0,0,0,0,0,clean,none
12,normal,0,data/images/normal/12.PNG,data/masks_liver/normal/12.PNG,data/masks_spleen/normal/12.PNG,880,979,61.15130815303185,79.7397226279382,0.0,255.0,90232,22673,112905,0,0.10473581576748073,0.02631743894512025,0.131053254712601,170.99524558914797,165.0744938914127,20.68137061098354,34.74729304444994,1.0358671441135108,5.920751697735284,408,352,175,204,0,0,0,251.16757912935543,666.2008997485997,1,0,0,0,0,0,0,0,0,0,0,0,0,0,0,0,0,0,0,0,clean,none
120,normal,0,data/images/normal/120.PNG,data/masks_liver/normal/120.PNG,data/masks_spleen/normal/120.PNG,816,843,56.943653618030844,77.13130533476561,0.0,255.0,91432,21189,112621,0,0.13291698648617217,0.030802979554811247,0.1637199660409834,170.9354492956514,164.48515739298693,20.081654508992035,29.521723242173845,1.0392150329287064,6.450291902664475,425,334,209,202,0,0,0,299.4538673549742,641.7139081598942,1,0,0,0,0,0,0,0,0,0,0,0,0,0,0,0,0,0,0,0,clean,none
121,normal,0,data/images/normal/121.PNG,data/masks_liver/normal/121.PNG,data/masks_spleen/normal/121.PNG,645,834,77.32958935177439,86.84791024287426,0.0,255.0,100093,23789,123882,0,0.1860706783410481,0.04422322607030654,0.23029390441135464,169.758744367738,185.87998654840473,16.758814509881333,25.205238806438135,0.9132706893663385,-16.12124218066674,396,387,181,212,0,0,0,269.688399788197,597.1698263903485,1,0,0,0,0,0,0,0,0,0,0,0,0,0,0,0,0,0,0,0,clean,none
122,normal,0,data/images/normal/122.PNG,data/masks_liver/normal/122.PNG,data/masks_spleen/normal/122.PNG,718,960,80.45130861188487,88.04934489842056,0.0,255.0,125680,32920,158600,0,0.1823351903435469,0.04775998142989787,0.23009517177344477,172.48960057288352,190.11120899149452,16.034340735218485,24.832240209531644,0.9073089408068078,-17.621608418611004,377,525,213,275,0,0,0,343.0594366645449,685.6938031591737,1,0,0,0,0,0,0,0,0,0,0,0,0,0,0,0,0,0,0,0,clean,none
123,normal,0,data/images/normal/123.PNG,data/masks_liver/normal/123.PNG,data/masks_spleen/normal/123.PNG,635,835,65.28987316705172,85.581116727551,0.0,255.0,73452,15269,88721,0,0.13852986939506814,0.028797208732142015,0.16732707812721015,177.64695311223656,174.37048922653742,14.712766973254624,31.53107359260467,1.0187902372783517,3.276463885699144,331,308,156,161,0,0,0,253.91161574906062,576.5034383391185,1,0,0,0,0,0,0,0,0,0,0,0,0,0,0,0,0,0,0,0,clean,none
125,normal,0,data/images/normal/125.PNG,data/masks_liver/normal/125.PNG,data/masks_spleen/normal/125.PNG,704,894,66.71954920429124,83.15719857917631,0.0,255.0,106250,12620,118870,0,0.1688180038641448,0.020051606670734187,0.188869610534879,164.3030305882353,159.86925515055466,12.333014639967496,32.54178621890372,1.027733752845545,4.433775437680623,367,531,139,168,0,0,0,344.8031435294118,652.6545958795563,1,0,0,0,0,0,0,0,0,0,0,0,0,0,0,0,0,0,0,0,clean,none
126,normal,0,data/images/normal/126.PNG,data/masks_liver/normal/126.PNG,data/masks_spleen/normal/126.PNG,617,824,67.68917286903432,85.15714478330399,0.0,255.0,84002,7528,91530,0,0.16522556686755518,0.014807005397240012,0.18003257226479522,173.52216613890147,176.24601487778958,15.950168087980295,29.91062310719684,0.9845451840410574,-2.7238487388881083,379,309,103,137,0,0,0,256.6392943025166,597.8419234856535,1,0,0,0,0,0,0,0,0,0,0,0,0,0,0,0,0,0,0,0,clean,none
127,normal,0,data/images/normal/127.PNG,data/masks_liver/normal/127.PNG,data/masks_spleen/normal/127.PNG,660,884,119.78138968874264,93.62365439510859,0.0,255.0,135420,24484,159904,0,0.23210612916495268,0.04196489784725079,0.2740710270122035,200.7116969428445,198.764417578827,19.144099472606747,19.046706923372444,1.0097969162586575,1.9472793640175041,519,419,233,230,0,0,0,244.01987889528874,680.4347737297827,1,0,0,0,0,0,0,0,0,0,0,0,0,0,0,0,0,0,0,0,clean,none
128,normal,0,data/images/normal/128.PNG,data/masks_liver/normal/128.PNG,data/masks_spleen/normal/128.PNG,738,946,90.3033525842658,92.4504491676793,0.0,255.0,135655,21003,156658,0,0.19430693778396557,0.03008387906289211,0.2243908168468577,177.18757141277504,179.3937532733419,25.506247567250384,28.877132157226637,0.9877020085258638,-2.2061818605668577,434,562,181,231,0,0,0,318.02887471895616,689.8603056706185,1,0,0,0,0,0,0,0,0,0,0,0,0,0,0,0,0,0,0,0,clean,none
129,normal,0,data/images/normal/129.PNG,data/masks_liver/normal/129.PNG,data/masks_spleen/normal/129.PNG,904,1126,66.25694269793615,83.01974161082042,0.0,255.0,168754,28233,196987,0,0.1657857715462362,0.027736407362580363,0.19352217890881654,169.81762210080947,203.04827683915985,32.3256143064688,21.763147373394396,0.8363411101438974,-33.23065473835038,518,434,207,293,0,0,0,341.8228664209441,831.4661566252258,1,0,0,0,0,0,0,0,0,0,0,0,0,0,0,0,0,0,0,0,clean,none
13,normal,0,data/images/normal/13.PNG,data/masks_liver/normal/13.PNG,data/masks_spleen/normal/13.PNG,479,661,113.88099261257221,93.76644277000089,0.0,255.0,87661,14220,101881,0,0.27686588612812246,0.044912023599341794,0.32177790972746423,200.42674621553485,199.39725738396623,17.413531240638225,23.6276568216213,1.0051629989294346,1.0294888315686137,357,427,140,196,0,0,0,217.75561538198286,480.7862165963432,1,0,0,0,0,0,0,0,0,0,0,0,0,0,0,0,0,0,0,0,clean,none
130,normal,0,data/images/normal/130.PNG,data/masks_liver/normal/130.PNG,data/masks_spleen/normal/130.PNG,780,978,64.25316973415133,77.43718080210445,0.0,255.0,105280,30928,136208,0,0.13801059199832205,0.04054323318126999,0.17855382517959206,171.29048252279634,171.92802638385928,20.662180143755588,31.544941718017103,0.9962917921483534,-0.6375438610629374,455,367,232,249,0,0,0,303.62980623100304,715.9123771339886,1,0,0,0,0,0,0,0,0,0,0,0,0,0,0,0,0,0,0,0,clean,none
131,normal,0,data/images/normal/131.PNG,data/masks_liver/normal/131.PNG,data/masks_spleen/normal/131.PNG,548,758,112.91042023765961,89.62351526801339,0.0,255.0,97896,25367,123263,0,0.23567590470504401,0.06106879417599137,0.2967446988810354,182.16929190160988,189.87941025742106,17.80541729802608,22.375038215810147,0.95939465313931,-7.710118355811176,337,494,177,221,0,0,0,251.50974503554792,600.7589387787283,1,0,0,0,0,0,0,0,0,0,0,0,0,0,0,0,0,0,0,0,clean,none
133,normal,0,data/images/normal/133.PNG,data/masks_liver/normal/133.PNG,data/masks_spleen/normal/133.PNG,901,928,68.59310177389108,78.55448909703397,0.0,255.0,148042,11622,159664,0,0.177056622909411,0.013899785678747752,0.19095640858815874,162.4407735642588,167.37678540698676,19.960749843429266,27.890209710320672,0.9705095733483271,-4.9360118427279644,558,386,108,145,0,0,0,241.82050364085867,637.3835828600929,1,0,0,0,0,0,0,0,0,0,0,0,0,0,0,0,0,0,0,0,clean,none
134,normal,0,data/images/normal/134.PNG,data/masks_liver/normal/134.PNG,data/masks_spleen/normal/134.PNG,765,883,68.97268373563091,79.42669409556433,0.0,255.0,114495,23889,138384,0,0.16949792374480938,0.03536517664823574,0.2048631003930451,162.75991964714618,167.17966428063124,20.21759932618553,33.935460928518026,0.973562899374957,-4.419744633485067,454,423,227,179,0,0,0,289.6223503209747,623.5779647536523,1,0,0,0,0,0,0,0,0,0,0,0,0,0,0,0,0,0,0,0,clean,none
135,normal,0,data/images/normal/135.PNG,data/masks_liver/normal/135.PNG,data/masks_spleen/normal/135.PNG,775,929,54.47838883294559,75.47288537578798,0.0,252.0,101609,14818,116427,0,0.14112851140664606,0.020581270182992464,0.16170978158963853,166.63745337519313,186.35706573086787,24.74895685180371,35.73425461244968,0.8941837103276942,-19.71961235567474,404,411,133,189,0,0,0,344.23836471178737,670.5449453367526,1,0,0,0,0,0,0,0,0,0,0,0,0,0,0,0,0,0,0,0,clean,none
136,normal,0,data/images/normal/136.PNG,data/masks_liver/normal/136.PNG,data/masks_spleen/normal/136.PNG,817,1046,95.47340337147284,93.73156576949785,0.0,255.0,183614,30191,213805,0,0.2148582581893838,0.03532838276490729,0.2501866409542911,187.90400514122018,197.2199662150972,20.07565911812324,21.332338587591185,0.9527635958700034,-9.31596107387702,528,594,200,261,0,0,0,373.19132528020737,761.5330065251234,1,0,0,0,0,0,0,0,0,0,0,0,0,0,0,0,0,0,0,0,clean,none
137,normal,0,data/images/normal/137.PNG,data/masks_liver/normal/137.PNG,data/masks_spleen/normal/137.PNG,775,944,60.926212411153635,71.69513048697813,0.0,255.0,115491,18772,134263,0,0.1578608529250957,0.02565882996172772,0.1835196828868234,154.3178689248513,148.32244832729597,15.275230128504775,21.384553477649835,1.040421525027041,5.995420597555324,452,389,177,231,0,0,0,289.12899706470637,643.9696356275304,1,0,0,0,0,0,0,0,0,0,0,0,0,0,0,0,0,0,0,0,clean,none
138,normal,0,data/images/normal/138.PNG,data/masks_liver/normal/138.PNG,data/masks_spleen/normal/138.PNG,623,1010,92.78299191074805,94.25711253944964,0.0,255.0,116318,23541,139859,0,0.1848576832001017,0.037412392924685726,0.22227007612478744,187.7798706992899,195.84444161250585,19.13492302644853,21.18499406922996,0.9588215432327974,-8.06457091321596,386,563,165,221,0,0,0,321.1173679052253,698.0238732424281,1,0,0,0,0,0,0,0,0,0,0,0,0,0,0,0,0,0,0,0,clean,none
139,normal,0,data/images/normal/139.PNG,data/masks_liver/normal/139.PNG,data/masks_spleen/normal/139.PNG,656,939,88.38194011532767,105.19179705560914,0.0,255.0,69460,6706,76166,0,0.11276266916023793,0.010886646406400167,0.1236493155666381,234.45034552260293,201.5256486728303,26.16460380182271,43.81163774175435,1.163377197409981,32.92469684977263,349,318,133,108,0,0,0,289.73560322487765,729.0715776916195,1,0,0,0,0,0,0,0,1,0,1,0,0,0,1,0,0,0,0,3,urgent,"high_img_std, high_liver_mean, high_mean_ratio"
14,normal,0,data/images/normal/14.PNG,data/masks_liver/normal/14.PNG,data/masks_spleen/normal/14.PNG,760,855,80.63895044629116,82.7971807843477,0.0,255.0,117337,23893,141230,0,0.18057402277623885,0.03676977531548169,0.21734379809172052,168.9179968807793,167.16984053907,15.209314798957887,20.946229225687798,1.0104573607632494,1.74815634170929,491,401,273,147,0,0,0,229.55966148785123,735.5123676390575,1,0,0,0,0,0,0,0,0,0,0,0,0,0,0,0,0,0,0,0,clean,none
140,normal,0,data/images/normal/140.PNG,data/masks_liver/normal/140.PNG,data/masks_spleen/normal/140.PNG,742,961,71.74269698848066,86.4426224391331,0.0,255.0,125313,19655,144968,0,0.1757392765285487,0.027564223026889666,0.2033034995554384,185.8619536680153,190.5970490969219,22.843048136189065,37.30849115181166,0.9751565072675642,-4.73509542890659,402,566,194,210,0,0,0,337.543072147343,687.9872805901806,1,0,0,0,0,0,0,0,0,0,0,0,0,0,0,0,0,0,0,0,clean,none
141,normal,0,data/images/normal/141.PNG,data/masks_liver/normal/141.PNG,data/masks_spleen/normal/141.PNG,625,814,90.47461818181819,92.26568017455293,0.0,255.0,106029,23539,129568,0,0.2084108108108108,0.04626830466830467,0.2546791154791155,193.58357619141933,197.6500700964357,22.925760520133935,19.807281939568774,0.9794257857714997,-4.066493905016387,401,462,247,161,0,0,0,287.0600684718332,635.217341433366,1,0,0,0,0,0,0,0,0,0,0,0,0,0,0,0,0,0,0,0,clean,none
142,normal,0,data/images/normal/142.PNG,data/masks_liver/normal/142.PNG,data/masks_spleen/normal/142.PNG,808,922,90.40868027963317,82.81090714514465,0.0,255.0,158024,31714,189738,0,0.21211958506045833,0.0425704989154013,0.2546900839758596,176.3713296714423,174.6284606167623,26.352808374108047,28.41662667320169,1.0099804352540473,1.7428690546799999,476,499,180,283,0,0,0,290.08687920822155,703.5691808034306,1,0,0,0,0,0,0,0,0,0,0,0,0,0,0,0,0,0,0,0,clean,none
143,normal,0,data/images/normal/143.PNG,data/masks_liver/normal/143.PNG,data/masks_spleen/normal/143.PNG,720,794,98.50007171844389,77.12031717669102,0.0,255.0,191034,8980,200014,0,0.3341624685138539,0.015708088441085923,0.34987055695493985,157.6853439701833,174.69175946547884,20.9418765456634,33.088658642460686,0.9026490061696059,-17.006415495295528,537,517,135,170,0,0,0,290.3204141671116,624.5543429844098,1,0,1,0,0,0,0,0,0,0,0,0,0,0,0,0,0,0,0,1,watch,large_liver
144,normal,0,data/images/normal/144.PNG,data/masks_liver/normal/144.PNG,data/masks_spleen/normal/144.PNG,834,1082,47.05331409548886,73.9318952058167,0.0,255.0,100115,20556,120671,0,0.1109445161061539,0.022779558238806365,0.13372407434496025,168.19783249263347,165.63485113835375,17.06861151858758,24.992214386676995,1.0154736779197826,2.5629813542797137,361,434,139,208,0,0,0,331.8436298257004,673.0648958941429,1,0,0,0,0,1,0,0,0,0,0,0,0,0,0,0,0,0,0,1,watch,low_img_mean
145,normal,0,data/images/normal/145.PNG,data/masks_liver/normal/145.PNG,data/masks_spleen/normal/145.PNG,585,748,93.58277115041821,87.68844581363031,0.0,255.0,97751,12592,110343,0,0.22339000868412634,0.02877645230586407,0.2521664609899904,175.22812042843552,168.27573062261754,15.029671676595155,24.03151167342373,1.041315457307948,6.9523898058179725,390,343,162,175,0,0,0,248.9329623226361,626.53041613723,1,0,0,0,0,0,0,0,0,0,0,0,0,0,0,0,0,0,0,0,clean,none
146,normal,0,data/images/normal/146.PNG,data/masks_liver/normal/146.PNG,data/masks_spleen/normal/146.PNG,651,857,81.12714484672176,86.38931573859331,0.0,255.0,110586,9699,120285,0,0.19821583167086987,0.017384617866418598,0.21560044953728846,172.99652758938745,167.9398907103825,22.23129522277649,30.275028895180192,1.0301097959960892,5.056636879004941,400,402,112,143,0,0,0,263.3602806865245,659.3800391792969,1,0,0,0,0,0,0,0,0,0,0,0,0,0,0,0,0,0,0,0,clean,none
147,normal,0,data/images/normal/147.PNG,data/masks_liver/normal/147.PNG,data/masks_spleen/normal/147.PNG,701,772,79.6545127981492,76.35631634271583,0.0,255.0,79673,22740,102413,0,0.14722306401661578,0.042019912338406275,0.18924297635502207,157.35492575904007,179.8721196130167,21.39097709169464,26.856727695460595,0.8748155368534242,-22.517193853976636,423,318,219,209,0,0,0,194.68393307645,629.9270008795074,1,0,0,0,0,0,0,0,0,0,0,0,0,0,0,0,0,0,0,0,clean,none
148,normal,0,data/images/normal/148.PNG,data/masks_liver/normal/148.PNG,data/masks_spleen/normal/148.PNG,587,738,99.03109836890532,89.88878104224128,0.0,255.0,89016,17387,106403,0,0.2054819185329843,0.04013563985725036,0.24561755839023466,177.9095331176418,189.65859550238685,16.540503592068347,25.35430357735296,0.9380515114979394,-11.74906238474506,358,365,193,208,0,0,0,237.8661251909769,558.3787887502157,1,0,0,0,0,0,0,0,0,0,0,0,0,0,0,0,0,0,0,0,clean,none
149,normal,0,data/images/normal/149.PNG,data/masks_liver/normal/149.PNG,data/masks_spleen/normal/149.PNG,619,715,116.32296846933357,91.83212641094616,0.0,255.0,107306,35256,142562,0,0.24245286216207057,0.07965927448964606,0.3221121366517166,192.63918140644512,204.86192421148172,23.76812738968851,13.006783596768706,0.9403366741163889,-12.222742805036603,449,354,246,239,0,0,0,199.5476674184109,574.5703710006808,1,0,0,0,0,0,0,0,0,0,0,0,0,0,0,0,0,0,0,0,clean,none
150,normal,0,data/images/normal/150.PNG,data/masks_liver/normal/150.PNG,data/masks_spleen/normal/150.PNG,759,887,77.29622433837913,77.18741750576173,0.0,255.0,139619,30532,170151,0,0.20738585304047782,0.04535131224999369,0.2527371652904715,154.26035854718913,172.94576182366043,17.36937093177706,30.17252141912407,0.8919580105843739,-18.685403276471305,486,449,356,222,0,0,0,295.9599266575466,652.9344949561116,1,0,0,0,0,0,0,0,0,0,0,0,0,0,0,0,0,0,0,0,clean,none
152,normal,0,data/images/normal/152.PNG,data/masks_liver/normal/152.PNG,data/masks_spleen/normal/152.PNG,674,869,101.27012016267547,93.18534298624796,0.0,255.0,132313,14631,146944,0,0.2259034396096335,0.0249801094747194,0.2508835490843529,175.37685639355166,174.23381860433327,19.373955731263113,25.45452994190282,1.0065603611963172,1.143037789218397,439,511,119,199,0,0,0,294.9874464338349,645.4846558676783,1,0,0,0,0,0,0,0,0,0,0,0,0,0,0,0,0,0,0,0,clean,none
153,normal,0,data/images/normal/153.PNG,data/masks_liver/normal/153.PNG,data/masks_spleen/normal/153.PNG,698,817,70.94091704572953,88.9544811548685,0.0,255.0,93990,15332,109322,0,0.16481782185857127,0.026885698954522978,0.19170352081309425,172.80562825832536,181.2308896425776,18.112225960790195,28.759778847910585,0.9535108923518535,-8.425261384252252,364,430,164,170,0,0,0,307.3090541546973,602.2404122097573,1,0,0,0,0,0,0,0,0,0,0,0,0,0,0,0,0,0,0,0,clean,none
154,normal,0,data/images/normal/154.PNG,data/masks_liver/normal/154.PNG,data/masks_spleen/normal/154.PNG,552,686,66.77610174504585,86.31241009886529,0.0,255.0,55429,9051,64480,0,0.14637733975577807,0.0239019520851819,0.17027929184096,201.54590557289507,204.72577615733067,17.551535672647976,24.29474886217734,0.9844676541049744,-3.179870584435605,284,375,112,129,0,0,0,227.61568853849067,479.1008728317313,1,0,0,0,0,0,0,0,0,0,0,0,0,0,0,0,0,0,0,0,clean,none
155,normal,0,data/images/normal/155.PNG,data/masks_liver/normal/155.PNG,data/masks_spleen/normal/155.PNG,491,658,145.75900866044734,91.78578615539871,0.0,255.0,82257,16999,99256,0,0.2546041513194956,0.05261577699502906,0.30721992831452466,227.47358887389524,222.7732807812224,16.53397396346319,14.957819046122857,1.0210990611400554,4.700308092672827,343,490,184,205,0,0,0,197.04997750951287,521.8328136949232,1,0,0,0,0,0,1,0,0,0,1,0,0,0,0,0,0,0,0,2,review,"high_img_mean, high_liver_mean"
156,normal,0,data/images/normal/156.PNG,data/masks_liver/normal/156.PNG,data/masks_spleen/normal/156.PNG,741,979,69.36375353406696,81.1967108360946,0.0,255.0,124390,26561,150951,0,0.17146858660755762,0.036613691847281436,0.20808227845483906,163.83746281855454,175.77218478219947,20.88867467858321,20.96104491173845,0.9321011859155388,-11.934721963644932,455,428,228,224,0,0,0,353.67075327598684,739.8611874552915,1,0,0,0,0,0,0,0,0,0,0,0,0,0,0,0,0,0,0,0,clean,none
157,normal,0,data/images/normal/157.PNG,data/masks_liver/normal/157.PNG,data/masks_spleen/normal/157.PNG,636,855,113.20531281032771,86.06488778920385,0.0,255.0,130003,17708,147711,0,0.23907278678877486,0.03256464011180992,0.2716374269005848,176.18658030968516,195.46013101423085,20.26127240869776,30.17192365407912,0.9013939492113796,-19.2735507045457,463,463,189,196,0,0,0,270.016730383145,719.2944431895189,1,0,0,0,0,0,0,0,0,0,0,0,0,0,0,0,0,0,0,0,clean,none
158,normal,0,data/images/normal/158.PNG,data/masks_liver/normal/158.PNG,data/masks_spleen/normal/158.PNG,606,738,93.93069530530289,81.6940575627933,0.0,255.0,95650,20439,116089,0,0.21387301331759193,0.04570152137164936,0.2595745346892413,170.86180867746995,171.61911052399824,23.050296465374362,20.80579836089416,0.9955873047016538,-0.7573018465282928,366,365,192,226,0,0,0,202.25876633559852,585.7897646655903,1,0,0,0,0,0,0,0,0,0,0,0,0,0,0,0,0,0,0,0,clean,none
159,normal,0,data/images/normal/159.PNG,data/masks_liver/normal/159.PNG,data/masks_spleen/normal/159.PNG,593,887,111.51949367954965,96.34357467640349,0.0,255.0,136497,20410,156907,0,0.25950444019004126,0.038802945297543114,0.2983073854875844,205.9150310995846,216.81656050955414,20.37733284926255,14.571490293556009,0.9497200290694162,-10.901529409969527,426,540,195,208,0,0,0,293.3467035905551,668.2921117099461,1,0,0,0,0,0,0,0,0,0,0,0,0,0,0,0,0,0,0,0,clean,none
16,normal,0,data/images/normal/16.PNG,data/masks_liver/normal/16.PNG,data/masks_spleen/normal/16.PNG,674,814,87.52508038116346,84.92394286714655,0.0,255.0,116226,21784,138010,0,0.21184537653380384,0.03970574296983793,0.2515511195036418,182.25387606903791,177.78704553800955,18.593457301939083,27.656587792794742,1.0251246061960615,4.466830531028364,439,399,164,246,0,0,0,259.1495878719047,644.797557840617,1,0,0,0,0,0,0,0,0,0,0,0,0,0,0,0,0,0,0,0,clean,none
160,normal,0,data/images/normal/160.PNG,data/masks_liver/normal/160.PNG,data/masks_spleen/normal/160.PNG,570,695,96.18324372081283,92.48942295476364,0.0,255.0,78774,19899,98673,0,0.19884892086330935,0.050230973116243846,0.2490798939795532,196.99993652728057,194.6882255389718,16.68697280247733,16.632764783013094,1.011873907474554,2.3117109883087608,321,399,167,217,0,0,0,243.4237057912509,542.637569727122,1,0,0,0,0,0,0,0,0,0,0,0,0,0,0,0,0,0,0,0,clean,none
161,normal,0,data/images/normal/161.PNG,data/masks_liver/normal/161.PNG,data/masks_spleen/normal/161.PNG,720,875,85.72281111111111,88.9035943867924,0.0,255.0,142134,26859,168993,0,0.22560952380952382,0.042633333333333336,0.2682428571428571,190.247104844724,189.2313563423806,19.129239263041676,29.61619057619407,1.0053677546713655,1.0157485023433992,454,479,236,237,0,0,0,273.5265313014479,685.8088908745672,1,0,0,0,0,0,0,0,0,0,0,0,0,0,0,0,0,0,0,0,clean,none
162,normal,0,data/images/normal/162.PNG,data/masks_liver/normal/162.PNG,data/masks_spleen/normal/162.PNG,705,888,80.09205801546227,86.19260093977829,0.0,255.0,118167,11555,129722,0,0.1887531148169446,0.01845728707430835,0.20721040189125295,186.07893066592194,185.45019472090004,23.092005662778455,36.974804111439845,1.0033903169666543,0.6287359450219014,433,519,107,189,0,0,0,313.06957103082925,644.7803548247512,1,0,0,0,0,0,0,0,0,0,0,0,0,0,0,0,0,0,0,0,clean,none
163,normal,0,data/images/normal/163.PNG,data/masks_liver/normal/163.PNG,data/masks_spleen/normal/163.PNG,889,1083,102.72358683696393,92.45687559382607,0.0,255.0,207723,63141,270864,0,0.21575177064085826,0.06558148375497384,0.2813332543958321,195.43687025509934,200.5158613262381,14.551037640603507,16.634527872417546,0.974670372646752,-5.078991071138773,583,542,384,344,0,0,0,320.55107041589036,784.9929047686923,1,0,0,0,0,0,0,0,0,0,0,0,0,0,0,0,0,0,0,0,clean,none
164,normal,0,data/images/normal/164.PNG,data/masks_liver/normal/164.PNG,data/masks_spleen/normal/164.PNG,758,952,78.73899414647126,86.65197015838118,0.0,255.0,117004,24608,141612,0,0.1621416376577016,0.03410123944036718,0.19624287709806879,191.51668319031828,183.20688394018205,21.873694657090507,29.324367905660033,1.0453574561504575,8.309799250136223,454,382,186,223,0,0,0,280.2935711599603,689.737077373212,1,0,0,0,0,0,0,0,0,0,0,0,0,0,0,0,0,0,0,0,clean,none
165,normal,0,data/images/normal/165.PNG,data/masks_liver/normal/165.PNG,data/masks_spleen/normal/165.PNG,830,966,51.162760358202995,69.83492620087797,0.0,228.0,97233,28042,125275,0,0.12127142108807902,0.03497468133403178,0.15624610242211082,158.10067569652279,161.23678767562942,18.28377637179411,26.887651179639793,0.9805496437576926,-3.13611197910663,462,473,220,217,0,0,0,353.650694722985,680.9498965836959,1,0,0,0,0,0,0,0,0,0,0,0,0,0,0,0,0,0,0,0,clean,none
166,normal,0,data/images/normal/166.PNG,data/masks_liver/normal/166.PNG,data/masks_spleen/normal/166.PNG,661,876,85.47623636526917,94.0566269064497,0.0,255.0,97294,15294,112588,0,0.16802754923700772,0.02641286552131474,0.19444041475832247,211.61473472156555,188.4262455865045,20.465139850629793,25.259656286552325,1.1230640027869763,23.188489135061047,396,379,142,165,0,0,0,274.8356630419142,689.0396233817183,1,0,0,0,0,0,0,0,0,0,0,0,0,0,0,0,0,0,0,0,clean,none
167,normal,0,data/images/normal/167.PNG,data/masks_liver/normal/167.PNG,data/masks_spleen/normal/167.PNG,662,809,100.9429977705496,87.78114629810305,0.0,255.0,135215,29590,164805,0,0.25247498870337104,0.055250785162391375,0.30772577386576244,186.6094368228377,180.72419736397433,14.421280595472169,16.592406328674866,1.0325647506650473,5.885239458863367,455,472,289,249,0,0,0,292.49498206559923,645.7479215951334,1,0,0,0,0,0,0,0,0,0,0,0,0,0,0,0,0,0,0,0,clean,none
168,normal,0,data/images/normal/168.PNG,data/masks_liver/normal/168.PNG,data/masks_spleen/normal/168.PNG,607,739,102.11955467671929,89.98547984172224,0.0,255.0,100355,17724,118079,0,0.22372055384519354,0.03951196349312152,0.26323251733831504,183.8581834487569,200.99734822839088,16.936619569023076,21.324561035859084,0.9147293939674849,-17.139164779633973,380,466,146,196,0,0,0,231.48100244133326,540.0709207853757,1,0,0,0,0,0,0,0,0,0,0,0,0,0,0,0,0,0,0,0,clean,none
169,normal,0,data/images/normal/169.PNG,data/masks_liver/normal/169.PNG,data/masks_spleen/normal/169.PNG,722,884,93.8625111242025,94.46351509838865,0.0,255.0,96445,29739,126184,0,0.1511089733144483,0.04659474060239907,0.19770371391684738,195.13004302970606,226.48703722384747,25.860469565652945,11.724802316848312,0.8615505971553663,-31.356994194141407,481,295,286,180,0,0,0,225.43339727305718,693.6674064359931,1,0,0,0,0,0,0,0,0,0,0,0,1,0,0,0,0,0,0,1,watch,high_spleen_mean
17,normal,0,data/images/normal/17.PNG,data/masks_liver/normal/17.PNG,data/masks_spleen/normal/17.PNG,503,690,115.50509983576801,86.80518677715622,0.0,255.0,117048,21103,138151,0,0.3372460886852796,0.06080329616503875,0.3980493848503184,190.41602590390266,183.93048381746672,14.954187729954274,24.08706016340637,1.0352608274418034,6.485542086435942,430,438,214,201,0,0,0,246.41324926525868,538.2563142681136,1,0,1,0,0,0,0,0,0,0,0,0,0,0,0,0,0,0,0,1,watch,large_liver
170,normal,0,data/images/normal/170.PNG,data/masks_liver/normal/170.PNG,data/masks_spleen/normal/170.PNG,783,878,47.59290824089347,70.46158636749351,0.0,248.0,67766,13511,81277,0,0.09857245510375665,0.01965310688113296,0.11822556198488961,167.38460289820853,171.0219820886685,13.575589308479913,26.34522332501616,0.9787315050102412,-3.637379190459967,298,430,110,183,0,0,0,351.26523625416877,587.9734290578048,1,0,0,0,0,1,0,0,0,0,0,0,0,0,0,0,0,0,0,1,watch,low_img_mean
171,normal,0,data/images/normal/171.PNG,data/masks_liver/normal/171.PNG,data/masks_spleen/normal/171.PNG,747,893,91.90372539055063,100.43750805231647,0.0,255.0,117208,14157,131365,0,0.17570543465388241,0.02122262847582941,0.19692806312971184,213.2276636407071,241.97485342939888,23.8720687348903,22.556378547278047,0.8811976109811883,-28.74718978869177,444,442,136,200,0,0,0,250.4274793529452,632.865084410539,1,0,0,0,0,0,0,0,1,0,1,0,1,0,0,0,0,0,0,3,urgent,"high_img_std, high_liver_mean, high_spleen_mean"
172,normal,0,data/images/normal/172.PNG,data/masks_liver/normal/172.PNG,data/masks_spleen/normal/172.PNG,697,889,69.20232298796223,84.77315638246168,0.0,255.0,105288,22446,127734,0,0.16991993647852843,0.03622466847311231,0.20614460495164072,162.88432679887546,162.8219281831952,14.088323341374393,31.967297376072644,1.0003832261169812,0.06239861568025162,360,467,182,217,0,0,0,323.6745688017628,665.7542101042502,1,0,0,0,0,0,0,0,0,0,0,0,0,0,0,0,0,0,0,0,clean,none
173,normal,0,data/images/normal/173.PNG,data/masks_liver/normal/173.PNG,data/masks_spleen/normal/173.PNG,719,892,107.83384995353536,101.18719879764275,0.0,255.0,127690,43559,171249,0,0.1990962784634863,0.06791788545376301,0.2670141639172493,200.22080037591041,205.20000459147363,20.585110337206576,15.574482706721632,0.9757348680317477,-4.979204215563215,449,460,341,242,0,0,0,317.5952541310987,744.5106636975137,1,0,0,0,0,0,0,0,1,0,0,0,0,0,0,0,0,0,0,1,watch,high_img_std
174,normal,0,data/images/normal/174.PNG,data/masks_liver/normal/174.PNG,data/masks_spleen/normal/174.PNG,774,888,49.10328497101753,71.25048089444242,0.0,246.0,94533,22413,116946,0,0.13754015643550527,0.03260964452824918,0.17014980096375446,165.1487417092444,155.53344041404543,13.326943904589744,31.55716756488499,1.0618214334343834,9.615301295198975,327,462,213,190,0,0,0,365.0227751155681,598.968723508678,1,0,0,0,0,1,0,0,0,0,0,0,0,0,0,0,0,0,0,1,watch,low_img_mean
175,normal,0,data/images/normal/175.PNG,data/masks_liver/normal/175.PNG,data/masks_spleen/normal/175.PNG,854,945,60.57418187675799,79.40502891330328,0.0,255.0,132463,16228,148691,0,0.16413640137293534,0.020108298328438842,0.18424469970137416,168.8106188143104,175.18542026127682,18.752992042603044,35.90150909555947,0.9636111132931613,-6.374801446966416,485,433,161,182,0,0,0,362.3759087443286,693.604818831649,1,0,0,0,0,0,0,0,0,0,0,0,0,0,0,0,0,0,0,0,clean,none
176,normal,0,data/images/normal/176.PNG,data/masks_liver/normal/176.PNG,data/masks_spleen/normal/176.PNG,722,1018,88.31482212148093,87.1400504381606,0.0,255.0,157191,49150,206341,0,0.21386647002160555,0.06687111222374,0.28073758224534556,183.12725919422869,183.52618514750762,22.52072002594452,22.98353154484626,0.9978263213459997,-0.3989259532789333,444,647,305,275,0,0,0,353.3342685013773,732.2740793489319,1,0,0,0,0,0,0,0,0,0,0,0,0,0,0,0,0,0,0,0,clean,none
177,normal,0,data/images/normal/177.PNG,data/masks_liver/normal/177.PNG,data/masks_spleen/normal/177.PNG,562,713,103.9786127484989,78.9219723562537,0.0,255.0,105634,33552,139186,0,0.26361971120971484,0.08373221264468214,0.347351923854397,169.56282068273472,167.8028135431569,18.499368313487945,15.103789129415631,1.0104885376587363,1.760007139577823,398,401,273,211,0,0,0,231.7463600734612,554.9773485932284,1,0,0,0,1,0,0,0,0,0,0,0,0,0,0,0,0,0,0,1,watch,large_spleen
178,normal,0,data/images/normal/178.PNG,data/masks_liver/normal/178.PNG,data/masks_spleen/normal/178.PNG,559,678,108.16536852048274,97.69819029517919,0.0,255.0,85431,17116,102547,0,0.22541041999778366,0.04516071155297333,0.270571131550757,204.24230080415774,229.21605515307314,17.364908702179886,12.286791234631504,0.8910470943089709,-24.973754348915406,346,392,169,166,0,0,0,233.47692289684073,542.4488198177144,1,0,0,0,0,0,0,0,0,0,0,0,1,0,0,0,0,0,0,1,watch,high_spleen_mean
18,normal,0,data/images/normal/18.PNG,data/masks_liver/normal/18.PNG,data/masks_spleen/normal/18.PNG,776,828,69.28708632152996,82.74467457158113,0.0,255.0,106907,19614,126521,0,0.16638496688082074,0.030526296130285374,0.19691126301110612,182.80387626628752,181.2532374834302,25.810209962490248,21.114268553912254,1.008555090081875,1.5506387828573054,428,370,158,169,0,0,0,263.37874040053504,636.8994085857041,1,0,0,0,0,0,0,0,0,0,0,0,0,0,0,0,0,0,0,0,clean,none
180,normal,0,data/images/normal/180.PNG,data/masks_liver/normal/180.PNG,data/masks_spleen/normal/180.PNG,616,802,112.44776451727823,88.30737336147038,0.0,255.0,181921,21259,203180,0,0.3682372801761829,0.04303162548175017,0.4112689056579331,182.46859351036989,186.7004092384402,23.88796043100026,24.758261046061232,0.9773336506188405,-4.231815728070302,475,635,183,234,0,0,0,335.49744119700307,625.600639729056,1,0,1,0,0,0,0,0,0,0,0,0,0,0,0,0,0,0,0,1,watch,large_liver
182,normal,0,data/images/normal/182.PNG,data/masks_liver/normal/182.PNG,data/masks_spleen/normal/182.PNG,536,660,108.69578245137947,87.90376423380741,0.0,255.0,86321,19119,105440,0,0.24401006331976482,0.05404511533242876,0.29805517865219355,188.7389627089584,204.8612375124222,21.42169939081637,18.433566486290456,0.9213014823080542,-16.122274803463796,332,464,175,182,0,0,0,207.71974374717624,535.6175009153199,1,0,0,0,0,0,0,0,0,0,0,0,0,0,0,0,0,0,0,0,clean,none
183,normal,0,data/images/normal/183.PNG,data/masks_liver/normal/183.PNG,data/masks_spleen/normal/183.PNG,581,710,91.32943686213667,86.54921093335037,0.0,255.0,61279,28696,89975,0,0.1485515502654481,0.06956437419698916,0.21811592446243727,218.71605280765024,106.7338653470867,18.695870890540725,12.469556641005333,2.0491720228367805,111.98218746056354,318,318,206,211,0,0,0,225.00974232608235,518.6726721494285,1,0,0,0,0,0,0,0,0,0,1,1,0,0,1,0,0,0,0,3,urgent,"high_liver_mean, low_spleen_mean, high_mean_ratio"
187,normal,0,data/images/normal/187.PNG,data/masks_liver/normal/187.PNG,data/masks_spleen/normal/187.PNG,685,753,106.2298426731032,89.18865539280442,0.0,255.0,130153,18859,149012,0,0.2523298533360475,0.036562266748092785,0.28889212008414034,175.54359100443324,183.59891828835038,16.36523105103087,24.0333806184453,0.9561254046857113,-8.055327283917137,435,502,175,188,0,0,0,277.093259471545,606.3429662230235,1,0,0,0,0,0,0,0,0,0,0,0,0,0,0,0,0,0,0,0,clean,none
189,normal,0,data/images/normal/189.PNG,data/masks_liver/normal/189.PNG,data/masks_spleen/normal/189.PNG,596,873,107.79194823066338,88.9381421735059,0.0,255.0,119912,36492,156404,0,0.2304634946992935,0.07013538135104593,0.3005988760503394,180.3115201147508,184.63156308231942,20.423455573886198,16.11651182667755,0.9766018124309315,-4.320042967568611,444,495,314,187,0,0,0,272.081409700447,693.309026635975,1,0,0,0,0,0,0,0,0,0,0,0,0,0,0,0,0,0,0,0,clean,none
19,normal,0,data/images/normal/19.PNG,data/masks_liver/normal/19.PNG,data/masks_spleen/normal/19.PNG,478,693,117.13142482807754,89.52964787218187,0.0,255.0,83905,26117,110022,0,0.25329505455028467,0.07884282152064578,0.3321378760709305,194.1934807222454,189.7681203813608,16.29933226649644,12.909823484713499,1.023319824787596,4.425360340884595,351,484,256,156,0,0,0,246.71052976580657,559.009189416855,1,0,0,0,0,0,0,0,0,0,0,0,0,0,0,0,0,0,0,0,clean,none
190,normal,0,data/images/normal/190.PNG,data/masks_liver/normal/190.PNG,data/masks_spleen/normal/190.PNG,832,947,82.28610084477296,70.31760445823829,0.0,255.0,160704,42391,203095,0,0.20396393469255136,0.053802239866785805,0.2577661745593372,145.51222122660295,140.88157863697484,16.925955745001925,18.073080974788105,1.0328690351255316,4.63064258962811,568,563,299,306,0,0,0,257.062394215452,784.3853412280909,1,0,0,0,0,0,0,0,0,0,0,0,0,0,0,0,0,0,0,0,clean,none
191,normal,0,data/images/normal/191.PNG,data/masks_liver/normal/191.PNG,data/masks_spleen/normal/191.PNG,585,761,114.39693161270034,86.66781179680015,0.0,255.0,121393,14999,136392,0,0.27267989712142143,0.03369161135258376,0.3063715084740052,190.07543268557495,202.100473364891,16.82489472159364,25.823096146581268,0.9404996860244627,-12.02504067931605,436,436,180,214,0,0,0,254.6717356025471,587.1956797119808,1,0,0,0,0,0,0,0,0,0,0,0,0,0,0,0,0,0,0,0,clean,none
192,normal,0,data/images/normal/192.PNG,data/masks_liver/normal/192.PNG,data/masks_spleen/normal/192.PNG,567,653,115.47474551047803,81.7331000697854,0.0,255.0,101496,10160,111656,0,0.27412755130978717,0.027440844184080528,0.30156839549386766,172.91813470481594,184.271062992126,18.861575562069977,18.40665290896182,0.9383900595060591,-11.35292828731005,393,520,216,81,0,0,0,229.83988531567746,581.9034448818898,1,0,0,0,0,0,0,0,0,0,0,0,0,0,0,0,0,0,0,0,clean,none
193,normal,0,data/images/normal/193.PNG,data/masks_liver/normal/193.PNG,data/masks_spleen/normal/193.PNG,603,803,115.2449913157335,90.69755398601926,0.0,255.0,133884,14039,147923,0,0.2765004367948551,0.028993678349638275,0.30549411514449337,202.05808012906695,189.40273523755252,15.85547184221151,28.041611919995766,1.066817112270447,12.655344891514432,431,514,131,180,0,0,0,310.63885154312686,625.3980340480091,1,0,0,0,0,0,0,0,0,0,0,0,0,0,0,0,0,0,0,0,clean,none
194,normal,0,data/images/normal/194.PNG,data/masks_liver/normal/194.PNG,data/masks_spleen/normal/194.PNG,722,728,103.30757054579769,82.2326846712597,0.0,255.0,133992,16301,150293,0,0.2549237466134973,0.0310131350643816,0.2859368816778789,164.17583139291898,178.61063738420955,21.112547257813468,28.25600247192386,0.9191828262757796,-14.434805991290574,519,432,166,193,0,0,0,216.31530986924594,571.3088154100975,1,0,0,0,0,0,0,0,0,0,0,0,0,0,0,0,0,0,0,0,clean,none
196,normal,0,data/images/normal/196.PNG,data/masks_liver/normal/196.PNG,data/masks_spleen/normal/196.PNG,676,854,88.99352680736665,79.31610969146617,0.0,255.0,119109,39906,159015,0,0.20631937419453183,0.06912475922564194,0.27544413342017376,170.2505352240385,171.66874655440284,19.604114162088294,20.636511045952467,0.9917386690905116,-1.4182113303643575,429,405,274,249,0,0,0,242.35193814069467,711.050994837869,1,0,0,0,0,0,0,0,0,0,0,0,0,0,0,0,0,0,0,0,clean,none
199,normal,0,data/images/normal/199.PNG,data/masks_liver/normal/199.PNG,data/masks_spleen/normal/199.PNG,607,708,120.0722735691881,82.61382788775624,0.0,255.0,103068,25958,129026,0,0.23982911233351017,0.060401716322750584,0.3002308286562608,187.27376101214733,186.56733954850142,19.129606879076615,15.724246798445623,1.0037864101056972,0.7064214636459099,398,380,240,192,0,0,0,191.0446501338922,608.197087603051,1,0,0,0,0,0,0,0,0,0,0,0,0,0,0,0,0,0,0,0,clean,none
2,normal,0,data/images/normal/2.PNG,data/masks_liver/normal/2.PNG,data/masks_spleen/normal/2.PNG,756,873,67.25424098619975,82.07434635705937,0.0,250.0,127714,25927,153641,0,0.19350957896204174,0.039284047588744035,0.23279362655078578,182.3081416289522,173.40980445095846,19.656425209714627,24.37555606644429,1.0513139159279563,8.898337177993739,418,473,229,218,0,0,0,326.7419546799881,635.6937169745825,1,0,0,0,0,0,0,0,0,0,0,0,0,0,0,0,0,0,0,0,clean,none
20,normal,0,data/images/normal/20.PNG,data/masks_liver/normal/20.PNG,data/masks_spleen/normal/20.PNG,608,896,112.75133084175282,103.46130598459851,0.0,255.0,131272,28975,160247,0,0.240968632518797,0.053187779017857144,0.2941564115366541,211.7947544030715,223.86584987057807,21.25505949165656,15.381283022503633,0.9460788842042498,-12.07109546750658,425,602,215,252,0,0,0,348.7039277225913,648.9949266609145,1,0,0,0,0,0,0,0,1,0,1,0,1,0,0,0,0,0,0,3,urgent,"high_img_std, high_liver_mean, high_spleen_mean"
200,normal,0,data/images/normal/200.PNG,data/masks_liver/normal/200.PNG,data/masks_spleen/normal/200.PNG,680,763,102.99474982653612,86.94482816647188,0.0,255.0,103199,26949,130148,0,0.1989033227970087,0.051940868090355405,0.2508441908873641,187.27835541042063,186.27455564213886,19.078266466926667,16.602062137233805,1.005388813085247,1.003799768281766,400,377,244,194,0,0,0,217.16658107152202,635.2970425618761,1,0,0,0,0,0,0,0,0,0,0,0,0,0,0,0,0,0,0,0,clean,none
201,normal,0,data/images/normal/201.PNG,data/masks_liver/normal/201.PNG,data/masks_spleen/normal/201.PNG,648,698,93.25357945098871,93.46932862635165,0.0,255.0,85042,13691,98733,0,0.18801956206445222,0.03026946478474654,0.21828902684919876,196.21677524046942,208.74844788547222,21.998230949600217,29.72400453236226,0.9399675843729111,-12.5316726450028,351,342,189,189,0,0,0,210.61319112908916,552.3188956248631,1,0,0,0,0,0,0,0,0,0,0,0,0,0,0,0,0,0,0,0,clean,none
202,normal,0,data/images/normal/202.PNG,data/masks_liver/normal/202.PNG,data/masks_spleen/normal/202.PNG,606,793,96.28342676638408,85.07210481727729,0.0,255.0,104530,24500,129030,0,0.21751796869472573,0.05098239962710016,0.2685003683218259,180.65826078637713,187.89232653061225,21.27238724094318,27.374136428378893,0.9614988709794097,-7.234065744235124,408,376,243,219,0,0,0,236.37755668229215,626.8542448979592,1,0,0,0,0,0,0,0,0,0,0,0,0,0,0,0,0,0,0,0,clean,none
204,normal,0,data/images/normal/204.PNG,data/masks_liver/normal/204.PNG,data/masks_spleen/normal/204.PNG,539,654,115.40475339426847,79.45583786494477,0.0,255.0,98825,11923,110748,0,0.2803498380169416,0.03382353775538573,0.3141733757723273,181.32461421705034,171.99664513964606,16.54071852577817,25.154771883349728,1.0542334300509022,9.327969077404276,360,405,121,184,0,0,0,231.1287832026309,504.4102994212866,1,0,0,0,0,0,0,0,0,0,0,0,0,0,0,0,0,0,0,0,clean,none
205,normal,0,data/images/normal/205.PNG,data/masks_liver/normal/205.PNG,data/masks_spleen/normal/205.PNG,642,806,108.56184728245326,86.94458286114397,0.0,255.0,112408,27527,139935,0,0.2172336757805555,0.0531972047648864,0.2704308805454419,191.44173012596968,183.67951465833545,21.438952331495585,16.051462853644217,1.0422595543101978,7.762215467634235,418,395,217,256,0,0,0,244.23445840153727,633.707450866422,1,0,0,0,0,0,0,0,0,0,0,0,0,0,0,0,0,0,0,0,clean,none
208,normal,0,data/images/normal/208.PNG,data/masks_liver/normal/208.PNG,data/masks_spleen/normal/208.PNG,433,513,130.59714850379734,90.15522186297704,0.0,255.0,57367,5218,62585,0,0.2582598400028812,0.023490854413426434,0.2817506944163076,202.58448236791187,228.31008049060944,14.996235055599795,11.544739325242915,0.8873216681684042,-25.725598122697562,277,438,85,104,0,0,0,175.65297122038803,426.6466078957455,1,0,0,0,0,0,1,0,0,0,0,0,1,0,0,0,0,0,0,2,review,"high_img_mean, high_spleen_mean"
209,normal,0,data/images/normal/209.PNG,data/masks_liver/normal/209.PNG,data/masks_spleen/normal/209.PNG,616,785,103.58168996608487,82.85996552974105,0.0,255.0,89917,31920,121837,0,0.185947969228224,0.06601042269832079,0.2519583919265448,180.29327046053584,182.6341478696742,27.982034907934043,24.25938413552117,0.9871826905120095,-2.3408774091383577,410,388,289,209,0,0,0,206.87241567223106,631.9167919799498,1,0,0,0,0,0,0,0,0,0,0,0,0,0,0,0,0,0,0,0,clean,none
21,normal,0,data/images/normal/21.PNG,data/masks_liver/normal/21.PNG,data/masks_spleen/normal/21.PNG,753,852,72.438650717942,77.91208611505954,0.0,255.0,106002,28707,134709,0,0.16522641827057966,0.04474589903297608,0.20997231730355573,153.06402709382843,161.18695788483646,18.955764246553688,27.14592986507418,0.9496055273503136,-8.12293079100803,451,408,247,196,0,0,0,266.00470745834986,653.1240812345421,1,0,0,0,0,0,0,0,0,0,0,0,0,0,0,0,0,0,0,0,clean,none
210,normal,0,data/images/normal/210.PNG,data/masks_liver/normal/210.PNG,data/masks_spleen/normal/210.PNG,693,832,91.50070936008436,83.22164887025129,0.0,255.0,106395,31707,138102,0,0.18452901265401264,0.05499188311688312,0.23952089577089578,170.8785657220734,172.67865140189863,18.06457160580813,22.606691551176226,0.9895755111892138,-1.80008567982523,465,386,213,299,0,0,0,209.6495512007143,619.5265398807834,1,0,0,0,0,0,0,0,0,0,0,0,0,0,0,0,0,0,0,0,clean,none
211,normal,0,data/images/normal/211.PNG,data/masks_liver/normal/211.PNG,data/masks_spleen/normal/211.PNG,636,758,87.23725543884105,79.61994148695563,0.0,255.0,115899,24736,140635,0,0.2404104644795141,0.05131013424934867,0.2917205987288628,168.64785718599816,171.08352199223805,14.65167250001831,23.12110727660932,0.9857632940704033,-2.4356648062398847,421,497,199,225,0,0,0,269.9146325680118,572.0058619016818,1,0,0,0,0,0,0,0,0,0,0,0,0,0,0,0,0,0,0,0,clean,none
213,normal,0,data/images/normal/213.PNG,data/masks_liver/normal/213.PNG,data/masks_spleen/normal/213.PNG,468,624,107.9647881054131,91.91459301682502,0.0,255.0,64076,19649,83725,0,0.2194143107604646,0.06728372233179926,0.2866980330922639,193.97159622947748,195.54638912921777,19.964263716068462,12.517043124639567,0.9919466992016592,-1.574792899740288,300,413,224,198,0,0,0,199.85415756289407,502.02050994961576,1,0,0,0,0,0,0,0,0,0,0,0,0,0,0,0,0,0,0,0,clean,none
214,normal,0,data/images/normal/214.PNG,data/masks_liver/normal/214.PNG,data/masks_spleen/normal/214.PNG,564,677,111.97414542673664,82.00975775212389,0.0,255.0,121754,15939,137693,0,0.31887132426118564,0.04174392658474496,0.3606152508459306,176.33168520130755,196.59589685676642,23.228435272473064,22.68422246647692,0.8969245397468938,-20.264211655458865,426,451,159,187,0,0,0,209.70042873334756,539.9685676642198,1,0,0,0,0,0,0,0,0,0,0,0,0,0,0,0,0,0,0,0,clean,none
216,normal,0,data/images/normal/216.PNG,data/masks_liver/normal/216.PNG,data/masks_spleen/normal/216.PNG,584,695,97.59462649058835,89.97545502167513,0.0,255.0,76229,7893,84122,0,0.1878116684734404,0.019446634473243324,0.20725830294668374,175.9654593396214,178.51932091726846,15.984158310845785,28.610058538618716,0.985694195170478,-2.5538615776470692,353,300,112,148,0,0,0,197.72492096183868,528.0927404028886,1,0,0,0,0,0,0,0,0,0,0,0,0,0,0,0,0,0,0,0,clean,none
219,normal,0,data/images/normal/219.PNG,data/masks_liver/normal/219.PNG,data/masks_spleen/normal/219.PNG,660,749,100.78722134563256,79.19159642924252,0.0,255.0,129249,22410,151659,0,0.26145770117732736,0.0453331715013958,0.3067908726787231,165.07680523640414,192.338911200357,18.862586950701207,17.21293134040405,0.8582600543380725,-27.26210596395285,413,531,206,207,0,0,0,261.97524932494645,597.8526104417671,1,0,0,0,0,0,0,0,0,0,0,0,0,0,0,0,0,0,0,0,clean,none
22,normal,0,data/images/normal/22.PNG,data/masks_liver/normal/22.PNG,data/masks_spleen/normal/22.PNG,554,639,97.3543414518398,92.57472288478169,0.0,255.0,86915,3391,90306,0,0.24551843754060665,0.00957893369038943,0.2550973712309961,200.4904446873382,217.3240931878502,20.822938934618545,16.54856949529099,0.9225412646332654,-16.833648500512,323,496,72,79,0,0,0,225.22739458091237,502.3703922146859,1,0,0,1,0,0,0,0,0,0,0,0,0,0,0,0,0,0,0,1,watch,small_spleen
220,normal,0,data/images/normal/220.PNG,data/masks_liver/normal/220.PNG,data/masks_spleen/normal/220.PNG,661,823,103.53549520866613,76.97604200694786,0.0,255.0,135567,36877,172444,0,0.24920266983821782,0.06778822910903065,0.31699089894724847,162.3914079385101,161.84833364970035,18.507262034500187,25.705772566298663,1.0033554456398033,0.5430742888097484,489,442,265,275,0,0,0,262.3338718124617,650.8768066816715,1,0,0,0,0,0,0,0,0,0,0,0,0,0,0,0,0,0,0,0,clean,none
221,normal,0,data/images/normal/221.PNG,data/masks_liver/normal/221.PNG,data/masks_spleen/normal/221.PNG,628,735,97.705515836908,77.5433794689131,0.0,255.0,110827,18238,129065,0,0.2401035573465055,0.03951211057671476,0.27961566792322023,160.40277188771688,169.06141024235114,13.894503407479434,26.387037633011765,0.9487840584613243,-8.658638354634263,435,352,170,203,0,0,0,213.56977090420204,565.7808421976093,1,0,0,0,0,0,0,0,0,0,0,0,0,0,0,0,0,0,0,0,clean,none
222,normal,0,data/images/normal/222.PNG,data/masks_liver/normal/222.PNG,data/masks_spleen/normal/222.PNG,615,687,89.98468183808475,82.73932104546296,0.0,255.0,99405,12142,111547,0,0.23527532218553626,0.028738121442349794,0.26401344362788604,176.00411448116293,181.15088123867568,19.38379103097302,25.155932062543965,0.9715885029434655,-5.146766757512751,426,330,99,179,0,0,0,170.44478647955333,495.41006423982867,1,0,0,0,0,0,0,0,0,0,0,0,0,0,0,0,0,0,0,0,clean,none
223,normal,0,data/images/normal/223.PNG,data/masks_liver/normal/223.PNG,data/masks_spleen/normal/223.PNG,730,894,108.99743955134687,91.10202821615685,0.0,255.0,145645,39613,185258,0,0.2231696852686096,0.06069841561705127,0.2838681008856609,189.66668955336607,204.88614848660794,21.376040615423673,24.488068048117235,0.9257174778706226,-15.219458933241867,456,447,312,330,0,0,0,261.65760582237635,723.179562264913,1,0,0,0,0,0,0,0,0,0,0,0,0,0,0,0,0,0,0,0,clean,none
224,normal,0,data/images/normal/224.PNG,data/masks_liver/normal/224.PNG,data/masks_spleen/normal/224.PNG,520,682,100.44355966614032,85.8386273315661,0.0,255.0,79031,12617,91648,0,0.22284852244529663,0.035576923076923075,0.25842544552221974,182.20976578810846,175.23238487754617,14.669779160032599,17.113912435613624,1.0398178674314127,6.977380910562289,341,362,141,177,0,0,0,208.80348217787957,519.6006974716652,1,0,0,0,0,0,0,0,0,0,0,0,0,0,0,0,0,0,0,0,clean,none
226,normal,0,data/images/normal/226.PNG,data/masks_liver/normal/226.PNG,data/masks_spleen/normal/226.PNG,707,866,105.87264275751231,88.645170253227,0.0,255.0,143205,22665,165870,0,0.23389496653393482,0.03701846595085111,0.27091343248478594,184.6942704514507,200.36399735274654,23.418665915537144,23.678194967380758,0.9217936953239033,-15.669726901295832,497,415,199,239,0,0,0,258.9120910582731,694.1370836090889,1,0,0,0,0,0,0,0,0,0,0,0,0,0,0,0,0,0,0,0,clean,none
227,normal,0,data/images/normal/227.PNG,data/masks_liver/normal/227.PNG,data/masks_spleen/normal/227.PNG,584,752,82.39964432745555,80.46885178674867,0.0,255.0,104074,18867,122941,0,0.236979925677645,0.04296078038472748,0.2799407060623725,168.52130215039298,171.3695871097684,15.815616484463712,26.60973131908086,0.9833792798897844,-2.8482849593754054,350,537,177,200,0,0,0,272.1328573899341,568.9584459638522,1,0,0,0,0,0,0,0,0,0,0,0,0,0,0,0,0,0,0,0,clean,none
228,normal,0,data/images/normal/228.PNG,data/masks_liver/normal/228.PNG,data/masks_spleen/normal/228.PNG,504,676,99.44249847374847,84.44710243102875,0.0,255.0,84409,21094,105503,0,0.247748778998779,0.061912980182210954,0.3096617591809899,177.8922626734116,182.54257134730256,15.882876948174003,19.83063453672718,0.9745247937832094,-4.650308673890947,333,451,217,148,0,0,0,242.32199173073963,538.1529344837395,1,0,0,0,0,0,0,0,0,0,0,0,0,0,0,0,0,0,0,0,clean,none
229,normal,0,data/images/normal/229.PNG,data/masks_liver/normal/229.PNG,data/masks_spleen/normal/229.PNG,755,797,88.43112665874513,70.71294362315477,0.0,255.0,140909,18504,159413,0,0.2341711883137926,0.030751078132400474,0.2649222664461931,140.79601019097433,167.69201253782967,16.81472113129655,23.362166939568148,0.8396107078719771,-26.89600234685534,511,486,142,216,0,0,0,231.1790446316417,584.6250540423692,1,0,0,0,0,0,0,0,0,0,0,0,0,0,0,0,0,0,0,0,clean,none
23,normal,0,data/images/normal/23.PNG,data/masks_liver/normal/23.PNG,data/masks_spleen/normal/23.PNG,674,862,110.26323435251675,86.77057021068433,0.0,255.0,171495,35430,206925,0,0.2951782136636213,0.060982326657349206,0.3561605403209705,167.7425347677775,180.56754163138584,15.320503129696457,27.314629057826156,0.9289739026365909,-12.825006863608337,530,539,259,274,0,0,0,256.3334441237354,684.5048828676263,1,0,0,0,0,0,0,0,0,0,0,0,0,0,0,0,0,0,0,0,clean,none
230,normal,0,data/images/normal/230.PNG,data/masks_liver/normal/230.PNG,data/masks_spleen/normal/230.PNG,659,722,105.76149752626114,85.64177667072919,0.0,255.0,101169,15220,116389,0,0.21263014976943997,0.03198836481027663,0.2446185145797166,184.9645247061847,192.8617608409987,21.20747410591916,27.767361351528834,0.9590523437127744,-7.897236134813994,443,376,188,158,0,0,0,197.99352568474532,581.6392904073588,1,0,0,0,0,0,0,0,0,0,0,0,0,0,0,0,0,0,0,0,clean,none
231,normal,0,data/images/normal/231.PNG,data/masks_liver/normal/231.PNG,data/masks_spleen/normal/231.PNG,623,712,98.62466634804407,86.16749330796718,0.0,255.0,94727,26808,121535,0,0.2135530326257507,0.06043609212401031,0.27398912474976106,176.69752024238073,196.15674425544614,19.870202302362856,22.837783603414564,0.9007975739619632,-19.45922401306541,377,374,240,237,0,0,0,210.6883676248588,564.9644882124738,1,0,0,0,0,0,0,0,0,0,0,0,0,0,0,0,0,0,0,0,clean,none
235,normal,0,data/images/normal/235.PNG,data/masks_liver/normal/235.PNG,data/masks_spleen/normal/235.PNG,656,777,110.28851390589196,86.19276592624212,0.0,255.0,159714,20762,180476,0,0.3133416517562859,0.04073280597670841,0.35407445773299434,177.90379052556446,198.1301897697717,12.771129243206573,21.43496255065174,0.8979135882036755,-20.226399244207244,461,575,178,218,0,0,0,275.92459020499143,606.6173779019363,1,0,0,0,0,0,0,0,0,0,0,0,0,0,0,0,0,0,0,0,clean,none
236,normal,0,data/images/normal/236.PNG,data/masks_liver/normal/236.PNG,data/masks_spleen/normal/236.PNG,567,710,119.7562386665673,89.22506698136418,0.0,255.0,102393,22716,125109,0,0.254348312094791,0.0564274536105522,0.31077576570534315,178.80856113210865,205.06651699242823,19.052166336030247,16.109373283602324,0.8719539536859493,-26.257955860319584,387,521,248,181,0,0,0,248.84633715195375,604.8965486881493,1,0,0,0,0,0,0,0,0,0,0,0,0,0,0,0,0,0,0,0,clean,none
239,normal,0,data/images/normal/239.PNG,data/masks_liver/normal/239.PNG,data/masks_spleen/normal/239.PNG,619,780,109.79817116109523,91.87780433547687,0.0,255.0,124717,24822,149539,0,0.25830951493310134,0.051410463526780165,0.30971997845988153,197.11417048197117,204.49935541052292,14.11159782652206,16.39639635097132,0.9638865077221743,-7.385184928551752,428,483,203,256,0,0,0,251.35820297152753,595.1152606558697,1,0,0,0,0,0,0,0,0,0,0,0,0,0,0,0,0,0,0,0,clean,none
24,normal,0,data/images/normal/24.PNG,data/masks_liver/normal/24.PNG,data/masks_spleen/normal/24.PNG,612,765,91.3911572472126,88.34593001605428,0.0,255.0,100074,23242,123316,0,0.2137511213635781,0.049643299585629456,0.26339442094920756,175.79774966524772,176.72575509852854,17.291810187905746,16.84790249227001,0.9947488897274066,-0.9280054332808163,382,434,208,191,0,0,0,260.30967084357576,583.4460889768523,1,0,0,0,0,0,0,0,0,0,0,0,0,0,0,0,0,0,0,0,clean,none
241,normal,0,data/images/normal/241.PNG,data/masks_liver/normal/241.PNG,data/masks_spleen/normal/241.PNG,615,722,108.16228182780442,85.53048316493302,0.0,255.0,96262,24597,120859,0,0.21679165822129134,0.05539490574961151,0.27218656397090285,172.34044586648938,178.70467943245112,12.752296439094529,24.636510074062823,0.9643868613258433,-6.36423356596174,433,361,186,237,0,0,0,184.26365544036068,553.0305321787209,1,0,0,0,0,0,0,0,0,0,0,0,0,0,0,0,0,0,0,0,clean,none
243,normal,0,data/images/normal/243.PNG,data/masks_liver/normal/243.PNG,data/masks_spleen/normal/243.PNG,577,615,104.16818982401263,95.68104679376512,0.0,255.0,87547,9210,96757,0,0.24671203731101435,0.025954263008834595,0.27266630031984895,210.85315316344364,198.17339847991315,14.65927073173641,27.606239523963783,1.0639831264781614,12.67975468353049,355,430,127,132,0,0,0,222.84480336276513,505.9439739413681,1,0,0,0,0,0,0,0,0,0,0,0,0,0,0,0,0,0,0,0,clean,none
245,normal,0,data/images/normal/245.PNG,data/masks_liver/normal/245.PNG,data/masks_spleen/normal/245.PNG,779,915,86.88392853384961,84.98270966826705,0.0,255.0,165255,14329,179584,0,0.23184410446347778,0.02010283605855903,0.2519469405220368,179.14875798009137,187.84590690208668,21.34121364808538,20.525257275525686,0.9537006154718652,-8.697148921995307,483,467,110,190,0,0,0,260.77308402166346,732.8116407285924,1,0,0,0,0,0,0,0,0,0,0,0,0,0,0,0,0,0,0,0,clean,none
247,normal,0,data/images/normal/247.PNG,data/masks_liver/normal/247.PNG,data/masks_spleen/normal/247.PNG,632,721,104.18506074544848,86.87553547764396,0.0,255.0,118948,13749,132697,0,0.2610386418300883,0.030173019189241385,0.2912116610193297,177.9723156337223,183.77089242854026,16.750549983061028,26.354733758875142,0.9684467018327212,-5.798576794817961,382,518,139,158,0,0,0,240.15717792648888,569.6480471307004,1,0,0,0,0,0,0,0,0,0,0,0,0,0,0,0,0,0,0,0,clean,none
25,normal,0,data/images/normal/25.PNG,data/masks_liver/normal/25.PNG,data/masks_spleen/normal/25.PNG,708,741,89.45846390204106,92.71156668534708,0.0,255.0,97930,27482,125412,0,0.18666559924365456,0.052383784319555954,0.2390493835632105,171.29007454304096,173.42344079761298,16.418589749872336,24.95534285216609,0.987698507004251,-2.1333662545720244,387,393,217,239,0,0,0,228.91772694781986,556.9049923586348,1,0,0,0,0,0,0,0,0,0,0,0,0,0,0,0,0,0,0,0,clean,none
250,normal,0,data/images/normal/250.PNG,data/masks_liver/normal/250.PNG,data/masks_spleen/normal/250.PNG,565,826,112.76318112665795,84.51691526804497,0.0,255.0,132689,19301,151990,0,0.2843193554607984,0.041357217853393045,0.3256765733141914,183.624535568133,182.18910937257138,17.28826829707423,24.59350867440831,1.007878765051469,1.4354261955616323,391,537,132,241,0,0,0,276.59413365086783,610.1395782601937,1,0,0,0,0,0,0,0,0,0,0,0,0,0,0,0,0,0,0,0,clean,none
251,normal,0,data/images/normal/251.PNG,data/masks_liver/normal/251.PNG,data/masks_spleen/normal/251.PNG,699,791,99.89823461003529,82.83168735698318,0.0,255.0,129146,17877,147023,0,0.2335755070002478,0.03233262616452255,0.26590813316477035,182.04318368358292,213.92990994014656,21.8218463166317,14.733392037191416,0.8509477841764497,-31.886726256563634,480,449,164,181,0,0,0,244.2255276973348,600.3225932762767,1,0,0,0,0,0,0,0,0,0,0,0,0,0,0,0,0,0,0,0,clean,none
252,normal,0,data/images/normal/252.PNG,data/masks_liver/normal/252.PNG,data/masks_spleen/normal/252.PNG,665,655,110.40378580037881,81.8482057955961,0.0,255.0,112505,26057,138562,0,0.2582907650806405,0.059822074269643574,0.3181128393502841,174.95035776187726,174.7965997620601,19.20650706830168,24.23778374259749,1.0008796338095067,0.15375799981714522,446,345,256,225,0,0,0,193.41887916092617,525.3215642629619,1,0,0,0,0,0,0,0,0,0,0,0,0,0,0,0,0,0,0,0,clean,none
253,normal,0,data/images/normal/253.PNG,data/masks_liver/normal/253.PNG,data/masks_spleen/normal/253.PNG,588,779,108.40173386427742,88.31966677578828,0.0,255.0,108531,28083,136614,0,0.2369403473841398,0.06130963296743601,0.2982499803515758,189.64023182316572,191.89064558629775,18.829969956962348,18.88090364177721,0.9882724103380414,-2.2504137631320305,389,495,181,243,0,0,0,251.40716477319845,599.2882882882883,1,0,0,0,0,0,0,0,0,0,0,0,0,0,0,0,0,0,0,0,clean,none
255,normal,0,data/images/normal/255.PNG,data/masks_liver/normal/255.PNG,data/masks_spleen/normal/255.PNG,674,778,83.5149550319239,80.51878136293305,0.0,255.0,83789,31781,115570,0,0.15978923359752237,0.060607736492413786,0.22039697008993614,176.5780353029634,180.9933293477235,15.63914349931932,18.181439942205824,0.975605205803565,-4.415294044760088,375,312,246,215,0,0,0,192.7526405614102,572.0661086812876,1,0,0,0,0,0,0,0,0,0,0,0,0,0,0,0,0,0,0,0,clean,none
257,normal,0,data/images/normal/257.PNG,data/masks_liver/normal/257.PNG,data/masks_spleen/normal/257.PNG,695,816,106.82463147129356,85.37673668071841,0.0,255.0,176611,13642,190253,0,0.3114173367188602,0.024054873748060375,0.3354722104669206,177.12225172837478,187.99032399941356,22.88532670976105,12.848475599406848,0.9421881244629334,-10.868072271038784,539,604,148,136,0,0,0,296.45166495858126,655.9375458143967,1,0,0,0,0,0,0,0,0,0,0,0,0,0,0,0,0,0,0,0,clean,none
258,normal,0,data/images/normal/258.PNG,data/masks_liver/normal/258.PNG,data/masks_spleen/normal/258.PNG,595,784,105.55926942205454,96.44281800097802,0.0,255.0,103434,26169,129603,0,0.22173297890584806,0.056098868118676044,0.27783184702452407,208.66624127462924,220.04707860445566,18.255749397792783,17.072957570610114,0.9482799846728983,-11.38083732982642,369,466,242,220,0,0,0,249.7274010480113,605.5258129848294,1,0,0,0,0,0,0,0,0,0,0,0,0,0,0,0,0,0,0,0,clean,none
259,normal,0,data/images/normal/259.PNG,data/masks_liver/normal/259.PNG,data/masks_spleen/normal/259.PNG,568,608,95.10513864436619,82.09664276900054,0.0,255.0,92867,17147,110014,0,0.2689115780207561,0.04965194125277984,0.31856351927353593,176.173204690579,178.28868023560972,18.22302556953962,18.074999485304442,0.9881345437614456,-2.115475545030705,375,374,163,168,0,0,0,184.79963819225344,468.38245757275325,1,0,0,0,0,0,0,0,0,0,0,0,0,0,0,0,0,0,0,0,clean,none
26,normal,0,data/images/normal/26.PNG,data/masks_liver/normal/26.PNG,data/masks_spleen/normal/26.PNG,659,896,69.1333036391719,75.67696487109593,0.0,255.0,113648,8747,122395,0,0.1924723607197052,0.014813773574680252,0.20728613429438544,159.10064409404478,159.92283068480623,16.696080018929273,27.736912836174085,0.994858847969989,-0.8221865907614472,422,392,79,140,0,0,0,284.72577608052933,631.0368126214702,1,0,0,0,0,0,0,0,0,0,0,0,0,0,0,0,0,0,0,0,clean,none
262,normal,0,data/images/normal/262.PNG,data/masks_liver/normal/262.PNG,data/masks_spleen/normal/262.PNG,795,843,86.05828092243186,88.9288260471777,0.0,255.0,139077,4426,143503,0,0.20752031155576445,0.006604146616232831,0.2141244581719973,171.63817166030327,173.80591956619972,16.456495344415124,20.311927477599376,0.9875277614316321,-2.167747905896448,505,408,63,106,0,0,0,249.09971454661806,588.1269769543605,1,0,0,1,0,0,0,0,0,0,0,0,0,0,0,0,0,0,0,1,watch,small_spleen
263,normal,0,data/images/normal/263.PNG,data/masks_liver/normal/263.PNG,data/masks_spleen/normal/263.PNG,592,724,102.97073549723757,86.44387630585753,0.0,255.0,129985,16899,146884,0,0.3032724540839182,0.039427635508436615,0.34270008959235476,182.65452936877332,187.29001716077875,11.239417300579307,15.499127383042525,0.9752496751427185,-4.635487792005421,401,540,163,177,0,0,0,287.27882447974764,567.1179359725428,1,0,0,0,0,0,0,0,0,0,0,0,0,0,0,0,0,0,0,0,clean,none
264,normal,0,data/images/normal/264.PNG,data/masks_liver/normal/264.PNG,data/masks_spleen/normal/264.PNG,648,790,83.06054852320675,82.55882157257462,0.0,252.0,98861,25302,124163,0,0.19311806532270667,0.04942569151429911,0.24254375683700577,174.78300846643268,171.28507627855507,15.820338031571996,17.72344922164363,1.020421692557543,3.497932187877609,351,432,223,189,0,0,0,253.24839926765864,644.8965694411509,1,0,0,0,0,0,0,0,0,0,0,0,0,0,0,0,0,0,0,0,clean,none
266,normal,0,data/images/normal/266.PNG,data/masks_liver/normal/266.PNG,data/masks_spleen/normal/266.PNG,617,782,117.37345542120731,90.44181493595656,0.0,255.0,143525,9598,153123,0,0.2974648389410024,0.019892475346843692,0.3173573142878461,195.85870057481276,203.36997291102313,16.489421151521984,33.38909329359242,0.9630659669578527,-7.511272336210368,460,448,171,134,0,0,0,215.1755582651106,675.565117732861,1,0,0,0,0,0,0,0,0,0,0,0,0,0,0,0,0,0,0,0,clean,none
267,normal,0,data/images/normal/267.PNG,data/masks_liver/normal/267.PNG,data/masks_spleen/normal/267.PNG,525,780,103.49182905982906,81.23495551009923,0.0,255.0,98288,19626,117914,0,0.24001953601953602,0.047926739926739924,0.2879462759462759,175.34873026208692,161.79695302150208,29.30343051277503,31.20905131888076,1.0837579194400895,13.55177724058484,391,455,203,183,0,0,0,301.01433542243205,620.7629165392847,1,0,0,0,0,0,0,0,0,0,0,0,0,0,0,0,0,0,0,0,clean,none
269,normal,0,data/images/normal/269.PNG,data/masks_liver/normal/269.PNG,data/masks_spleen/normal/269.PNG,673,924,102.30685114786155,79.61386365812938,0.0,255.0,181218,20821,202039,0,0.29141660716697865,0.03348224336337263,0.3248988505303513,166.1481916807381,156.13923442678066,15.504007631131858,9.876737458148433,1.064102762041838,10.008957253957448,550,510,259,149,0,0,0,351.8921133662219,756.6755679362183,1,0,0,0,0,0,0,0,0,0,0,0,0,0,0,0,0,0,0,0,clean,none
27,normal,0,data/images/normal/27.PNG,data/masks_liver/normal/27.PNG,data/masks_spleen/normal/27.PNG,641,728,76.32441154789049,84.29856631471965,0.0,255.0,89921,13114,103035,0,0.19269556496545576,0.02810255267353551,0.22079811763899126,180.83746844452352,180.88157694067408,17.879183784852803,28.521138156048398,0.9997561415780826,-0.044108496150556675,307,433,140,159,0,0,0,260.15066558423507,557.4047582736007,1,0,0,0,0,0,0,0,0,0,0,0,0,0,0,0,0,0,0,0,clean,none
270,normal,0,data/images/normal/270.PNG,data/masks_liver/normal/270.PNG,data/masks_spleen/normal/270.PNG,620,783,113.01404853128992,81.37522746065602,0.0,255.0,139082,22638,161720,0,0.28649528282453757,0.04663206031392906,0.3331273431384666,181.29555226413194,175.18150896722327,16.202946956055857,26.412563621879865,1.0349011850511656,6.114043296908676,423,461,174,277,0,0,0,225.1137602277793,610.1499690785405,1,0,0,0,0,0,0,0,0,0,0,0,0,0,0,0,0,0,0,0,clean,none
272,normal,0,data/images/normal/272.PNG,data/masks_liver/normal/272.PNG,data/masks_spleen/normal/272.PNG,589,654,78.77847697076369,80.65699035216697,0.0,253.0,74588,15911,90499,0,0.1936314595307446,0.04130517177821737,0.23493663130896195,173.5090765270553,160.70856640060336,10.929500074940353,16.855643816003855,1.0796504463545102,12.80051012645194,313,354,163,177,0,0,0,255.60143722850862,524.709509144617,1,0,0,0,0,0,0,0,0,0,0,0,0,0,0,0,0,0,0,0,clean,none
273,normal,0,data/images/normal/273.PNG,data/masks_liver/normal/273.PNG,data/masks_spleen/normal/273.PNG,641,715,104.57914971144301,85.6314660254893,0.0,255.0,92329,25168,117497,0,0.20145314903505232,0.054914196567862714,0.256367345602915,181.5037962070422,188.21249205340115,18.523033869606067,20.587172580152384,0.9643557303900357,-6.70869584635895,414,380,210,216,0,0,0,207.33939498965654,576.5289256198347,1,0,0,0,0,0,0,0,0,0,0,0,0,0,0,0,0,0,0,0,clean,none
274,normal,0,data/images/normal/274.PNG,data/masks_liver/normal/274.PNG,data/masks_spleen/normal/274.PNG,620,704,91.84156433284457,82.27041117131802,0.0,255.0,103718,12760,116478,0,0.23762371700879764,0.029233870967741934,0.2668575879765396,171.75362039376,163.9153605015674,14.557797979575613,25.666712688432465,1.0478189403384115,7.83825989219261,410,341,151,184,0,0,0,191.34206213000635,576.08565830721,1,0,0,0,0,0,0,0,0,0,0,0,0,0,0,0,0,0,0,0,clean,none
275,normal,0,data/images/normal/275.PNG,data/masks_liver/normal/275.PNG,data/masks_spleen/normal/275.PNG,566,683,88.98978990009778,85.71521889558929,0.0,255.0,100648,2776,103424,0,0.2603562541065451,0.0071809570125563275,0.26753721111910145,175.70659128845085,179.89913544668588,19.235830426512713,12.470913679973672,0.9766950234389952,-4.192544158235023,350,512,56,85,0,0,0,253.53611596852397,531.0190922190202,1,0,0,1,0,0,0,0,0,0,0,0,0,0,0,0,0,0,0,1,watch,small_spleen
276,normal,0,data/images/normal/276.PNG,data/masks_liver/normal/276.PNG,data/masks_spleen/normal/276.PNG,677,823,108.6382403247836,87.89720853897003,0.0,255.0,147121,26746,173867,0,0.2640499954233081,0.04800321624779466,0.3120532116711028,186.7818938152949,182.21027443356016,16.400257221285756,21.759747939636902,1.0250897945840693,4.571619381734735,405,669,250,180,0,0,0,282.79757478538073,684.0320795632991,1,0,0,0,0,0,0,0,0,0,0,0,0,0,0,0,0,0,0,0,clean,none
277,normal,0,data/images/normal/277.PNG,data/masks_liver/normal/277.PNG,data/masks_spleen/normal/277.PNG,691,782,99.402145228569,84.4458679817268,0.0,255.0,136074,32694,168768,0,0.2518200761711593,0.06050388443302823,0.31232396060418754,182.98033422990432,195.247935400991,19.17728177472046,20.61648821538465,0.9371691071505511,-12.267601171086682,486,427,241,228,0,0,0,226.66729867572056,629.8446198079158,1,0,0,0,0,0,0,0,0,0,0,0,0,0,0,0,0,0,0,0,clean,none
278,normal,0,data/images/normal/278.PNG,data/masks_liver/normal/278.PNG,data/masks_spleen/normal/278.PNG,566,767,112.39501338333464,92.55143101145468,0.0,255.0,118174,24876,143050,0,0.27221380165022735,0.05730186445284966,0.32951566610307703,196.33169732766936,188.71140858658947,17.33255081983899,22.4186431810141,1.0403806413071348,7.620288741079889,374,515,218,252,0,0,0,266.56904225971874,578.852146647371,1,0,0,0,0,0,0,0,0,0,0,0,0,0,0,0,0,0,0,0,clean,none
279,normal,0,data/images/normal/279.PNG,data/masks_liver/normal/279.PNG,data/masks_spleen/normal/279.PNG,659,708,106.77188301055357,87.21754490563468,0.0,255.0,117388,42714,160102,0,0.2515967524840753,0.09154857128160283,0.3431453237656782,184.25242784611714,190.28112562625836,19.113316238110478,14.544891736475302,0.9683168851949121,-6.028697780141215,418,468,316,247,0,0,0,248.96855726309335,558.4882240014983,1,0,0,0,1,0,0,0,0,0,0,0,0,0,0,0,0,0,0,1,watch,large_spleen
28,normal,0,data/images/normal/28.PNG,data/masks_liver/normal/28.PNG,data/masks_spleen/normal/28.PNG,725,983,80.91775213105554,81.5386577157466,0.0,255.0,126754,46222,172976,0,0.17785666678359702,0.06485705265373418,0.2427137194373312,167.838687536488,167.66061615680846,19.496372637865544,22.58053011379638,1.0010620882989654,0.178071379679551,468,409,381,261,0,0,0,254.31729965129307,711.2796071134958,1,0,0,0,0,0,0,0,0,0,0,0,0,0,0,0,0,0,0,0,clean,none
280,normal,0,data/images/normal/280.PNG,data/masks_liver/normal/280.PNG,data/masks_spleen/normal/280.PNG,628,696,103.75136356980745,89.82911553995045,0.0,255.0,100732,20415,121147,0,0.2304616004099861,0.04670684164287283,0.2771684420528589,193.69413890322838,200.76977712466325,22.825964681872865,22.349090568797433,0.9647574486183801,-7.075638221434872,409,461,216,156,0,0,0,225.6455148314339,593.6205241244184,1,0,0,0,0,0,0,0,0,0,0,0,0,0,0,0,0,0,0,0,clean,none
281,normal,0,data/images/normal/281.PNG,data/masks_liver/normal/281.PNG,data/masks_spleen/normal/281.PNG,825,885,73.09244855332992,66.18997610343006,0.0,255.0,164180,39635,203815,0,0.22486560520458826,0.05428522513268276,0.279150830337271,132.67296869289805,141.56051469660653,18.71312869345969,19.07624586861943,0.9372173309769771,-8.88754600370848,550,599,245,253,0,0,0,300.19058350590814,674.9854421597073,1,0,0,0,0,0,0,1,0,0,0,0,0,0,0,0,0,0,0,1,watch,low_img_std
283,normal,0,data/images/normal/283.PNG,data/masks_liver/normal/283.PNG,data/masks_spleen/normal/283.PNG,492,679,116.91355053462169,91.63339011136893,0.0,255.0,82936,12288,95224,0,0.24826083312379515,0.03678293042135134,0.2850437635451465,211.7131523102151,195.51806640625,15.608084513427851,25.755981918664034,1.0828316539684015,16.195085903965094,343,400,115,169,0,0,0,201.0862713417575,534.367431640625,1,0,0,0,0,0,0,0,0,0,0,0,0,0,0,0,0,0,0,0,clean,none
284,normal,0,data/images/normal/284.PNG,data/masks_liver/normal/284.PNG,data/masks_spleen/normal/284.PNG,746,793,79.56633782865488,79.31438703927935,0.0,255.0,121782,17432,139214,0,0.20585958233740945,0.02946695110365835,0.2353265334410678,153.22252878093641,168.87385268471775,19.154925768828925,31.53130760778814,0.907319430673964,-15.651323903781332,490,426,147,190,0,0,0,252.28489431935753,608.6138136759981,1,0,0,0,0,0,0,0,0,0,0,0,0,0,0,0,0,0,0,0,clean,none
285,normal,0,data/images/normal/285.PNG,data/masks_liver/normal/285.PNG,data/masks_spleen/normal/285.PNG,608,801,114.49174551547408,78.18270263194938,0.0,255.0,131151,22089,153240,0,0.2692994776266509,0.045356544451015175,0.3146560220776661,169.9093335163285,162.56602833989768,16.45228783849245,19.828866214116452,1.0451712095463515,7.3433051764308175,450,438,196,192,0,0,0,251.8593453347668,634.928742813165,1,0,0,0,0,0,0,0,0,0,0,0,0,0,0,0,0,0,0,0,clean,none
286,normal,0,data/images/normal/286.PNG,data/masks_liver/normal/286.PNG,data/masks_spleen/normal/286.PNG,573,722,98.20449304578614,82.99303387226506,0.0,255.0,84133,13763,97896,0,0.20336422483599464,0.03326758616022006,0.2366318109962147,173.61157928517943,181.76029935333867,15.55395971873493,22.54652359113657,0.9551677618692406,-8.148720068159236,352,372,188,109,0,0,0,218.3163324735835,618.9816173799317,1,0,0,0,0,0,0,0,0,0,0,0,0,0,0,0,0,0,0,0,clean,none
287,normal,0,data/images/normal/287.PNG,data/masks_liver/normal/287.PNG,data/masks_spleen/normal/287.PNG,654,767,86.69552727374217,86.84355969831927,0.0,255.0,94216,20360,114576,0,0.18782420088593313,0.040588655112057385,0.2284128559979905,172.4568013925448,169.59990176817288,17.743970778795966,25.87605601786073,1.0168449307914817,2.85689962437192,381,367,211,196,0,0,0,253.72144858622738,588.7286836935167,1,0,0,0,0,0,0,0,0,0,0,0,0,0,0,0,0,0,0,0,clean,none
289,normal,0,data/images/normal/289.PNG,data/masks_liver/normal/289.PNG,data/masks_spleen/normal/289.PNG,467,660,98.29366037246123,79.39374504147673,0.0,255.0,72627,19478,92105,0,0.23563363831029785,0.0631951203685679,0.29882875867886577,180.23617938232337,175.43069103604066,14.782373453826738,18.236101348320396,1.0273925120542504,4.805488346282715,312,402,177,206,0,0,0,216.77330744764345,509.68964986138207,1,0,0,0,0,0,0,0,0,0,0,0,0,0,0,0,0,0,0,0,clean,none
29,normal,0,data/images/normal/29.PNG,data/masks_liver/normal/29.PNG,data/masks_spleen/normal/29.PNG,587,780,102.2776110601494,84.89828848302899,0.0,255.0,113533,18724,132257,0,0.24796444327960512,0.04089459660158127,0.2888590398811864,187.28328327446644,179.27584917752617,15.476668426442675,28.030303968338814,1.044665430893291,8.007434096940273,416,410,149,203,0,0,0,255.30634264927377,615.2194509720146,1,0,0,0,0,0,0,0,0,0,0,0,0,0,0,0,0,0,0,0,clean,none
290,normal,0,data/images/normal/290.PNG,data/masks_liver/normal/290.PNG,data/masks_spleen/normal/290.PNG,524,616,132.29988475265193,84.65626888858273,0.0,255.0,96449,24292,120741,0,0.2988035342520075,0.0752577575096659,0.37406129176167346,197.53394021710957,202.30944343816896,14.208242783502234,14.979357487417497,0.9763950504914817,-4.775503221059381,393,398,259,199,0,0,0,185.9234517724393,507.119257368681,1,0,0,0,0,0,1,0,0,0,0,0,0,0,0,0,0,0,0,1,watch,high_img_mean
291,normal,0,data/images/normal/291.PNG,data/masks_liver/normal/291.PNG,data/masks_spleen/normal/291.PNG,639,864,110.76765997217875,78.67881197725079,0.0,255.0,165219,19932,185151,0,0.2992577377847331,0.03610241697096157,0.33536015475569464,171.59231081171052,165.2478426650612,20.17359504018483,30.58268308336096,1.0383936456048941,6.344468146649319,526,432,223,229,0,0,0,278.3871649144469,689.3082480433474,1,0,0,0,0,0,0,0,0,0,0,0,0,0,0,0,0,0,0,0,clean,none
292,normal,0,data/images/normal/292.PNG,data/masks_liver/normal/292.PNG,data/masks_spleen/normal/292.PNG,575,755,116.34903311258279,92.99701612428176,0.0,255.0,119443,22078,141521,0,0.27513504175064785,0.05085632018427872,0.32599136193492656,195.74519226744138,206.24499501766465,18.800135826484315,23.506240410856588,0.9490906254553494,-10.499802750223267,380,531,197,232,0,0,0,262.88212787689525,588.2289609566084,1,0,0,0,0,0,0,0,0,0,0,0,0,0,0,0,0,0,0,0,clean,none
294,normal,0,data/images/normal/294.PNG,data/masks_liver/normal/294.PNG,data/masks_spleen/normal/294.PNG,726,791,89.02421351777748,77.66481478235578,0.0,255.0,134939,29065,164004,0,0.23497647431678004,0.050612433959175716,0.28558890827595573,165.7065414742958,173.02054016858764,21.30495235359745,27.624096080105165,0.9577275643406684,-7.313998694291854,503,395,280,235,0,0,0,213.58416766094308,633.7662136590401,1,0,0,0,0,0,0,0,0,0,0,0,0,0,0,0,0,0,0,0,clean,none
295,normal,0,data/images/normal/295.PNG,data/masks_liver/normal/295.PNG,data/masks_spleen/normal/295.PNG,599,766,113.80766464560168,86.71369609362615,0.0,255.0,132767,33182,165949,0,0.289357371075378,0.07231809325376934,0.3616754643291474,188.47230109891765,181.94912904586823,17.285498201901444,22.45894071716709,1.035851619908295,6.5231720530494215,430,467,268,243,0,0,0,246.46632822915333,590.5452353685733,1,0,0,0,0,0,0,0,0,0,0,0,0,0,0,0,0,0,0,0,clean,none
296,normal,0,data/images/normal/296.PNG,data/masks_liver/normal/296.PNG,data/masks_spleen/normal/296.PNG,581,672,97.90644209491025,87.57975185332448,0.0,255.0,83187,19462,102649,0,0.21306399065650355,0.04984734857798541,0.26291133923448895,194.00900381069158,202.72854793957455,16.76422751357534,20.51069650678249,0.9569890616072928,-8.719544128882973,375,392,158,196,0,0,0,205.64029235337253,511.62377967320936,1,0,0,0,0,0,0,0,0,0,0,0,0,0,0,0,0,0,0,0,clean,none
297,normal,0,data/images/normal/297.PNG,data/masks_liver/normal/297.PNG,data/masks_spleen/normal/297.PNG,562,763,116.16247207361837,88.5768434648926,0.0,255.0,116649,10072,126721,0,0.2720321077596862,0.023488477306754102,0.2955205850664403,192.5014959408139,200.0441818903892,16.966000602989784,16.99845031908716,0.9622948948547622,-7.542685949575315,409,425,143,167,0,0,0,246.2373788030759,551.3308181096108,1,0,0,0,0,0,0,0,0,0,0,0,0,0,0,0,0,0,0,0,clean,none
298,normal,0,data/images/normal/298.PNG,data/masks_liver/normal/298.PNG,data/masks_spleen/normal/298.PNG,563,623,111.30225032715703,92.06277790542318,0.0,255.0,74034,12165,86199,0,0.21107401589170605,0.03468292140533544,0.24575693729704148,196.5583515681984,199.73136046033704,19.567642233937303,26.7818270982328,0.9841136120590218,-3.173008892138654,370,331,206,111,0,0,0,183.09437555717642,535.432881216605,1,0,0,0,0,0,0,0,0,0,0,0,0,0,0,0,0,0,0,0,clean,none
299,normal,0,data/images/normal/299.PNG,data/masks_liver/normal/299.PNG,data/masks_spleen/normal/299.PNG,619,731,93.54604642322796,82.19482115562874,0.0,255.0,122437,18874,141311,0,0.2705855832959475,0.04171151121905726,0.31229709451500476,173.85457010544198,181.10776729892976,18.12342882629319,28.149641008947242,0.9599509272207699,-7.253197193487779,445,430,206,167,0,0,0,239.76126497709026,553.8842322772067,1,0,0,0,0,0,0,0,0,0,0,0,0,0,0,0,0,0,0,0,clean,none
3,normal,0,data/images/normal/3.PNG,data/masks_liver/normal/3.PNG,data/masks_spleen/normal/3.PNG,755,951,80.09201050131963,94.36857409936769,0.0,255.0,84526,22177,106703,0,0.11772341418235249,0.03088697153919541,0.1486103857215479,194.53317322480657,205.76051765342473,28.013639243291575,27.148569504446648,0.9454348895400625,-11.227344428618153,413,347,180,218,0,0,0,252.545891205073,686.8722550390044,1,0,0,0,0,0,0,0,0,0,0,0,0,0,0,0,0,0,0,0,clean,none
300,normal,0,data/images/normal/300.PNG,data/masks_liver/normal/300.PNG,data/masks_spleen/normal/300.PNG,601,705,117.59372912757696,87.74658593617346,0.0,255.0,102814,21497,124311,0,0.24265467719285824,0.05073577135034989,0.2933904485432081,186.1926877662575,192.67469879518072,18.053236986105574,14.261759508572238,0.9663577416453027,-6.4820110289232105,426,422,203,191,0,0,0,229.2389849631373,587.2709680420523,1,0,0,0,0,0,0,0,0,0,0,0,0,0,0,0,0,0,0,0,clean,none
301,normal,0,data/images/normal/301.PNG,data/masks_liver/normal/301.PNG,data/masks_spleen/normal/301.PNG,616,761,113.28012952881546,76.04289717606224,0.0,255.0,122110,27420,149530,0,0.2604868849941123,0.05849275560182262,0.3189796405959349,172.40067971501105,175.81539022611233,21.38938784162955,22.396947328757552,0.9805778579037504,-3.4147105111012763,466,448,215,222,0,0,0,216.60293178281876,629.6562727935814,1,0,0,0,0,0,0,0,0,0,0,0,0,0,0,0,0,0,0,0,clean,none
302,normal,0,data/images/normal/302.PNG,data/masks_liver/normal/302.PNG,data/masks_spleen/normal/302.PNG,602,743,87.63181499085596,86.825567111548,0.0,255.0,87007,16672,103679,0,0.1945220731254723,0.03727369065877313,0.23179576378424543,192.1900421805142,200.44067898272553,18.587168442800433,24.338584234758155,0.9588375084193369,-8.250636802211318,348,430,169,143,0,0,0,251.96098015102234,594.3770393474089,1,0,0,0,0,0,0,0,0,0,0,0,0,0,0,0,0,0,0,0,clean,none
303,normal,0,data/images/normal/303.PNG,data/masks_liver/normal/303.PNG,data/masks_spleen/normal/303.PNG,659,893,78.26324115910802,86.01060804722131,0.0,255.0,95854,38497,134351,0,0.16288210274823403,0.06541690810502186,0.22829901085325588,167.68685709516558,182.1930540042081,20.35679631068925,16.253814562953032,0.9203800720685678,-14.50619690904253,361,460,295,251,0,0,0,346.0309324597826,699.5029742577344,1,0,0,0,0,0,0,0,0,0,0,0,0,0,0,0,0,0,0,0,clean,none
304,normal,0,data/images/normal/304.PNG,data/masks_liver/normal/304.PNG,data/masks_spleen/normal/304.PNG,532,674,107.54297650654827,86.5082341895574,0.0,255.0,88375,16280,104655,0,0.2464665000780884,0.0454028245688405,0.2918693246469289,186.97712022630836,197.37831695331695,17.387426479244088,18.938853090435888,0.9473032406250993,-10.401196727008596,338,488,145,204,0,0,0,222.24814710042432,502.08617936117935,1,0,0,0,0,0,0,0,0,0,0,0,0,0,0,0,0,0,0,0,clean,none
305,normal,0,data/images/normal/305.PNG,data/masks_liver/normal/305.PNG,data/masks_spleen/normal/305.PNG,665,838,99.40862777468732,89.3622200484513,0.0,255.0,105732,41348,147080,0,0.18973208678019632,0.07419742674107703,0.26392951352127336,183.68380433548973,189.61258101963818,19.188521128995887,22.46300955530547,0.9687321504670274,-5.92877668414846,384,441,287,266,0,0,0,293.76254114175464,689.3246589919706,1,0,0,0,0,0,0,0,0,0,0,0,0,0,0,0,0,0,0,0,clean,none
306,normal,0,data/images/normal/306.PNG,data/masks_liver/normal/306.PNG,data/masks_spleen/normal/306.PNG,700,764,79.25787584143605,80.0240365889373,0.0,255.0,105228,17279,122507,0,0.1967614061331339,0.03230927449513837,0.22907068062827224,163.99882160641656,175.74292493778574,19.270187757708772,34.615791600105766,0.9331745259804842,-11.744103331369189,423,401,164,191,0,0,0,264.50969323754134,577.6351061982754,1,0,0,0,0,0,0,0,0,0,0,0,0,0,0,0,0,0,0,0,clean,none
307,normal,0,data/images/normal/307.PNG,data/masks_liver/normal/307.PNG,data/masks_spleen/normal/307.PNG,644,783,117.98991773954293,82.89849081090254,0.0,255.0,147598,15537,163135,0,0.2927068211925783,0.030811974964898504,0.3235187961574768,185.85593300722232,105.13619102786896,15.413810926584272,7.783068893906036,1.7677635971251136,80.71974197935336,476,538,151,184,0,0,0,266.81210450006097,633.083864323872,1,0,0,0,0,0,0,0,0,0,0,1,0,0,1,0,0,0,0,2,review,"low_spleen_mean, high_mean_ratio"
308,normal,0,data/images/normal/308.PNG,data/masks_liver/normal/308.PNG,data/masks_spleen/normal/308.PNG,540,671,120.27086990119777,94.72304289014522,0.0,255.0,91981,14247,106228,0,0.253852735000276,0.039319423745653254,0.2931721587459292,211.51592176645175,212.47455604688707,18.914406538659925,21.817206308107945,0.9954882349502968,-0.9586342804353194,380,381,132,175,0,0,0,210.50728954892858,525.8397557380501,1,0,0,0,0,0,0,0,0,0,0,0,0,0,0,0,0,0,0,0,clean,none
309,normal,0,data/images/normal/309.PNG,data/masks_liver/normal/309.PNG,data/masks_spleen/normal/309.PNG,639,803,99.65700415304892,86.83308034052422,0.0,255.0,96072,20776,116848,0,0.18723215173147645,0.04048979082743312,0.22772194255890957,191.2473561495545,192.30944358875627,18.734127216692464,28.401339734733593,0.9944771904392268,-1.0620874392017754,406,373,167,267,0,0,0,215.77578274627362,616.1590296495957,1,0,0,0,0,0,0,0,0,0,0,0,0,0,0,0,0,0,0,0,clean,none
31,normal,0,data/images/normal/31.PNG,data/masks_liver/normal/31.PNG,data/masks_spleen/normal/31.PNG,645,787,110.86528175881327,94.0688495497168,0.0,255.0,124203,16229,140432,0,0.24467953074672735,0.03197108044482531,0.27665061119155265,198.194230413114,211.42313143138824,19.501698888943885,27.59574257200474,0.9374292592010133,-13.228901018274229,386,529,145,192,0,0,0,270.65224672511937,627.5617105182082,1,0,0,0,0,0,0,0,0,0,0,0,0,0,0,0,0,0,0,0,clean,none
310,normal,0,data/images/normal/310.PNG,data/masks_liver/normal/310.PNG,data/masks_spleen/normal/310.PNG,593,688,92.20090493744853,87.23116211937452,0.0,255.0,95803,23064,118867,0,0.23482048315620221,0.05653162869132123,0.2913521118475234,175.0973455946056,190.63423517169616,26.284115636027447,25.469172302396924,0.9184989491441761,-15.536889577090562,380,419,192,215,0,0,0,215.87613122762335,510.0972944849116,1,0,0,0,0,0,0,0,0,0,0,0,0,0,0,0,0,0,0,0,clean,none
311,normal,0,data/images/normal/311.PNG,data/masks_liver/normal/311.PNG,data/masks_spleen/normal/311.PNG,677,825,119.52336242782329,98.61486469218352,0.0,255.0,149943,28420,178363,0,0.2684624681079629,0.050884024886979094,0.31934649299494205,212.53859800057356,231.21688951442647,20.33591743487911,15.354106806127529,0.9192174392091502,-18.678291513852912,402,597,208,275,0,0,0,287.3673529274458,647.1087966220971,1,0,0,0,0,0,0,0,1,0,1,0,1,0,0,0,0,0,0,3,urgent,"high_img_std, high_liver_mean, high_spleen_mean"
312,normal,0,data/images/normal/312.PNG,data/masks_liver/normal/312.PNG,data/masks_spleen/normal/312.PNG,662,812,76.58238581399848,79.01911107768814,0.0,255.0,110877,6651,117528,0,0.20626590567469827,0.012372940633696962,0.21863884630839522,164.95056684434104,168.17741692978498,20.249232645202497,26.686879597071766,0.9808128158633571,-3.2268500854439424,400,414,107,169,0,0,0,296.5231653093067,617.226732822132,1,0,0,0,0,0,0,0,0,0,0,0,0,0,0,0,0,0,0,0,clean,none
313,normal,0,data/images/normal/313.PNG,data/masks_liver/normal/313.PNG,data/masks_spleen/normal/313.PNG,576,823,113.1693731436479,105.40193242997934,0.0,255.0,110604,26112,136716,0,0.2333181449979749,0.05508302956662616,0.28840117456460107,205.0073415066363,213.91509650735293,17.27204588685784,16.10816300755051,0.9583584510653324,-8.907755000716634,387,475,213,244,0,0,0,259.2154442877292,661.8184742647059,1,0,0,0,0,0,0,0,1,0,0,0,0,0,0,0,0,0,0,1,watch,high_img_std
314,normal,0,data/images/normal/314.PNG,data/masks_liver/normal/314.PNG,data/masks_spleen/normal/314.PNG,546,670,119.5828221529714,94.83603383630219,0.0,255.0,110892,15633,126525,0,0.3031326882073151,0.04273413154010169,0.3458668197474168,206.3018793059914,203.66398004221838,16.60284328306436,20.47526194621815,1.0129522080943032,2.637899263773022,373,465,151,213,0,0,0,237.5753706308841,551.4209044968976,1,0,0,0,0,0,0,0,0,0,0,0,0,0,0,0,0,0,0,0,clean,none
315,normal,0,data/images/normal/315.PNG,data/masks_liver/normal/315.PNG,data/masks_spleen/normal/315.PNG,579,801,120.59106815961913,88.91929984126695,0.0,255.0,132195,19260,151455,0,0.28503877924614957,0.041528400380353575,0.32656717962650317,192.93279624796702,193.03727933541018,15.61553596872862,14.595041109799523,0.9994587362230674,-0.10448308744315682,435,468,168,208,0,0,0,260.15514202503874,633.8506230529595,1,0,0,0,0,0,0,0,0,0,0,0,0,0,0,0,0,0,0,0,clean,none
316,normal,0,data/images/normal/316.PNG,data/masks_liver/normal/316.PNG,data/masks_spleen/normal/316.PNG,661,793,84.89290749428147,88.46729019375086,0.0,255.0,109405,11949,121354,0,0.20871925871801866,0.022795908984247566,0.23151516770226624,177.58077784379142,171.19625073227886,15.322596099995419,35.49308678192084,1.0372936092169638,6.384527111512568,385,455,138,182,0,0,0,269.7436040400347,556.6628169721315,1,0,0,0,0,0,0,0,0,0,0,0,0,0,0,0,0,0,0,0,clean,none
317,normal,0,data/images/normal/317.PNG,data/masks_liver/normal/317.PNG,data/masks_spleen/normal/317.PNG,627,757,88.20191977481834,76.7756408375674,0.0,248.0,114488,17320,131808,0,0.24121068854434632,0.03649089097187547,0.2777015795162218,161.52032527426456,159.65704387990763,15.8174413160248,25.25084870483509,1.011670517863828,1.8632813943569317,411,438,173,189,0,0,0,238.61580252952274,596.5509237875289,1,0,0,0,0,0,0,0,0,0,0,0,0,0,0,0,0,0,0,0,clean,none
318,normal,0,data/images/normal/318.PNG,data/masks_liver/normal/318.PNG,data/masks_spleen/normal/318.PNG,594,787,102.90463294529368,92.02953115793463,0.0,255.0,109687,10192,119879,0,0.23463564060768635,0.02180209549968127,0.25643773610736764,182.3517098653441,188.6335361067504,17.40110488971045,29.4721755293291,0.966698248160128,-6.281826241406293,411,480,87,201,0,0,0,289.43298658911266,569.8451726844584,1,0,0,0,0,0,0,0,0,0,0,0,0,0,0,0,0,0,0,0,clean,none
319,normal,0,data/images/normal/319.PNG,data/masks_liver/normal/319.PNG,data/masks_spleen/normal/319.PNG,573,753,90.63551958541633,85.06403672862854,0.0,255.0,84156,24861,109017,0,0.19504529873525098,0.05761943499996523,0.2526647337352162,175.4765792100385,184.3523591166888,13.4141398082144,14.443089876641334,0.9518542594136997,-8.875779906650308,370,388,197,200,0,0,0,219.05994819145397,606.9735730662484,1,0,0,0,0,0,0,0,0,0,0,0,0,0,0,0,0,0,0,0,clean,none
32,normal,0,data/images/normal/32.PNG,data/masks_liver/normal/32.PNG,data/masks_spleen/normal/32.PNG,721,853,83.1911975844413,82.35548630638009,0.0,255.0,87311,16320,103631,0,0.14196610478152494,0.026536024441759766,0.16850212922328472,188.46177457594118,181.0720588235294,19.481907246859297,30.655237432382666,1.0408109056671344,7.3897157524117745,435,382,154,169,0,0,0,225.38149832209,669.1170343137255,1,0,0,0,0,0,0,0,0,0,0,0,0,0,0,0,0,0,0,0,clean,none
320,normal,0,data/images/normal/320.PNG,data/masks_liver/normal/320.PNG,data/masks_spleen/normal/320.PNG,605,736,90.85486884656845,90.98870055576995,0.0,255.0,90416,12593,103009,0,0.20305425799496946,0.028281081566654688,0.23133533956162414,188.57284109007256,189.44770904470738,18.29547089624146,24.278493214789663,0.9953820030106019,-0.8748679546348228,356,348,177,165,0,0,0,229.50350601663422,599.1433335980306,1,0,0,0,0,0,0,0,0,0,0,0,0,0,0,0,0,0,0,0,clean,none
321,normal,0,data/images/normal/321.PNG,data/masks_liver/normal/321.PNG,data/masks_spleen/normal/321.PNG,688,761,77.24752658680438,76.10690215131658,0.0,255.0,105430,21760,127190,0,0.20136830363964184,0.0415609815725942,0.24292928521223603,158.84224604002657,167.42049632352942,20.742342473328037,26.151545459125774,0.9487622398652542,-8.578250283502854,440,360,182,234,0,0,0,210.03720952290618,526.7550091911764,1,0,0,0,0,0,0,0,0,0,0,0,0,0,0,0,0,0,0,0,clean,none
322,normal,0,data/images/normal/322.PNG,data/masks_liver/normal/322.PNG,data/masks_spleen/normal/322.PNG,612,750,108.35813071895424,88.60568621199423,0.0,255.0,130449,9603,140052,0,0.28420261437908495,0.02092156862745098,0.30512418300653593,189.56143013744835,209.4350723732167,20.360367510254218,25.022227477162144,0.9051083330233175,-19.873642235768358,421,473,153,141,0,0,0,267.6437688291976,613.4666250130167,1,0,0,0,0,0,0,0,0,0,0,0,0,0,0,0,0,0,0,0,clean,none
323,normal,0,data/images/normal/323.PNG,data/masks_liver/normal/323.PNG,data/masks_spleen/normal/323.PNG,658,697,84.15846899216355,87.74980114823404,0.0,255.0,107124,18655,125779,0,0.2335759420530018,0.040675844806007506,0.2742517868590093,188.2759138941787,204.2969177164299,21.005931275994286,22.18190962462305,0.9215798019720071,-16.021003822251203,431,490,188,178,0,0,0,258.707740562339,534.68978826052,1,0,0,0,0,0,0,0,0,0,0,0,0,0,0,0,0,0,0,0,clean,none
324,normal,0,data/images/normal/324.PNG,data/masks_liver/normal/324.PNG,data/masks_spleen/normal/324.PNG,544,793,96.6678612491655,88.99573946072864,0.0,255.0,98557,23358,121915,0,0.22846274386173132,0.05414564943253468,0.282608393294266,170.8163702223079,185.7730541998459,21.963327664308725,23.535272801862632,0.9194894816072854,-14.956683977537978,380,404,193,252,0,0,0,261.1066996763294,583.8654850586523,1,0,0,0,0,0,0,0,0,0,0,0,0,0,0,0,0,0,0,0,clean,none
325,normal,0,data/images/normal/325.PNG,data/masks_liver/normal/325.PNG,data/masks_spleen/normal/325.PNG,621,720,88.41879808552514,91.88424344040257,0.0,255.0,101915,14527,116442,0,0.22793657183753802,0.03249015924136697,0.260426731078905,193.28758278957955,192.82171129620707,17.934111157007674,32.298702509750974,1.0024160686461328,0.46587149337247524,375,450,155,157,0,0,0,275.47484668596377,561.9390101190886,1,0,0,0,0,0,0,0,0,0,0,0,0,0,0,0,0,0,0,0,clean,none
326,normal,0,data/images/normal/326.PNG,data/masks_liver/normal/326.PNG,data/masks_spleen/normal/326.PNG,565,684,101.94582362987114,90.24856244916316,0.0,255.0,89720,14230,103950,0,0.232158567510221,0.0368214045438079,0.2689799720540289,190.49841729826124,191.31988756148982,16.974449005158178,30.333220694652223,0.9957062944714995,-0.8214702632285764,353,499,133,189,0,0,0,248.89119482835488,522.9485593815882,1,0,0,0,0,0,0,0,0,0,0,0,0,0,0,0,0,0,0,0,clean,none
327,normal,0,data/images/normal/327.PNG,data/masks_liver/normal/327.PNG,data/masks_spleen/normal/327.PNG,739,940,76.29654939106901,86.80003540113333,0.0,255.0,112434,15583,128017,0,0.16185472029482048,0.022432556934327583,0.18428727722914806,178.67760641798745,188.84579349290894,18.195935554490212,32.70872234348937,0.9461561317675873,-10.16818707492149,343,504,124,230,0,0,0,329.63458562356584,637.4723095681192,1,0,0,0,0,0,0,0,0,0,0,0,0,0,0,0,0,0,0,0,clean,none
328,normal,0,data/images/normal/328.PNG,data/masks_liver/normal/328.PNG,data/masks_spleen/normal/328.PNG,496,619,99.73622583250821,86.64807197864,0.0,255.0,73419,11754,85173,0,0.23913114284225337,0.03828365209234457,0.2774147949345979,179.68817336111906,184.70835460268844,14.518644412467063,15.67037046239244,0.97282103332473,-5.020181241569389,354,374,150,135,0,0,0,199.6143913700813,487.3095116556066,1,0,0,0,0,0,0,0,0,0,0,0,0,0,0,0,0,0,0,0,clean,none
329,normal,0,data/images/normal/329.PNG,data/masks_liver/normal/329.PNG,data/masks_spleen/normal/329.PNG,594,749,120.90724332780408,85.22665749731915,0.0,255.0,128289,20836,149125,0,0.2883507976965921,0.04683236458937393,0.335183162285966,178.98040361995183,180.66730658475714,13.205841155278666,15.31812737773164,0.9906629263071631,-1.6869029648053129,433,480,152,238,0,0,0,249.0745426342087,587.0181416778653,1,0,0,0,0,0,0,0,0,0,0,0,0,0,0,0,0,0,0,0,clean,none
33,normal,0,data/images/normal/33.PNG,data/masks_liver/normal/33.PNG,data/masks_spleen/normal/33.PNG,616,827,85.42480056219476,81.7318453654261,0.0,254.0,100316,24513,124829,0,0.19691735108905606,0.048118296455660424,0.24503564754471646,178.3571912755692,176.83979929017255,18.540221503848244,24.84353508953203,1.008580596578976,1.5173919853966424,404,435,202,228,0,0,0,248.7161868495554,611.7834618365765,1,0,0,0,0,0,0,0,0,0,0,0,0,0,0,0,0,0,0,0,clean,none
330,normal,0,data/images/normal/330.PNG,data/masks_liver/normal/330.PNG,data/masks_spleen/normal/330.PNG,624,781,107.39152631406152,87.38520586898647,0.0,255.0,104009,26160,130169,0,0.21342008930037099,0.05367871565054664,0.26709880495091765,187.50074512782547,180.04308103975535,23.14167285835573,18.407166915935445,1.041421547573949,7.457664088070118,416,468,185,216,0,0,0,244.38635118114777,593.6287844036697,1,0,0,0,0,0,0,0,0,0,0,0,0,0,0,0,0,0,0,0,clean,none
331,normal,0,data/images/normal/331.PNG,data/masks_liver/normal/331.PNG,data/masks_spleen/normal/331.PNG,591,690,79.60945584737242,72.64560089574279,0.0,254.0,83641,17754,101395,0,0.20510802128546557,0.04353711469138527,0.24864513597685084,160.12449635944094,154.02196688070293,17.85811343712323,19.49054795416762,1.0396211564019535,6.102529478738006,330,424,142,197,0,0,0,243.7929723460982,527.9155683226315,1,0,0,0,0,0,0,0,0,0,0,0,0,0,0,0,0,0,0,0,clean,none
332,normal,0,data/images/normal/332.PNG,data/masks_liver/normal/332.PNG,data/masks_spleen/normal/332.PNG,584,706,115.67533179401606,88.60357617287674,0.0,255.0,113203,20805,134008,0,0.2745619736893166,0.05046033994334278,0.3250223136326594,176.93185692958667,193.29776496034606,17.160276186320516,17.57001491143406,0.9153331703061858,-16.365908030759385,417,420,195,224,0,0,0,229.98057471975125,560.1248257630377,1,0,0,0,0,0,0,0,0,0,0,0,0,0,0,0,0,0,0,0,clean,none
333,normal,0,data/images/normal/333.PNG,data/masks_liver/normal/333.PNG,data/masks_spleen/normal/333.PNG,634,822,118.75084237107309,89.09790423410998,0.0,255.0,149668,18259,167927,0,0.28718905186242677,0.03503611258222233,0.3222251644446491,190.31870540128818,197.81477627471384,20.170737355991623,18.30402341862739,0.9621056021360046,-7.496070873425651,472,552,178,209,0,0,0,285.926223374402,641.4553370940358,1,0,0,0,0,0,0,0,0,0,0,0,0,0,0,0,0,0,0,0,clean,none
334,normal,0,data/images/normal/334.PNG,data/masks_liver/normal/334.PNG,data/masks_spleen/normal/334.PNG,599,696,86.81415385796251,83.58780198295358,0.0,255.0,95700,15352,111052,0,0.2295492487479132,0.03682382514919502,0.2663730738971082,178.9566039707419,183.11229807191245,24.242250218925978,25.523944757830503,0.9773052103969351,-4.155694101170553,412,363,153,171,0,0,0,204.36468129571577,531.0767326732673,1,0,0,0,0,0,0,0,0,0,0,0,0,0,0,0,0,0,0,0,clean,none
335,normal,0,data/images/normal/335.PNG,data/masks_liver/normal/335.PNG,data/masks_spleen/normal/335.PNG,529,682,109.17984744080847,84.70010160344411,0.0,255.0,114302,18160,132462,0,0.31682087045218943,0.0503356634828066,0.36715653393499603,178.7965739882067,198.4464757709251,15.877798243862015,20.846813813389275,0.9009813472002272,-19.649901782718416,367,565,165,185,0,0,0,270.91973018844817,542.0340859030837,1,0,0,0,0,0,0,0,0,0,0,0,0,0,0,0,0,0,0,0,clean,none
336,normal,0,data/images/normal/336.PNG,data/masks_liver/normal/336.PNG,data/masks_spleen/normal/336.PNG,592,776,92.48930760657565,86.48479109680056,0.0,255.0,109951,8153,118104,0,0.23934025842853163,0.017747370437447757,0.25708762886597936,184.09447844949113,195.77946768060838,16.71286690872466,29.837158688832293,0.9403155483572184,-11.684989231117243,379,473,114,166,0,0,0,270.0098134623605,597.2286274990801,1,0,0,0,0,0,0,0,0,0,0,0,0,0,0,0,0,0,0,0,clean,none
337,normal,0,data/images/normal/337.PNG,data/masks_liver/normal/337.PNG,data/masks_spleen/normal/337.PNG,582,753,115.19563441537402,89.98372168649836,0.0,255.0,108236,15254,123490,0,0.24697544301602298,0.03480693491783154,0.2817823779338545,196.84751838574965,193.57388226039072,16.499460329648713,17.142390728791415,1.0169115537190279,3.2736361253589337,397,486,185,165,0,0,0,249.10339443438411,645.9212665530353,1,0,0,0,0,0,0,0,0,0,0,0,0,0,0,0,0,0,0,0,clean,none
339,normal,0,data/images/normal/339.PNG,data/masks_liver/normal/339.PNG,data/masks_spleen/normal/339.PNG,782,849,79.8056009928937,84.76393766006555,0.0,255.0,131943,36489,168432,0,0.19873387978635915,0.05496010049433816,0.25369398028069734,174.3526750187581,185.4484913261531,29.800110411179645,20.196130213809035,0.94016765966541,-11.095816307394983,521,358,277,243,0,0,0,258.6362595969472,606.5463016251473,1,0,0,0,0,0,0,0,0,0,0,0,0,0,0,0,0,0,0,0,clean,none
34,normal,0,data/images/normal/34.PNG,data/masks_liver/normal/34.PNG,data/masks_spleen/normal/34.PNG,631,867,100.22725137412101,81.82980366716397,0.0,255.0,113955,20871,134826,0,0.20829791784337487,0.03815002275730839,0.24644794060068326,172.8970646307753,190.3094245603948,18.42163716850034,13.288467954770894,0.9085049998004766,-17.412359929619498,431,420,224,168,0,0,0,249.43812908604275,660.0029706291026,1,0,0,0,0,0,0,0,0,0,0,0,0,0,0,0,0,0,0,0,clean,none
340,normal,0,data/images/normal/340.PNG,data/masks_liver/normal/340.PNG,data/masks_spleen/normal/340.PNG,509,659,104.8035542332104,76.87070484124102,0.0,255.0,101697,15604,117301,0,0.3031830689471158,0.04651925433248567,0.3497023232796015,168.8955131419806,159.44007946680338,12.867244557533846,20.027152445158457,1.059303988354082,9.455433675177204,358,518,156,195,0,0,0,260.7236201657866,519.0265957446809,1,0,0,0,0,0,0,0,0,0,0,0,0,0,0,0,0,0,0,0,clean,none
341,normal,0,data/images/normal/341.PNG,data/masks_liver/normal/341.PNG,data/masks_spleen/normal/341.PNG,650,745,83.32307692307693,86.56080914684007,0.0,255.0,98596,17862,116458,0,0.20360557563242127,0.03688590604026846,0.24049148167268972,182.96528256724412,192.4514612025529,17.805334650269007,24.046619681081722,0.9507087162303569,-9.48617863530879,366,415,159,202,0,0,0,254.25138950870218,550.7983988355168,1,0,0,0,0,0,0,0,0,0,0,0,0,0,0,0,0,0,0,0,clean,none
342,normal,0,data/images/normal/342.PNG,data/masks_liver/normal/342.PNG,data/masks_spleen/normal/342.PNG,713,784,97.15530991498984,90.22344874897408,0.0,255.0,122606,9631,132237,0,0.21933408707101354,0.01722922689412371,0.23656331396513725,195.13080925892697,203.81777593188662,23.38928759697746,21.19239386076116,0.9573787536900537,-8.686966672959642,372,535,138,130,0,0,0,304.18089653034923,690.0369639705119,1,0,0,0,0,0,0,0,0,0,0,0,0,0,0,0,0,0,0,0,clean,none
343,normal,0,data/images/normal/343.PNG,data/masks_liver/normal/343.PNG,data/masks_spleen/normal/343.PNG,695,815,118.87662091185948,85.78837730504515,0.0,255.0,154514,19134,173648,0,0.2727881008076974,0.03378028865251357,0.306568389460211,178.00968844247123,192.2028326539145,25.376973052979938,28.732520607955315,0.9261553800138045,-14.193144211443268,481,480,243,213,0,0,0,247.81865073715002,689.0939688512595,1,0,0,0,0,0,0,0,0,0,0,0,0,0,0,0,0,0,0,0,clean,none
344,normal,0,data/images/normal/344.PNG,data/masks_liver/normal/344.PNG,data/masks_spleen/normal/344.PNG,690,760,96.74940312738367,83.95869327483128,0.0,255.0,121306,26115,147421,0,0.23132341723874905,0.049799771167048056,0.2811231884057971,179.7078874911381,182.15573425234538,18.178829804008785,18.187042355002582,0.9865617859475234,-2.4478467612072734,463,392,212,234,0,0,0,204.4691441478575,598.1702469844917,1,0,0,0,0,0,0,0,0,0,0,0,0,0,0,0,0,0,0,0,clean,none
345,normal,0,data/images/normal/345.PNG,data/masks_liver/normal/345.PNG,data/masks_spleen/normal/345.PNG,631,844,87.87222193013422,93.61185713184071,0.0,255.0,105513,19272,124785,0,0.19812266694707115,0.036187200036052004,0.23430986698312314,200.47521158530228,152.24776878372768,17.56721243818942,41.509792630020485,1.316769446738583,48.2274428015746,387,409,157,198,0,0,0,278.8237657918929,615.8665940224159,1,0,0,0,0,0,0,0,0,0,0,0,0,0,1,0,0,0,0,1,watch,high_mean_ratio
346,normal,0,data/images/normal/346.PNG,data/masks_liver/normal/346.PNG,data/masks_spleen/normal/346.PNG,543,632,96.01540317504721,83.7354715450407,0.0,255.0,85116,5951,91067,0,0.24802433736624938,0.01734095624402639,0.2653652936102758,179.4413623760515,187.784910099143,16.107130076810073,19.858771590796593,0.9555685881562315,-8.34354772309149,328,415,85,148,0,0,0,225.53281404201326,482.5636027558393,1,0,0,0,0,0,0,0,0,0,0,0,0,0,0,0,0,0,0,0,clean,none
347,normal,0,data/images/normal/347.PNG,data/masks_liver/normal/347.PNG,data/masks_spleen/normal/347.PNG,694,769,97.84468582649723,82.35779666352259,0.0,255.0,113661,25944,139605,0,0.2129735462425471,0.048612854749796694,0.2615864009923438,170.21499898821935,171.4990749306198,20.682145173284574,25.248521126277357,0.9925126305466513,-1.2840759424004489,441,353,206,212,0,0,0,237.2705853370989,613.3917668825162,1,0,0,0,0,0,0,0,0,0,0,0,0,0,0,0,0,0,0,0,clean,none
348,normal,0,data/images/normal/348.PNG,data/masks_liver/normal/348.PNG,data/masks_spleen/normal/348.PNG,638,740,88.48286240786241,77.2204753671983,0.0,255.0,92042,30081,122123,0,0.19495467254087945,0.06371473354231975,0.25866940608319916,170.4340844397123,163.88757022705363,15.988162908533354,20.776759604259748,1.039945147540133,6.546514212658678,405,316,229,254,0,0,0,238.677473327394,565.8019347761045,1,0,0,0,0,0,0,0,0,0,0,0,0,0,0,0,0,0,0,0,clean,none
349,normal,0,data/images/normal/349.PNG,data/masks_liver/normal/349.PNG,data/masks_spleen/normal/349.PNG,635,821,100.08151956035947,88.77583023759162,0.0,255.0,116894,10785,127679,0,0.2242205108039936,0.020687274017666183,0.24490778482165979,186.94761921056684,192.97960129809923,22.376504259107513,29.71483930227296,0.9687428981317172,-6.031982087532384,380,461,136,150,0,0,0,265.6627115164166,667.0649049605934,1,0,0,0,0,0,0,0,0,0,0,0,0,0,0,0,0,0,0,0,clean,none
35,normal,0,data/images/normal/35.PNG,data/masks_liver/normal/35.PNG,data/masks_spleen/normal/35.PNG,573,754,124.00170353808194,80.92582711032068,0.0,255.0,143778,23231,167009,0,0.33278709014401375,0.053770235301197566,0.3865573254452113,188.32648944901166,173.79893246093582,16.824271155268434,20.713353056834833,1.083588291934721,14.527556988075844,447,495,203,255,0,0,0,260.49687713001987,600.6387585553786,1,0,0,0,0,0,1,0,0,0,0,0,0,0,0,0,0,0,0,1,watch,high_img_mean
350,normal,0,data/images/normal/350.PNG,data/masks_liver/normal/350.PNG,data/masks_spleen/normal/350.PNG,627,712,117.46862623873268,83.13942682951064,0.0,255.0,114793,11505,126298,0,0.25713895310287976,0.025771463899790334,0.2829104170026701,159.3444025332555,184.10082572794437,26.68484569298316,18.3507878875401,0.8655279031893064,-24.756423194688864,444,449,117,159,0,0,0,231.55261209307187,568.6071273359408,1,0,0,0,0,0,0,0,0,0,0,0,0,0,0,0,0,0,0,0,clean,none
351,normal,0,data/images/normal/351.PNG,data/masks_liver/normal/351.PNG,data/masks_spleen/normal/351.PNG,632,773,115.21941474118591,84.5311523968852,0.0,255.0,127075,30106,157181,0,0.26011389129971996,0.061624936545106195,0.32173882784482616,172.20604367499507,177.9547598485352,17.1189173021065,17.636405384559446,0.9676956258650866,-5.748716173540117,477,439,211,254,0,0,0,243.5229510131812,587.6379459244005,1,0,0,0,0,0,0,0,0,0,0,0,0,0,0,0,0,0,0,0,clean,none
352,normal,0,data/images/normal/352.PNG,data/masks_liver/normal/352.PNG,data/masks_spleen/normal/352.PNG,679,798,93.20258673192555,86.26798241431301,0.0,255.0,114212,21779,135991,0,0.21078469369299538,0.04019437400570646,0.2509790676987018,179.9636115294365,187.6641719087194,19.279913003890222,22.120652832927846,0.9589662679885708,-7.700560379282905,431,411,198,162,0,0,0,255.48557944874443,657.8223977225767,1,0,0,0,0,0,0,0,0,0,0,0,0,0,0,0,0,0,0,0,clean,none
353,normal,0,data/images/normal/353.PNG,data/masks_liver/normal/353.PNG,data/masks_spleen/normal/353.PNG,626,715,84.519703299895,86.01579266770712,0.0,255.0,98501,12591,111092,0,0.2200697066511763,0.02813065528720481,0.2482003619383811,180.47340636135675,211.65785084584226,17.328882992398608,21.740573389120545,0.8526657753892437,-31.18444448448551,414,376,137,138,0,0,0,225.39394523913464,561.362719402748,1,0,0,0,0,0,0,0,0,0,0,0,0,0,0,0,0,0,0,0,clean,none
354,normal,0,data/images/normal/354.PNG,data/masks_liver/normal/354.PNG,data/masks_spleen/normal/354.PNG,679,774,74.43225141091361,78.52615679746987,0.0,255.0,97514,10433,107947,0,0.18554798247917403,0.01985173514782721,0.20539971762700127,166.66017187275673,156.3294354452219,17.044468410412748,30.415926822376765,1.0660831105289295,10.330736427534845,396,366,103,149,0,0,0,254.42990750046147,552.969423943257,1,0,0,0,0,0,0,0,0,0,0,0,0,0,0,0,0,0,0,0,clean,none
355,normal,0,data/images/normal/355.PNG,data/masks_liver/normal/355.PNG,data/masks_spleen/normal/355.PNG,690,776,84.55665620797849,78.33006388327826,0.0,255.0,124053,16041,140094,0,0.23168422232182878,0.029958538771851187,0.26164276109367995,160.71725794620042,160.23296552584003,14.211183709895598,22.12564278869741,1.003022420609571,0.48429242036039,417,424,129,182,0,0,0,252.21211095257672,566.7806869895892,1,0,0,0,0,0,0,0,0,0,0,0,0,0,0,0,0,0,0,0,clean,none
356,normal,0,data/images/normal/356.PNG,data/masks_liver/normal/356.PNG,data/masks_spleen/normal/356.PNG,512,607,96.70486897652388,82.91791556105562,0.0,255.0,76830,14079,90909,0,0.24721349876441515,0.04530155992586491,0.29251505869028005,184.11105037094885,188.62049861495845,15.185779344147791,24.85370695389475,0.9760924753501609,-4.509448244009604,328,417,142,174,0,0,0,221.12185344266564,467.35584913701257,1,0,0,0,0,0,0,0,0,0,0,0,0,0,0,0,0,0,0,0,clean,none
357,normal,0,data/images/normal/357.PNG,data/masks_liver/normal/357.PNG,data/masks_spleen/normal/357.PNG,498,652,92.4023394190258,71.81442631969142,0.0,255.0,78014,9668,87682,0,0.24026781974523861,0.02977554389336487,0.2700433636386035,160.72089624939113,150.64470417873397,9.803678813221099,18.97365658138853,1.0668871239696223,10.076192070657157,338,421,109,167,0,0,0,237.65733073550902,481.42128671907324,1,0,0,0,0,0,0,0,0,0,0,0,0,0,0,0,0,0,0,0,clean,none
358,normal,0,data/images/normal/358.PNG,data/masks_liver/normal/358.PNG,data/masks_spleen/normal/358.PNG,540,694,113.01151937239834,90.81479177032632,0.0,255.0,91943,21781,113724,0,0.24533834987725478,0.05811986337922937,0.30345821325648414,187.70839541890084,179.69519305816996,16.503477756655144,20.461301602345927,1.0445932981275887,8.013202360730872,357,361,205,198,0,0,0,212.23491728570963,532.9669436664983,1,0,0,0,0,0,0,0,0,0,0,0,0,0,0,0,0,0,0,0,clean,none
359,normal,0,data/images/normal/359.PNG,data/masks_liver/normal/359.PNG,data/masks_spleen/normal/359.PNG,569,628,83.89972070791309,80.51828619746739,0.0,255.0,72623,14245,86868,0,0.20323676580882766,0.03986488755555058,0.24310165336437822,172.39773900830315,180.04949104949105,14.8551856007716,26.265103774669267,0.9575019459700301,-7.651752041187905,338,350,166,190,0,0,0,183.80992247635047,478.3628641628642,1,0,0,0,0,0,0,0,0,0,0,0,0,0,0,0,0,0,0,0,clean,none
36,normal,0,data/images/normal/36.PNG,data/masks_liver/normal/36.PNG,data/masks_spleen/normal/36.PNG,728,864,112.00188555657306,78.76322805530722,0.0,255.0,127639,53528,181167,0,0.20292626933251934,0.08510124135124135,0.2880275106837607,175.51745939720618,172.44772829173516,18.003955349080965,19.034279572123985,1.0178009308564329,3.0697311054710212,554,364,319,279,0,0,0,204.51908115858006,676.2474592736512,1,0,0,0,1,0,0,0,0,0,0,0,0,0,0,0,0,0,0,1,watch,large_spleen
360,normal,0,data/images/normal/360.PNG,data/masks_liver/normal/360.PNG,data/masks_spleen/normal/360.PNG,594,815,94.02368056846585,83.69452236151481,0.0,255.0,86597,23819,110416,0,0.1788787672223255,0.049201627729235094,0.2280803949515606,176.2995253877155,191.19803518199757,20.32510598965456,23.754139793167486,0.9220781181031563,-14.898509794282063,384,306,226,208,0,0,0,222.71957458110558,655.6628741760779,1,0,0,0,0,0,0,0,0,0,0,0,0,0,0,0,0,0,0,0,clean,none
37,normal,0,data/images/normal/37.PNG,data/masks_liver/normal/37.PNG,data/masks_spleen/normal/37.PNG,720,866,83.33045451629458,84.94553254294394,0.0,255.0,138862,22175,161037,0,0.22270656915576084,0.035564216063638694,0.25827078521939956,183.70874681338307,187.40694475760992,24.002823764013378,31.96389714434427,0.9802664787621583,-3.698197944226848,461,478,187,185,0,0,0,272.6431709178897,607.4308906426155,1,0,0,0,0,0,0,0,0,0,0,0,0,0,0,0,0,0,0,0,clean,none
38,normal,0,data/images/normal/38.PNG,data/masks_liver/normal/38.PNG,data/masks_spleen/normal/38.PNG,811,988,75.44600058906633,83.45706690087414,0.0,255.0,97658,22448,120106,0,0.12187932127577789,0.028015595281478855,0.14989491655725676,159.4531425996846,168.30795616535994,22.026349439619867,28.540673308837924,0.9473892101430735,-8.854813565675329,426,396,190,247,0,0,0,240.25561653935162,741.4442712045617,1,0,0,0,0,0,0,0,0,0,0,0,0,0,0,0,0,0,0,0,clean,none
39,normal,0,data/images/normal/39.PNG,data/masks_liver/normal/39.PNG,data/masks_spleen/normal/39.PNG,722,839,67.19853637921415,71.94956421351199,0.0,250.0,104104,21598,125702,0,0.17185740840401612,0.03565450229299489,0.20751191069701103,149.24714708368555,143.02949347161774,17.735830732625345,18.757460117489227,1.0434711220579866,6.2176536120678065,421,454,203,184,0,0,0,292.71196111580724,648.2558107232151,1,0,0,0,0,0,0,0,0,0,0,0,0,0,0,0,0,0,0,0,clean,none
4,normal,0,data/images/normal/4.PNG,data/masks_liver/normal/4.PNG,data/masks_spleen/normal/4.PNG,781,994,70.24525256532795,84.91517412614694,0.0,255.0,122212,31214,153426,0,0.1574259899988922,0.04020795708952821,0.19763394708842041,184.16464831604097,198.4662010636253,25.924165845399248,31.37033981482286,0.9279396008041738,-14.301552747584338,411,440,236,227,0,0,0,320.79285176578406,792.7293201768438,1,0,0,0,0,0,0,0,0,0,0,0,0,0,0,0,0,0,0,0,clean,none
4 (2),normal,0,data/images/normal/4 (2).PNG,data/masks_liver/normal/4 (2).PNG,data/masks_spleen/normal/4 (2).PNG,777,951,49.06955761529894,73.37678138196753,0.0,251.0,101153,16937,118090,0,0.13689173626082143,0.022921073394259514,0.15981280965508096,164.50129012486036,175.7633583279211,15.955753923779735,36.626583448549454,0.9359248181980344,-11.26206820306075,348,456,158,188,0,0,0,391.3997311004122,635.6727283462243,1,0,0,0,0,1,0,0,0,0,0,0,0,0,0,0,0,0,0,1,watch,low_img_mean
40,normal,0,data/images/normal/40.PNG,data/masks_liver/normal/40.PNG,data/masks_spleen/normal/40.PNG,764,914,70.2139880509125,80.50583053452543,0.0,255.0,133635,22331,155966,0,0.19137299941572056,0.03197927526435781,0.22335227468007837,170.4162607101433,167.99305897631095,12.870889138769147,24.278342365708777,1.0144244097593915,2.423201733832343,402,543,183,195,0,0,0,315.3647397762562,661.1480453181675,1,0,0,0,0,0,0,0,0,0,0,0,0,0,0,0,0,0,0,0,clean,none
41,normal,0,data/images/normal/41.PNG,data/masks_liver/normal/41.PNG,data/masks_spleen/normal/41.PNG,658,877,87.28379596094727,87.40516386042695,0.0,255.0,104437,16832,121269,0,0.18097929872839502,0.029168240721165344,0.21014753944956036,182.42084701781937,180.1068203422053,17.248364686423425,22.07886122921084,1.0128480734842207,2.314026675614059,339,580,223,137,0,0,0,350.47660311958407,685.9519961977186,1,0,0,0,0,0,0,0,0,0,0,0,0,0,0,0,0,0,0,0,clean,none
42,normal,0,data/images/normal/42.PNG,data/masks_liver/normal/42.PNG,data/masks_spleen/normal/42.PNG,743,923,77.10830299115325,82.91252009009256,0.0,255.0,88996,17647,106643,0,0.129771693625882,0.025732404573418355,0.15550409819930036,160.08907141894016,153.17782059273532,19.341524668637334,35.88269896717846,1.0451191285679742,6.911250826204849,402,394,228,202,0,0,0,232.66071508831857,716.9970533235111,1,0,0,0,0,0,0,0,0,0,0,0,0,0,0,0,0,0,0,0,clean,none
44,normal,0,data/images/normal/44.PNG,data/masks_liver/normal/44.PNG,data/masks_spleen/normal/44.PNG,700,807,83.11257921756064,81.45707411713667,0.0,255.0,111523,18403,129926,0,0.1974207824393698,0.032577447335811645,0.22999822977518145,164.90623458838087,157.47057544965494,16.475227097819904,32.80522250040189,1.047219349203965,7.435659138725924,441,349,189,185,0,0,0,228.48607910475866,620.8469271314459,1,0,0,0,0,0,0,0,0,0,0,0,0,0,0,0,0,0,0,0,clean,none
46,normal,0,data/images/normal/46.PNG,data/masks_liver/normal/46.PNG,data/masks_spleen/normal/46.PNG,527,728,97.90965604604125,88.84732323543726,0.0,255.0,83409,18112,101521,0,0.21740569677002314,0.0472089580248973,0.26461465479492047,177.7582395185172,190.5960136925795,29.166230735780182,24.417641907396256,0.9326440524227703,-12.837774174062304,384,299,184,193,0,0,0,227.74077137958733,555.3390017667845,1,0,0,0,0,0,0,0,0,0,0,0,0,0,0,0,0,0,0,0,clean,none
47,normal,0,data/images/normal/47.PNG,data/masks_liver/normal/47.PNG,data/masks_spleen/normal/47.PNG,638,739,87.16376022838624,89.2151158453892,0.0,255.0,89348,17986,107334,0,0.18950458341993967,0.038147797795037776,0.22765238121497747,185.82969960155796,178.1211497831647,23.464376042564062,23.913921182011997,1.0432769987421497,7.708549818393266,406,323,196,204,0,0,0,222.2312530778529,577.0523740687202,1,0,0,0,0,0,0,0,0,0,0,0,0,0,0,0,0,0,0,0,clean,none
49,normal,0,data/images/normal/49.PNG,data/masks_liver/normal/49.PNG,data/masks_spleen/normal/49.PNG,657,806,89.70550777841984,84.59258995816855,0.0,255.0,117673,29000,146673,0,0.22221655694921272,0.05476430575856117,0.2769808627077739,174.1676170404426,174.25634482758622,18.019715223819404,20.58044295337095,0.9994908146000524,-0.08872778714362539,431,433,191,247,0,0,0,239.99777349094524,592.2046896551724,1,0,0,0,0,0,0,0,0,0,0,0,0,0,0,0,0,0,0,0,clean,none
5,normal,0,data/images/normal/5.PNG,data/masks_liver/normal/5.PNG,data/masks_spleen/normal/5.PNG,800,1072,62.29056319962687,84.45661942597935,0.0,255.0,115660,31362,147022,0,0.13486473880597014,0.036569496268656715,0.17143423507462688,172.54001383365036,173.7271857662139,16.464295393084626,26.921550963886165,0.9931664527892164,-1.1871719325635297,359,491,258,290,0,0,0,369.5333823275117,739.7565525157835,1,0,0,0,0,0,0,0,0,0,0,0,0,0,0,0,0,0,0,0,clean,none
5 (2),normal,0,data/images/normal/5 (2).PNG,data/masks_liver/normal/5 (2).PNG,data/masks_spleen/normal/5 (2).PNG,919,928,63.02546808750141,78.38551861221146,0.0,255.0,151077,9119,160196,0,0.17714743349217665,0.010692610033394619,0.18784004352557127,147.47618102027442,166.23840333369887,19.359907960588437,31.798075959646468,0.8871366493884165,-18.762222313424445,474,546,91,208,0,0,0,309.06613184005505,722.031582410352,1,0,0,0,0,0,0,0,0,0,0,0,0,0,0,0,0,0,0,0,clean,none
50,normal,0,data/images/normal/50.PNG,data/masks_liver/normal/50.PNG,data/masks_spleen/normal/50.PNG,589,774,111.54715213891193,88.20793248138153,0.0,255.0,129089,17717,146806,0,0.28316070245631586,0.03886278587190657,0.3220234883282224,177.95276901982353,180.92955918044817,17.365826535088004,27.780000027487194,0.9835472370702955,-2.976790160624631,427,520,166,174,0,0,0,268.5490475563371,637.4313371338262,1,0,0,0,0,0,0,0,0,0,0,0,0,0,0,0,0,0,0,0,clean,none
51,normal,0,data/images/normal/51.PNG,data/masks_liver/normal/51.PNG,data/masks_spleen/normal/51.PNG,516,755,120.20392730632989,89.832012036621,0.0,255.0,135672,13681,149353,0,0.34825196365316496,0.03511730581652035,0.3833692694696853,184.61650893330975,174.9497843724874,11.674130503343884,16.588323170208945,1.0552542750494998,9.66672456082236,374,593,102,209,0,0,0,320.19084262043754,552.5767122286383,1,0,1,0,0,0,0,0,0,0,0,0,0,0,0,0,0,0,0,1,watch,large_liver
52,normal,0,data/images/normal/52.PNG,data/masks_liver/normal/52.PNG,data/masks_spleen/normal/52.PNG,565,715,120.18572436413145,95.33778200533308,0.0,255.0,98275,25214,123489,0,0.24327000433195123,0.062414753388204715,0.30568475772015596,195.36582040193335,207.58463551994925,18.801238718948273,19.943575606489894,0.9411381481652105,-12.218815118015897,388,380,223,208,0,0,0,207.65428644110912,568.7039343222019,1,0,0,0,0,0,0,0,0,0,0,0,0,0,0,0,0,0,0,0,clean,none
53,normal,0,data/images/normal/53.PNG,data/masks_liver/normal/53.PNG,data/masks_spleen/normal/53.PNG,528,707,94.41932139642536,85.83716061032237,0.0,255.0,94441,10960,105401,0,0.2529922635120655,0.02936007886502936,0.28235234237709483,175.7009561525185,175.5603102189781,16.684324626295545,25.15641966315413,1.0008011203247698,0.14064593354041222,373,368,155,143,0,0,0,216.35426350843383,561.5306569343065,1,0,0,0,0,0,0,0,0,0,0,0,0,0,0,0,0,0,0,0,clean,none
54,normal,0,data/images/normal/54.PNG,data/masks_liver/normal/54.PNG,data/masks_spleen/normal/54.PNG,580,760,106.70501588021779,90.28078578780452,0.0,255.0,101764,11878,113642,0,0.23086206896551725,0.026946460980036297,0.25780852994555353,191.19235682559648,184.26831116349553,17.943348503116518,22.023384326092387,1.037575883670967,6.924045662100951,390,452,139,158,0,0,0,247.68570417829488,593.1377336251894,1,0,0,0,0,0,0,0,0,0,0,0,0,0,0,0,0,0,0,0,clean,none
55,normal,0,data/images/normal/55.PNG,data/masks_liver/normal/55.PNG,data/masks_spleen/normal/55.PNG,806,875,67.51601276143212,75.43264850420258,0.0,255.0,119657,21934,141591,0,0.16966607585962426,0.031101028004253812,0.20076710386387805,159.50964841171015,157.9204887389441,20.313204639240652,31.334011051576514,1.010063030297038,1.5891596727660442,466,341,214,182,0,0,0,253.0775550114076,661.26319868697,1,0,0,0,0,0,0,0,0,0,0,0,0,0,0,0,0,0,0,0,clean,none
56,normal,0,data/images/normal/56.PNG,data/masks_liver/normal/56.PNG,data/masks_spleen/normal/56.PNG,694,880,97.96676381975374,97.72401117828818,0.0,255.0,138897,25186,164083,0,0.22743155619596542,0.041239848048205394,0.2686714042441708,198.68689028560732,192.4423092194076,18.543856230689553,35.69042820450743,1.0324491015467447,6.244581066199714,416,587,170,261,0,0,0,305.31711268061946,615.1775589613277,1,0,0,0,0,0,0,0,0,0,0,0,0,0,0,0,0,0,0,0,clean,none
57,normal,0,data/images/normal/57.PNG,data/masks_liver/normal/57.PNG,data/masks_spleen/normal/57.PNG,710,775,91.81520036347115,93.78507760996156,0.0,255.0,113644,23717,137361,0,0.20653157655611085,0.04310222626079055,0.2496338028169014,190.21357924747457,198.5712779862546,18.264579318046486,27.641012700471997,0.9579108329188002,-8.357698738780016,421,460,233,174,0,0,0,253.7981151666608,577.86929206898,1,0,0,0,0,0,0,0,0,0,0,0,0,0,0,0,0,0,0,0,clean,none
58,normal,0,data/images/normal/58.PNG,data/masks_liver/normal/58.PNG,data/masks_spleen/normal/58.PNG,698,814,90.82485409347873,87.93689922372285,0.0,255.0,117543,15975,133518,0,0.2068792548735242,0.028116485852875538,0.23499574072639975,184.51422032788,190.78460093896715,20.597014819625358,31.880708607797175,0.9671337123260447,-6.270380611087148,447,382,182,153,0,0,0,235.3846932611895,654.7407824726134,1,0,0,0,0,0,0,0,0,0,0,0,0,0,0,0,0,0,0,0,clean,none
59,normal,0,data/images/normal/59.PNG,data/masks_liver/normal/59.PNG,data/masks_spleen/normal/59.PNG,588,749,104.61205189686021,93.18799810693748,0.0,255.0,97471,18602,116073,0,0.22131776609175044,0.042237722859504286,0.26355548895125475,192.58569215458957,214.01376196107947,18.673859607984824,19.273071043324308,0.8998752673192013,-21.4280698064899,383,371,178,202,0,0,0,216.86627817504694,603.8818406622944,1,0,0,0,0,0,0,0,0,0,0,0,0,0,0,0,0,0,0,0,clean,none
6,normal,0,data/images/normal/6.PNG,data/masks_liver/normal/6.PNG,data/masks_spleen/normal/6.PNG,793,917,89.31702148433472,94.8326295000179,0.0,255.0,154152,35056,189208,0,0.21198573670104143,0.048208080244120786,0.2601938169451622,192.9401499818361,196.4153354632588,16.946007156350348,28.004823863407232,0.9823069494266667,-3.475185481422699,492,501,293,257,0,0,0,303.8487791270953,677.3012893655865,1,0,0,0,0,0,0,0,0,0,0,0,0,0,0,0,0,0,0,0,clean,none
6 (2),normal,0,data/images/normal/6 (2).PNG,data/masks_liver/normal/6 (2).PNG,data/masks_spleen/normal/6 (2).PNG,706,989,79.95441069899204,92.47654355733867,0.0,255.0,122907,27852,150759,0,0.17602551580129297,0.039889206197349314,0.21591472199864228,171.1753602317199,195.9657834266839,20.96679815843815,27.741831846941114,0.8734961602226088,-24.790423194964006,412,484,243,258,0,0,0,351.3221866940044,727.372145626885,1,0,0,0,0,0,0,0,0,0,0,0,0,0,0,0,0,0,0,0,clean,none
60,normal,0,data/images/normal/60.PNG,data/masks_liver/normal/60.PNG,data/masks_spleen/normal/60.PNG,606,705,100.80150738478103,81.4829763126032,0.0,255.0,145887,18794,164681,0,0.3414718067551436,0.043990356482456756,0.38546216323760035,172.34658331448313,170.18234542939237,15.25701136535575,17.178729974969464,1.0127171644444841,2.164237885090756,451,525,186,169,0,0,0,244.2577337254176,551.738320740662,1,0,1,0,0,0,0,0,0,0,0,0,0,0,0,0,0,0,0,1,watch,large_liver
61,normal,0,data/images/normal/61.PNG,data/masks_liver/normal/61.PNG,data/masks_spleen/normal/61.PNG,647,727,100.18000548505535,88.5681825457334,0.0,255.0,105819,16665,122484,0,0.22497018298399768,0.03542963077923928,0.26039981376323695,178.83666449314396,222.93873387338735,23.791208702309152,18.73923324801087,0.8021785204563483,-44.10206938024339,418,553,172,144,0,0,0,236.3372456742173,572.0449444944494,1,0,0,0,0,0,0,0,0,0,0,0,1,0,0,0,0,0,0,1,watch,high_spleen_mean
62,normal,0,data/images/normal/62.PNG,data/masks_liver/normal/62.PNG,data/masks_spleen/normal/62.PNG,571,774,111.26181684066668,90.17202209813404,0.0,255.0,120135,33719,153854,0,0.27182693221466486,0.07629527054851862,0.3481222027631835,194.1995754775877,194.8374803523236,20.65234386856782,23.055314718509027,0.9967259591413914,-0.6379048747359093,408,492,229,250,0,0,0,258.3234028384734,600.9754737684984,1,0,0,0,0,0,0,0,0,0,0,0,0,0,0,0,0,0,0,0,clean,none
63,normal,0,data/images/normal/63.PNG,data/masks_liver/normal/63.PNG,data/masks_spleen/normal/63.PNG,620,713,100.58097769533548,81.54435343852843,0.0,255.0,104437,16420,120857,0,0.23625073519431752,0.037144279057141565,0.27339501425145907,171.32794890699657,171.30730816077954,16.319793041998043,29.136838864061744,1.0001204837453705,0.020640746217026162,430,341,187,164,0,0,0,217.5648477072302,566.1084043848965,1,0,0,0,0,0,0,0,0,0,0,0,0,0,0,0,0,0,0,0,clean,none
64,normal,0,data/images/normal/64.PNG,data/masks_liver/normal/64.PNG,data/masks_spleen/normal/64.PNG,642,826,94.54146960542494,93.46224812502246,0.0,255.0,105373,18023,123396,0,0.19870750454466596,0.03398693549968697,0.2326944400443529,191.86087517675307,182.3643677523165,17.95323649155973,33.490613038292686,1.0520743525141938,9.496507424436572,384,405,151,207,0,0,0,293.0959733518074,630.2036841813239,1,0,0,0,0,0,0,0,0,0,0,0,0,0,0,0,0,0,0,0,clean,none
65,normal,0,data/images/normal/65.PNG,data/masks_liver/normal/65.PNG,data/masks_spleen/normal/65.PNG,747,911,65.35347096398768,76.34912612937936,0.0,255.0,115273,29536,144809,0,0.16939033117468041,0.04340229560760422,0.21279262678228464,158.85714781431906,160.9649241603467,20.462526822796917,29.73204734176452,0.9869053624947922,-2.1077763460276344,455,356,226,228,0,0,0,307.51147276465434,622.6979956663055,1,0,0,0,0,0,0,0,0,0,0,0,0,0,0,0,0,0,0,0,clean,none
66,normal,0,data/images/normal/66.PNG,data/masks_liver/normal/66.PNG,data/masks_spleen/normal/66.PNG,639,889,83.32677253371497,81.68681504207795,0.0,255.0,129430,24988,154418,0,0.22784123815508978,0.043987459314064614,0.2718286974691544,168.98036004017615,156.76188570513847,13.294300391310538,22.150515085449534,1.0779428826218458,12.218474335037683,413,496,167,254,0,0,0,292.6520281233099,616.8790619497358,1,0,0,0,0,0,0,0,0,0,0,0,0,0,0,0,0,0,0,0,clean,none
67,normal,0,data/images/normal/67.PNG,data/masks_liver/normal/67.PNG,data/masks_spleen/normal/67.PNG,867,1010,71.58810510808867,84.78992526438273,0.0,255.0,144013,52696,196709,0,0.1644603560702091,0.06017792090627748,0.22463827697648658,171.19222570184635,190.11790268711098,26.123621155708612,26.609126087452434,0.900452941999551,-18.92567698526463,506,552,285,278,0,0,0,349.598987591398,727.9946295734021,1,0,0,0,0,0,0,0,0,0,0,0,0,0,0,0,0,0,0,0,clean,none
68,normal,0,data/images/normal/68.PNG,data/masks_liver/normal/68.PNG,data/masks_spleen/normal/68.PNG,739,1006,64.00090391346104,82.66720496585064,0.0,255.0,113424,24335,137759,0,0.15256767917528657,0.03273323523002714,0.1853009144053137,180.39468719142334,170.88876104376413,16.349189187218666,30.14789916334538,1.0556263913084276,9.50592614765921,389,467,215,230,0,0,0,353.56518020877417,669.7892747072118,1,0,0,0,0,0,0,0,0,0,0,0,0,0,0,0,0,0,0,0,clean,none
69,normal,0,data/images/normal/69.PNG,data/masks_liver/normal/69.PNG,data/masks_spleen/normal/69.PNG,848,938,68.67368095506296,88.52159284091584,0.0,255.0,131387,19434,150821,0,0.16517857142857142,0.02443225248420968,0.1896108239127811,181.70717803131208,185.45631367706082,17.98891551028959,34.70351007790824,0.9797842599629072,-3.749135645748737,460,439,172,185,0,0,0,337.95692115658323,713.519244622826,1,0,0,0,0,0,0,0,0,0,0,0,0,0,0,0,0,0,0,0,clean,none
7,normal,0,data/images/normal/7.PNG,data/masks_liver/normal/7.PNG,data/masks_spleen/normal/7.PNG,735,902,75.64028085735403,87.32053654863486,0.0,255.0,110686,25025,135711,0,0.16695476416730773,0.03774680603948897,0.2047015702067967,178.89840630251342,190.50805194805196,19.9937842867454,30.650182893253817,0.9390595491062823,-11.609645645538535,402,427,192,220,0,0,0,273.75453986954085,656.0492707292707,1,0,0,0,0,0,0,0,0,0,0,0,0,0,0,0,0,0,0,0,clean,none
70,normal,0,data/images/normal/70.PNG,data/masks_liver/normal/70.PNG,data/masks_spleen/normal/70.PNG,692,891,100.73159501242353,84.51330264294879,0.0,255.0,112335,32473,144808,0,0.18219283392693797,0.052667004015751605,0.23485983794268958,159.5968665153336,164.41160348597296,21.691170006514408,21.357382602658223,0.9707153397979877,-4.814736970639359,486,389,277,255,0,0,0,226.81765255708373,702.515874726696,1,0,0,0,0,0,0,0,0,0,0,0,0,0,0,0,0,0,0,0,clean,none
71,normal,0,data/images/normal/71.PNG,data/masks_liver/normal/71.PNG,data/masks_spleen/normal/71.PNG,666,949,95.93784986250739,94.09198994507652,0.0,255.0,132891,31055,163946,0,0.21025925820446367,0.04913501488843955,0.25939427309290325,194.5647184534694,186.47428755433907,18.21622711081631,30.128120781846057,1.0433863025398955,8.090430899130325,382,538,229,237,0,0,0,332.7448359934081,748.2259539526647,1,0,0,0,0,0,0,0,0,0,0,0,0,0,0,0,0,0,0,0,clean,none
72,normal,0,data/images/normal/72.PNG,data/masks_liver/normal/72.PNG,data/masks_spleen/normal/72.PNG,612,802,117.12916238814728,88.25826092605593,0.0,255.0,141034,38391,179425,0,0.2873412873046143,0.07821744657962935,0.36555873388424365,181.9487783087766,175.32406032663906,15.240549832389457,20.984263957562273,1.0377855551143966,6.624717982137554,415,514,255,259,0,0,0,276.90471092077087,633.5747440806439,1,0,0,0,0,0,0,0,0,0,0,0,0,0,0,0,0,0,0,0,clean,none
73,normal,0,data/images/normal/73.PNG,data/masks_liver/normal/73.PNG,data/masks_spleen/normal/73.PNG,647,861,99.14542236391672,88.92427576614719,0.0,255.0,122350,33417,155767,0,0.21963246790781002,0.05998739828422793,0.27961986619203794,185.84718430731508,190.90582637579675,14.450059370647372,26.861862265315732,0.973501892854618,-5.058642068481674,405,488,239,255,0,0,0,296.87334695545565,674.9062153993476,1,0,0,0,0,0,0,0,0,0,0,0,0,0,0,0,0,0,0,0,clean,none
75,normal,0,data/images/normal/75.PNG,data/masks_liver/normal/75.PNG,data/masks_spleen/normal/75.PNG,676,858,95.97024523799672,84.32642091108085,0.0,255.0,122827,24017,146844,0,0.21176776872043143,0.04140804954414422,0.25317581826457564,179.12373500940348,181.60494649623183,26.048246653057312,20.55802457070596,0.9863373078705368,-2.4812114868283572,443,442,232,223,0,0,0,239.9831795940632,675.6751884082108,1,0,0,0,0,0,0,0,0,0,0,0,0,0,0,0,0,0,0,0,clean,none
76,normal,0,data/images/normal/76.PNG,data/masks_liver/normal/76.PNG,data/masks_spleen/normal/76.PNG,830,985,75.9820133325179,87.28902615224673,0.0,255.0,101284,57271,158555,0,0.12388722402299554,0.07005198458809858,0.19393920861109412,186.7994352513724,188.6985385273524,22.649481886682626,25.077906676743098,0.9899357764997183,-1.8991032759800248,419,344,393,226,0,0,0,322.28299632715925,735.3383911578286,1,0,0,0,0,0,0,0,0,0,0,0,0,0,0,0,0,0,0,0,clean,none
77,normal,0,data/images/normal/77.PNG,data/masks_liver/normal/77.PNG,data/masks_spleen/normal/77.PNG,706,862,98.83674405000559,97.09643673607447,0.0,255.0,142764,18223,160987,0,0.2345885121234628,0.02994386859730648,0.2645323807207693,212.50365638396235,213.79262470504307,14.64711959700322,16.19636019488794,0.9939709364772056,-1.2889683210807164,463,508,151,170,0,0,0,331.4547014653554,700.3327114086594,1,0,0,0,0,0,0,0,0,0,1,0,0,0,0,0,0,0,0,1,watch,high_liver_mean
78,normal,0,data/images/normal/78.PNG,data/masks_liver/normal/78.PNG,data/masks_spleen/normal/78.PNG,717,966,80.8125817545501,84.75907364156187,0.0,255.0,144233,25426,169659,0,0.20824201368134423,0.036709778205139314,0.24495179188648353,176.22080245158875,171.50507354676316,11.776157985742888,23.231213664960872,1.0274961421245865,4.715728904825596,444,513,280,237,0,0,0,315.54870937996156,697.2677180838512,1,0,0,0,0,0,0,0,0,0,0,0,0,0,0,0,0,0,0,0,clean,none
79,normal,0,data/images/normal/79.PNG,data/masks_liver/normal/79.PNG,data/masks_spleen/normal/79.PNG,686,812,82.03504287006851,91.61055814105073,0.0,255.0,99826,15808,115634,0,0.17921053009521895,0.028378980022691694,0.20758951011791063,184.48316069961734,213.864245951417,19.54270293294535,21.05404211213006,0.8626180548145849,-29.381085251799647,397,423,196,174,0,0,0,260.6764971049626,610.4522393724696,1,0,0,0,0,0,0,0,0,0,0,0,0,0,0,0,0,0,0,0,clean,none
8,normal,0,data/images/normal/8.PNG,data/masks_liver/normal/8.PNG,data/masks_spleen/normal/8.PNG,795,1127,73.75447031971115,88.70893823466177,0.0,255.0,154933,21784,176717,0,0.17292304944947626,0.02431344974413063,0.1972364991936069,180.5948506773896,208.65359897172237,22.208066487480792,28.64660194290997,0.8655247295127646,-28.058748294332787,484,534,153,246,0,0,0,344.9135755455584,719.0763404333455,1,0,0,0,0,0,0,0,0,0,0,0,0,0,0,0,0,0,0,0,clean,none
80,normal,0,data/images/normal/80.PNG,data/masks_liver/normal/80.PNG,data/masks_spleen/normal/80.PNG,607,858,111.01932581421873,91.42724992719732,0.0,255.0,155356,23925,179281,0,0.2982991747406904,0.04593841084780129,0.34423758558849166,194.9158384613404,203.3973249738767,19.885669989415653,17.53938339439929,0.9583008897883663,-8.481486512536293,439,630,140,241,0,0,0,342.2371649630526,628.9660606060606,1,0,0,0,0,0,0,0,0,0,0,0,0,0,0,0,0,0,0,0,clean,none
81,normal,0,data/images/normal/81.PNG,data/masks_liver/normal/81.PNG,data/masks_spleen/normal/81.PNG,787,939,85.55495383582794,79.31820816436993,0.0,255.0,152017,31236,183253,0,0.2057083084684158,0.04226833001124503,0.24797663847966084,166.6113066301795,171.14118325009605,20.06385913458685,24.580046465991465,0.9735313411569197,-4.529876619916536,528,416,262,216,0,0,0,246.48172243893774,729.2858880778589,1,0,0,0,0,0,0,0,0,0,0,0,0,0,0,0,0,0,0,0,clean,none
82,normal,0,data/images/normal/82.PNG,data/masks_liver/normal/82.PNG,data/masks_spleen/normal/82.PNG,715,782,95.87219072487615,81.34409472610459,0.0,255.0,123265,26289,149554,0,0.2204585695634289,0.04701768819415878,0.26747625775758765,168.10034478562446,185.1140781315379,16.532182920711104,18.134946746399653,0.9080905438109661,-17.013733345913437,428,407,227,224,0,0,0,232.12019632499087,631.910799193579,1,0,0,0,0,0,0,0,0,0,0,0,0,0,0,0,0,0,0,0,clean,none
83,normal,0,data/images/normal/83.PNG,data/masks_liver/normal/83.PNG,data/masks_spleen/normal/83.PNG,767,942,60.487142117661385,78.63823493499743,0.0,255.0,103361,12268,115629,0,0.1430574355652624,0.016979601779342685,0.1600370373446051,176.66265806251874,179.54287577437236,19.616381081210413,30.461211882593684,0.9839580452112666,-2.880217711853618,395,510,124,133,0,0,0,308.59690792465244,684.1134659276165,1,0,0,0,0,0,0,0,0,0,0,0,0,0,0,0,0,0,0,0,clean,none
84,normal,0,data/images/normal/84.PNG,data/masks_liver/normal/84.PNG,data/masks_spleen/normal/84.PNG,657,861,74.31394771221032,81.46167526086091,0.0,255.0,114987,24853,139840,0,0.2032732460397011,0.04393496642076662,0.24720821246046773,170.9106159826763,179.24407516195228,14.980575463610206,20.238329145617463,0.9535077512310841,-8.333459179275991,387,466,219,224,0,0,0,332.7112108325289,652.4897597875508,1,0,0,0,0,0,0,0,0,0,0,0,0,0,0,0,0,0,0,0,clean,none
85,normal,0,data/images/normal/85.PNG,data/masks_liver/normal/85.PNG,data/masks_spleen/normal/85.PNG,739,1033,64.27083117737138,80.49678427458637,0.0,255.0,113100,20076,133176,0,0.14815552269032614,0.02629858774121121,0.17445411043153736,182.1070026525199,170.84035664474996,21.341348320420224,35.93423914443357,1.0659483810681203,11.266646007769936,412,398,200,210,0,0,0,344.52666666666664,716.3633691970512,1,0,0,0,0,0,0,0,0,0,0,0,0,0,0,0,0,0,0,0,clean,none
86,normal,0,data/images/normal/86.PNG,data/masks_liver/normal/86.PNG,data/masks_spleen/normal/86.PNG,700,933,78.39818098300414,85.16515823602954,0.0,255.0,99922,20854,120776,0,0.1529964783340989,0.0319307916092482,0.1849272699433471,178.18872720722163,179.30833413254052,18.729705691387284,24.096662669231858,0.9937559627415463,-1.119606925318891,379,370,229,136,0,0,0,283.52512960108885,738.2835906780474,1,0,0,0,0,0,0,0,0,0,0,0,0,0,0,0,0,0,0,0,clean,none
88,normal,0,data/images/normal/88.PNG,data/masks_liver/normal/88.PNG,data/masks_spleen/normal/88.PNG,696,872,87.3655917167563,84.43299609634346,0.0,255.0,119227,17276,136503,0,0.19644857903617,0.028465411789518086,0.22491399082568808,166.73984919523264,160.8347997221579,20.384783923051366,28.81034594918837,1.0367149923185823,5.90504947307474,439,418,163,209,0,0,0,281.7375510580657,688.4540981708728,1,0,0,0,0,0,0,0,0,0,0,0,0,0,0,0,0,0,0,0,clean,none
89,normal,0,data/images/normal/89.PNG,data/masks_liver/normal/89.PNG,data/masks_spleen/normal/89.PNG,643,917,93.79385921025184,92.54325248756736,0.0,255.0,125812,19625,145437,0,0.2133741272083727,0.03328352817270462,0.2466576553810773,181.2699662989222,215.88596178343948,21.503504869422873,19.192207524932304,0.8396561034436434,-34.61599548451727,432,544,127,224,0,0,0,337.2829698279973,650.9699363057325,1,0,0,0,0,0,0,0,0,0,0,0,0,0,0,0,0,0,0,0,clean,none
9,normal,0,data/images/normal/9.PNG,data/masks_liver/normal/9.PNG,data/masks_spleen/normal/9.PNG,750,865,67.05471445086705,83.72976730366436,0.0,255.0,97300,30906,128206,0,0.14998073217726396,0.047639306358381504,0.19762003853564547,168.18286742034942,171.58114929139973,19.915197200823414,23.21564391433887,0.980194311174165,-3.398281871050301,422,338,258,243,0,0,0,254.77034943473794,630.0556202679091,1,0,0,0,0,0,0,0,0,0,0,0,0,0,0,0,0,0,0,0,clean,none
90,normal,0,data/images/normal/90.PNG,data/masks_liver/normal/90.PNG,data/masks_spleen/normal/90.PNG,657,1082,80.72429713282523,85.95483400384283,0.0,255.0,111696,25241,136937,0,0.15712489133095317,0.03550699561384999,0.19263188694480315,162.24623084085374,157.3684877778218,17.48437433271009,23.020319144306924,1.0309956720110498,4.877743063031943,424,389,219,259,0,0,0,287.3863253831829,726.4074323521255,1,0,0,0,0,0,0,0,0,0,0,0,0,0,0,0,0,0,0,0,clean,none
91,normal,0,data/images/normal/91.PNG,data/masks_liver/normal/91.PNG,data/masks_spleen/normal/91.PNG,866,912,66.21507814715773,75.809159714171,0.0,242.0,115477,28609,144086,0,0.14621191402293263,0.03622346136704348,0.1824353753899761,147.53368203191977,158.49882903981265,18.26499627615125,28.821347578258912,0.9308187448125731,-10.965147007892881,515,380,298,233,0,0,0,215.47876200455502,746.1930860917893,1,0,0,0,0,0,0,0,0,0,0,0,0,0,0,0,0,0,0,0,clean,none
92,normal,0,data/images/normal/92.PNG,data/masks_liver/normal/92.PNG,data/masks_spleen/normal/92.PNG,852,888,70.51526350293956,75.20039821568858,0.0,242.0,159888,38175,198063,0,0.21133104935921837,0.0504575878695597,0.2617886372287781,156.65757905533874,159.10933857236412,14.809223237163769,12.387256714102838,0.9845907190387758,-2.45175951702538,497,592,262,222,0,0,0,328.47652731912336,695.3805893909627,1,0,0,0,0,0,0,0,0,0,0,0,0,0,0,0,0,0,0,0,clean,none
93,normal,0,data/images/normal/93.PNG,data/masks_liver/normal/93.PNG,data/masks_spleen/normal/93.PNG,694,917,58.89306691724361,73.50364843583746,0.0,255.0,95485,17954,113439,0,0.15003975499608735,0.02821190512855163,0.17825166012463897,160.10811122165785,159.29597861200847,20.08048083358627,26.468894615751918,1.0050982555343044,0.8121326096493817,394,392,206,201,0,0,0,264.2123370162853,653.4395120864432,1,0,0,0,0,0,0,0,0,0,0,0,0,0,0,0,0,0,0,0,clean,none
94,normal,0,data/images/normal/94.PNG,data/masks_liver/normal/94.PNG,data/masks_spleen/normal/94.PNG,689,982,59.36484589076527,80.15645413374179,0.0,255.0,105517,17089,122606,0,0.1559522789012087,0.025257242853215647,0.18120952175442434,162.60791152136622,170.93609924512845,17.13930066256763,23.869275298131353,0.9512789357437118,-8.328187723762227,380,430,158,205,0,0,0,331.67453585678135,645.7280706887472,1,0,0,0,0,0,0,0,0,0,0,0,0,0,0,0,0,0,0,0,clean,none
95,normal,0,data/images/normal/95.PNG,data/masks_liver/normal/95.PNG,data/masks_spleen/normal/95.PNG,753,885,75.3938295781094,85.4599242517344,0.0,255.0,112382,15115,127497,0,0.16863919088242135,0.022681402450461807,0.19132059333288315,172.80904415297823,166.6210387032749,19.824759957227805,32.855448107936304,1.0371381937162507,6.188005449703326,415,447,168,157,0,0,0,270.2612251072236,669.0183923255045,1,0,0,0,0,0,0,0,0,0,0,0,0,0,0,0,0,0,0,0,clean,none
97,normal,0,data/images/normal/97.PNG,data/masks_liver/normal/97.PNG,data/masks_spleen/normal/97.PNG,808,897,61.771031325540584,74.92305893865645,0.0,239.0,108189,21657,129846,0,0.14927232689824166,0.029880956323057054,0.17915328322129873,164.1920065810757,161.5245417186129,16.09468801247788,27.305315189853413,1.0165142944692294,2.6674648624627935,413,430,202,201,0,0,0,298.4876188891662,671.7930923027196,1,0,0,0,0,0,0,0,0,0,0,0,0,0,0,0,0,0,0,0,clean,none
98,normal,0,data/images/normal/98.PNG,data/masks_liver/normal/98.PNG,data/masks_spleen/normal/98.PNG,757,978,77.40256447660958,91.21112234863605,0.0,255.0,133749,21716,155465,0,0.1806574223403652,0.029332231145977692,0.20998965348634288,179.14289452631422,178.07694787253638,16.804221850850425,25.789421001478473,1.0059858710547698,1.0659466537778428,418,499,209,219,0,0,0,374.1220270805763,765.0299778964819,1,0,0,0,0,0,0,0,0,0,0,0,0,0,0,0,0,0,0,0,clean,none
99,normal,0,data/images/normal/99.PNG,data/masks_liver/normal/99.PNG,data/masks_spleen/normal/99.PNG,665,1004,62.92020189917024,85.06311867594822,0.0,255.0,92284,20837,113121,0,0.1382200521223377,0.031208998592097775,0.16942905071443548,186.79239088032594,181.11892306953976,19.3734062508222,25.963664670515737,1.0313245390559402,5.673467810786178,364,434,219,146,0,0,0,354.43227428373285,700.6632432691846,1,0,0,0,0,0,0,0,0,0,0,0,0,0,0,0,0,0,0,0,clean,none
10,fatty_liver,1,data/images/fatty_liver/10.PNG,data/masks_liver/fatty_liver/10.PNG,data/masks_spleen/fatty_liver/10.PNG,730,835,58.59584775654171,75.56760744767917,0.0,255.0,104108,9105,113213,0,0.1707948486588467,0.01493724879009105,0.18573209744893773,156.50270872555424,176.33322350356946,23.112263052031174,40.25153068044288,0.8875395386556106,-19.830514778015214,422,374,114,130,0,0,0,288.29722979982324,599.6277869302581,1,0,0,0,0,0,0,0,0,0,0,0,0,0,0,0,0,0,0,0,clean,none
1000,fatty_liver,1,data/images/fatty_liver/1000.PNG,data/masks_liver/fatty_liver/1000.PNG,data/masks_spleen/fatty_liver/1000.PNG,669,870,116.97844956445545,77.34715298108574,0.0,255.0,198651,32186,230837,0,0.34130714911602494,0.055299555005755716,0.3966067041217807,153.66294154069197,203.18654073199528,23.707079866511446,13.330980146769285,0.7562653521775801,-49.523599191303305,564,684,202,267,0,0,0,291.5665463551656,685.9186292176723,1,0,1,0,0,0,0,0,0,0,0,0,0,0,0,0,0,0,0,1,watch,large_liver
1002,fatty_liver,1,data/images/fatty_liver/1002.PNG,data/masks_liver/fatty_liver/1002.PNG,data/masks_spleen/fatty_liver/1002.PNG,617,745,90.4489856743498,82.06470199363012,0.0,255.0,96122,21923,118045,0,0.20911315849586112,0.04769342891018459,0.2568065874060457,171.8480056594744,177.89294348401222,16.653221387945305,27.436271123268963,0.9660192322856228,-6.044937824537811,363,353,212,206,0,0,0,224.6012359293398,569.6641882953975,1,0,0,0,0,0,0,0,0,0,0,0,0,0,0,0,0,0,0,0,clean,none
1003,fatty_liver,1,data/images/fatty_liver/1003.PNG,data/masks_liver/fatty_liver/1003.PNG,data/masks_spleen/fatty_liver/1003.PNG,670,737,94.30424876971992,82.58563095331064,0.0,255.0,116233,26701,142934,0,0.2353895380627392,0.05407359403795135,0.2894631321006906,170.57193740159852,176.01685330137448,19.386575116279765,26.041125840637445,0.9690659345016289,-5.444915899775964,415,373,219,215,0,0,0,240.90483769669544,597.6062319763305,1,0,0,0,0,0,0,0,0,0,0,0,0,0,0,0,0,0,0,0,clean,none
1004,fatty_liver,1,data/images/fatty_liver/1004.PNG,data/masks_liver/fatty_liver/1004.PNG,data/masks_spleen/fatty_liver/1004.PNG,542,667,74.88325486703143,76.62716464436478,0.0,254.0,12842,9458,22300,0,0.03552282899140836,0.026162195654940056,0.06168502464634841,151.56961532471578,173.69443857052232,11.925697467078772,27.09148393000642,0.8726221501361098,-22.12482324580654,208,118,175,90,0,0,0,95.71803457405389,578.056354408966,1,1,0,0,0,0,0,0,0,0,0,0,0,0,0,0,0,0,0,1,watch,small_liver
1005,fatty_liver,1,data/images/fatty_liver/1005.PNG,data/masks_liver/fatty_liver/1005.PNG,data/masks_spleen/fatty_liver/1005.PNG,572,690,89.20829532786054,79.65671727339021,0.0,254.0,99139,26180,125319,0,0.251188304449174,0.06633221850613155,0.3175205229553056,154.55359646556855,176.7764323911383,18.490478077475068,19.365873817320452,0.8742884642524767,-22.22283592556974,358,485,212,201,0,0,0,215.2930834484915,522.3640565317036,1,0,0,0,0,0,0,0,0,0,0,0,0,0,0,0,0,0,0,0,clean,none
1006,fatty_liver,1,data/images/fatty_liver/1006.PNG,data/masks_liver/fatty_liver/1006.PNG,data/masks_spleen/fatty_liver/1006.PNG,624,727,94.8012291468275,88.59960488706948,0.0,255.0,121460,14089,135549,0,0.26774062709413465,0.031057119176101294,0.298797746270236,174.8352544047423,184.2585705160054,18.5068030002918,29.11187218487933,0.9488581886110815,-9.423316111263091,387,503,169,178,0,0,0,266.32008891816236,589.0276811697069,1,0,0,0,0,0,0,0,0,0,0,0,0,0,0,0,0,0,0,0,clean,none
1008,fatty_liver,1,data/images/fatty_liver/1008.PNG,data/masks_liver/fatty_liver/1008.PNG,data/masks_spleen/fatty_liver/1008.PNG,645,786,83.05105035800935,79.95364425361157,0.0,255.0,120633,22250,142883,0,0.23794899106456002,0.043888198512732506,0.28183718957729254,141.87204164697886,179.389797752809,18.496062373336443,20.205715382445618,0.7908590267302329,-37.51775610583013,396,458,215,188,0,0,0,269.9037493886416,633.647011235955,1,0,0,0,0,0,0,0,0,0,0,0,0,0,0,0,0,0,0,0,clean,none
1009,fatty_liver,1,data/images/fatty_liver/1009.PNG,data/masks_liver/fatty_liver/1009.PNG,data/masks_spleen/fatty_liver/1009.PNG,578,678,101.25276102111849,86.70754205969409,0.0,255.0,102364,24544,126908,0,0.2612099498831287,0.06263077849567729,0.32384072837880595,171.85562307061076,168.31034061277705,17.63804007573585,23.522880563844215,1.0210639549766356,3.545282457833707,398,421,235,219,0,0,0,227.9215544527373,520.6186848109518,1,0,0,0,0,0,0,0,0,0,0,0,0,0,0,0,0,0,0,0,clean,none
1011,fatty_liver,1,data/images/fatty_liver/1011.PNG,data/masks_liver/fatty_liver/1011.PNG,data/masks_spleen/fatty_liver/1011.PNG,810,858,77.97164810498144,79.89821577006698,0.0,255.0,137472,32324,169796,0,0.19780713114046447,0.0465106909551354,0.24431782209559988,164.6196098114525,165.9330837767603,26.503680391831836,28.438365533380388,0.9920843093643749,-1.313473965307793,502,384,236,273,0,0,0,238.07274935986965,658.0295755475807,1,0,0,0,0,0,0,0,0,0,0,0,0,0,0,0,0,0,0,0,clean,none
1012,fatty_liver,1,data/images/fatty_liver/1012.PNG,data/masks_liver/fatty_liver/1012.PNG,data/masks_spleen/fatty_liver/1012.PNG,609,700,116.81730940652123,84.37732183057662,0.0,255.0,121704,22357,144061,0,0.2854890921885996,0.05244428806005161,0.33793338024865116,163.3087901794518,182.9617122154135,18.798533312437616,22.67820714055097,0.8925845047547026,-19.652922035961723,434,459,191,208,0,0,0,202.13366857293104,569.6817104262647,1,0,0,0,0,0,0,0,0,0,0,0,0,0,0,0,0,0,0,0,clean,none
1013,fatty_liver,1,data/images/fatty_liver/1013.PNG,data/masks_liver/fatty_liver/1013.PNG,data/masks_spleen/fatty_liver/1013.PNG,633,751,86.90887768388858,74.3887124589292,0.0,255.0,112952,19248,132200,0,0.23760210188416497,0.04048945797388632,0.2780915598580513,150.8673241731001,121.75348088113051,28.80887759385655,32.23437011849054,1.239121229571026,29.113843291969573,455,442,185,215,0,0,0,281.58843579573625,604.8402431421447,1,0,0,0,0,0,0,0,0,0,0,1,0,0,1,0,0,0,0,2,review,"low_spleen_mean, high_mean_ratio"
1014,fatty_liver,1,data/images/fatty_liver/1014.PNG,data/masks_liver/fatty_liver/1014.PNG,data/masks_spleen/fatty_liver/1014.PNG,545,604,106.284756060514,88.06547490119274,0.0,255.0,88733,10870,99603,0,0.2695576888024789,0.03302144723251716,0.30257913603499603,167.3018944473871,186.98141674333027,21.889603804796756,30.599622761926838,0.8947514489222812,-19.679522295943173,338,468,100,189,0,0,0,214.72590806126243,469.31885924563016,1,0,0,0,0,0,0,0,0,0,0,0,0,0,0,0,0,0,0,0,clean,none
1015,fatty_liver,1,data/images/fatty_liver/1015.PNG,data/masks_liver/fatty_liver/1015.PNG,data/masks_spleen/fatty_liver/1015.PNG,606,728,95.4046009683386,90.72951259621306,0.0,255.0,92200,25492,117692,0,0.20899067928770898,0.05778297609980778,0.2667736553875168,181.88788503253795,178.57245410324808,20.038270344275055,22.905499358920427,1.018566300874191,3.3154309292898745,391,341,252,197,0,0,0,204.16017353579176,586.9072650243213,1,0,0,0,0,0,0,0,0,0,0,0,0,0,0,0,0,0,0,0,clean,none
1017,fatty_liver,1,data/images/fatty_liver/1017.PNG,data/masks_liver/fatty_liver/1017.PNG,data/masks_spleen/fatty_liver/1017.PNG,641,745,80.58734360112659,80.91439711420979,0.0,255.0,99441,23535,122976,0,0.20823377901559015,0.04928331361442377,0.25751709263001393,165.95402298850576,180.55691523263226,19.946087318146862,29.33047925744226,0.919123046910527,-14.602892244126508,411,376,230,194,0,0,0,243.77175410544947,599.3875929466751,1,0,0,0,0,0,0,0,0,0,0,0,0,0,0,0,0,0,0,0,clean,none
1019,fatty_liver,1,data/images/fatty_liver/1019.PNG,data/masks_liver/fatty_liver/1019.PNG,data/masks_spleen/fatty_liver/1019.PNG,568,668,80.55275101206038,80.55536605964136,0.0,255.0,77367,13131,90498,0,0.2039064476680442,0.03460772117736358,0.23851416884540777,165.59433608644514,180.91912268677177,17.85504210865412,25.952793516354205,0.9152948163353992,-15.324786600326632,340,369,142,178,0,0,0,208.98897462742514,499.55296626304164,1,0,0,0,0,0,0,0,0,0,0,0,0,0,0,0,0,0,0,0,clean,none
1020,fatty_liver,1,data/images/fatty_liver/1020.PNG,data/masks_liver/fatty_liver/1020.PNG,data/masks_spleen/fatty_liver/1020.PNG,645,708,73.09935400516795,73.50911749118197,0.0,255.0,111123,17932,129055,0,0.24333858888450927,0.03926772653615381,0.28260631542066306,139.68654553962725,159.58264554985502,21.39918811044441,30.608976863085488,0.8753241568530319,-19.89610001022777,379,545,174,191,0,0,0,267.58914896106114,547.1100825340174,1,0,0,0,0,0,0,0,0,0,0,0,0,0,0,0,0,0,0,0,clean,none
1021,fatty_liver,1,data/images/fatty_liver/1021.PNG,data/masks_liver/fatty_liver/1021.PNG,data/masks_spleen/fatty_liver/1021.PNG,521,708,91.21546189964974,84.79414689022558,0.0,255.0,80387,23327,103714,0,0.21792890681761498,0.06323942440114079,0.2811683312187558,178.41362409344794,175.14215287006473,13.127324833398507,13.914606186249884,1.0186789425109517,3.2714712233832017,383,306,209,199,0,0,0,219.5591948946969,537.3568825824152,1,0,0,0,0,0,0,0,0,0,0,0,0,0,0,0,0,0,0,0,clean,none
1022,fatty_liver,1,data/images/fatty_liver/1022.PNG,data/masks_liver/fatty_liver/1022.PNG,data/masks_spleen/fatty_liver/1022.PNG,648,741,91.07445727328768,79.58685960611258,0.0,255.0,117496,35374,152870,0,0.24469768914213358,0.07367004881624764,0.31836773795838125,152.1822189691564,164.66936167806864,12.780726207089907,11.666894931048615,0.9241683850242087,-12.487142708912245,388,541,264,263,0,0,0,277.41668652549873,597.9704019901623,1,0,0,0,0,0,0,0,0,0,0,0,0,0,0,0,0,0,0,0,clean,none
1025,fatty_liver,1,data/images/fatty_liver/1025.PNG,data/masks_liver/fatty_liver/1025.PNG,data/masks_spleen/fatty_liver/1025.PNG,612,747,93.46852114339711,90.68991193246035,0.0,255.0,95921,11673,107594,0,0.20981748344139084,0.025533506575320893,0.23535099001671173,168.61834217741682,185.9844084639767,24.62178770306878,25.972939878985116,0.9066262202481896,-17.366066286559885,373,386,118,187,0,0,0,227.1656258796301,554.687912276193,1,0,0,0,0,0,0,0,0,0,0,0,0,0,0,0,0,0,0,0,clean,none
1026,fatty_liver,1,data/images/fatty_liver/1026.PNG,data/masks_liver/fatty_liver/1026.PNG,data/masks_spleen/fatty_liver/1026.PNG,580,705,74.46403766202005,79.49762841053828,0.0,255.0,18698,4462,23160,0,0.045727561751039376,0.010912203472731719,0.056639765223771094,171.26639212750027,168.38659793814432,19.909437839708442,38.243001248001725,1.0171022706528672,2.879794189355948,227,122,94,70,0,0,0,106.64926730131565,580.9148363962348,1,1,0,0,0,0,0,0,0,0,0,0,0,0,0,0,0,0,0,1,watch,small_liver
1027,fatty_liver,1,data/images/fatty_liver/1027.PNG,data/masks_liver/fatty_liver/1027.PNG,data/masks_spleen/fatty_liver/1027.PNG,711,806,67.59826442329505,78.08135479604154,0.0,255.0,16950,17071,34021,0,0.029577744971783355,0.02978888993588871,0.059366634907672064,121.77144542772861,174.88729424169645,15.745270544465352,21.705633050629555,0.6962852576537303,-53.115848813967844,241,100,200,139,0,0,0,87.53138643067847,694.3430964794095,1,1,0,0,0,0,0,0,0,0,0,0,0,0,0,0,0,0,0,1,watch,small_liver
1028,fatty_liver,1,data/images/fatty_liver/1028.PNG,data/masks_liver/fatty_liver/1028.PNG,data/masks_spleen/fatty_liver/1028.PNG,619,685,86.45708288621864,87.04539806154784,0.0,255.0,82517,17469,99986,0,0.19460868129665224,0.0411990141858189,0.23580769548247113,164.05412218088395,190.16234472494133,19.647440397037624,29.741173239722738,0.8627056084919072,-26.108222544057384,371,353,155,179,0,0,0,187.39248882048548,488.9588986204133,1,0,0,0,0,0,0,0,0,0,0,0,0,0,0,0,0,0,0,0,clean,none
1029,fatty_liver,1,data/images/fatty_liver/1029.PNG,data/masks_liver/fatty_liver/1029.PNG,data/masks_spleen/fatty_liver/1029.PNG,597,739,83.6463123012446,74.90892760246703,0.0,255.0,101283,7397,108680,0,0.22957140234324533,0.016766285192312488,0.24633768753555782,154.78284608473288,167.0713802893065,18.78274064656644,19.06696222333324,0.9264473956596171,-12.288534204573608,379,416,102,165,0,0,0,223.0354847309025,551.9647154251724,1,0,0,0,0,0,0,0,0,0,0,0,0,0,0,0,0,0,0,0,clean,none
103,fatty_liver,1,data/images/fatty_liver/103.PNG,data/masks_liver/fatty_liver/103.PNG,data/masks_spleen/fatty_liver/103.PNG,776,975,76.00714644462067,78.08677652923976,0.0,255.0,159760,33381,193141,0,0.21115516785619878,0.044119746233148294,0.2552749140893471,148.9917501251878,151.33794673616728,18.34886313123976,24.873484509710586,0.9844969642705232,-2.34619661097949,493,452,303,243,0,0,0,310.28907110666,763.7211287858363,1,0,0,0,0,0,0,0,0,0,0,0,0,0,0,0,0,0,0,0,clean,none
103 (2),fatty_liver,1,data/images/fatty_liver/103 (2).PNG,data/masks_liver/fatty_liver/103 (2).PNG,data/masks_spleen/fatty_liver/103 (2).PNG,704,711,72.46516989515408,81.22336443376456,0.0,254.0,93024,18917,111941,0,0.1858457997698504,0.037792881345096535,0.22363868111494695,154.02311231510149,178.8295712850875,27.14420647860339,28.710779355195136,0.861284352173924,-24.80645896998601,352,441,176,174,0,0,0,231.81621947024425,562.0690384310409,1,0,0,0,0,0,0,0,0,0,0,0,0,0,0,0,0,0,0,0,clean,none
1030,fatty_liver,1,data/images/fatty_liver/1030.PNG,data/masks_liver/fatty_liver/1030.PNG,data/masks_spleen/fatty_liver/1030.PNG,572,568,94.42866332611051,76.10227734423387,0.0,255.0,73294,15383,88677,0,0.2255921895006402,0.04734745887914902,0.27293964837978923,161.1988839468442,186.16992784242345,18.176265248831218,19.59389392723185,0.8658696114305601,-24.971043895579243,358,316,140,181,0,0,0,147.46991568204766,422.40414743548075,1,0,0,0,0,0,0,0,0,0,0,0,0,0,0,0,0,0,0,0,clean,none
1033,fatty_liver,1,data/images/fatty_liver/1033.PNG,data/masks_liver/fatty_liver/1033.PNG,data/masks_spleen/fatty_liver/1033.PNG,596,685,96.17008523979817,76.54033443487506,0.0,255.0,106936,37013,143949,0,0.2619311223240092,0.09066036349385195,0.35259148581786115,149.17605857709285,158.6515278415692,15.437921337166747,15.803499995633112,0.9402749514381382,-9.475469264476345,412,414,320,221,0,0,0,191.55697800553602,536.4891794774809,1,0,0,0,1,0,0,0,0,0,0,0,0,0,0,0,0,0,0,1,watch,large_spleen
1034,fatty_liver,1,data/images/fatty_liver/1034.PNG,data/masks_liver/fatty_liver/1034.PNG,data/masks_spleen/fatty_liver/1034.PNG,604,700,100.82744796594135,84.11534198921177,0.0,255.0,126109,24738,150847,0,0.2982710501419111,0.05850993377483444,0.3567809839167455,163.52170741184213,170.9487832484437,15.066836225497353,28.137088976442218,0.9565537896671577,-7.427075836601574,387,539,217,230,0,0,0,228.98440238206632,535.9532298488156,1,0,0,0,0,0,0,0,0,0,0,0,0,0,0,0,0,0,0,0,clean,none
1035,fatty_liver,1,data/images/fatty_liver/1035.PNG,data/masks_liver/fatty_liver/1035.PNG,data/masks_spleen/fatty_liver/1035.PNG,569,741,63.93911709109193,72.62646654206979,0.0,255.0,24236,6195,30431,0,0.05748181458106534,0.014693012103057427,0.07217482668412277,146.59655058590528,152.37514124293784,15.04942491526237,23.497676191499252,0.9620765462661913,-5.7785906570325665,257,166,131,66,0,0,0,133.61788248885955,596.9559322033898,1,0,0,0,0,0,0,0,0,0,0,0,0,0,0,0,0,0,0,0,clean,none
1036,fatty_liver,1,data/images/fatty_liver/1036.PNG,data/masks_liver/fatty_liver/1036.PNG,data/masks_spleen/fatty_liver/1036.PNG,591,708,113.41108386628046,80.58517986197808,0.0,255.0,120889,25999,146888,0,0.2889123098836598,0.06213494316823922,0.351047253051899,165.15086567016024,180.1850071156583,13.614412820520315,16.61228470807639,0.9165627451322264,-15.03414144549805,382,520,185,258,0,0,0,260.0175781088436,541.7506442555483,1,0,0,0,0,0,0,0,0,0,0,0,0,0,0,0,0,0,0,0,clean,none
1037,fatty_liver,1,data/images/fatty_liver/1037.PNG,data/masks_liver/fatty_liver/1037.PNG,data/masks_spleen/fatty_liver/1037.PNG,619,818,100.53819157802434,73.8223026231915,0.0,255.0,131649,27561,159210,0,0.260000157995979,0.05443158971604173,0.3144317477120207,155.0729819444128,153.8174594535757,14.680370306427658,16.289657743597285,1.0081624120378454,1.2555224908370803,448,409,235,226,0,0,0,215.3979901100654,684.3879757628533,1,0,0,0,0,0,0,0,0,0,0,0,0,0,0,0,0,0,0,0,clean,none
1039,fatty_liver,1,data/images/fatty_liver/1039.PNG,data/masks_liver/fatty_liver/1039.PNG,data/masks_spleen/fatty_liver/1039.PNG,626,686,110.47286440820052,82.4641604081204,0.0,255.0,117190,9227,126417,0,0.27289281755605027,0.021486321593904564,0.29437913914995484,166.49612594931307,162.38647447707814,17.176221749153143,34.580553149414946,1.0253078371222795,4.10965147223493,440,407,154,164,0,0,0,206.35048212304804,556.7833532025577,1,0,0,0,0,0,0,0,0,0,0,0,0,0,0,0,0,0,0,0,clean,none
1040,fatty_liver,1,data/images/fatty_liver/1040.PNG,data/masks_liver/fatty_liver/1040.PNG,data/masks_spleen/fatty_liver/1040.PNG,676,883,85.77022757275829,82.59768834709404,0.0,255.0,109927,25941,135868,0,0.18416070818283556,0.04345895849946725,0.2276196666823028,163.61581776997463,172.14590802205004,20.458329015468415,25.93779252953374,0.9504484811719645,-8.53009025207541,426,395,240,234,0,0,0,275.81627807545004,682.3734243090089,1,0,0,0,0,0,0,0,0,0,0,0,0,0,0,0,0,0,0,0,clean,none
1041,fatty_liver,1,data/images/fatty_liver/1041.PNG,data/masks_liver/fatty_liver/1041.PNG,data/masks_spleen/fatty_liver/1041.PNG,604,727,97.78966450167157,86.90698937706176,0.0,255.0,126849,9837,136686,0,0.2888788179673338,0.022402233619064103,0.3112810515863979,166.8002664585452,178.05225170275492,15.187646738249429,34.23753670538842,0.9368051452682596,-11.25198524420972,435,439,126,136,0,0,0,248.27289927393988,574.1777981091797,1,0,0,0,0,0,0,0,0,0,0,0,0,0,0,0,0,0,0,0,clean,none
1042,fatty_liver,1,data/images/fatty_liver/1042.PNG,data/masks_liver/fatty_liver/1042.PNG,data/masks_spleen/fatty_liver/1042.PNG,493,697,96.26424461834405,85.27881721981451,0.0,255.0,82908,28252,111160,0,0.24127745393907823,0.08221849072088144,0.3234959446599597,178.5790152940609,181.16912077021095,18.760987797296828,16.80672538048401,0.985703377866813,-2.5901054761500575,357,312,254,185,0,0,0,230.31970376803204,556.005946481665,1,0,0,0,1,0,0,0,0,0,0,0,0,0,0,0,0,0,0,1,watch,large_spleen
1043,fatty_liver,1,data/images/fatty_liver/1043.PNG,data/masks_liver/fatty_liver/1043.PNG,data/masks_spleen/fatty_liver/1043.PNG,575,807,92.26613221270405,80.43053063803698,0.0,255.0,116898,9099,125997,0,0.2519217714562793,0.019608857281396476,0.27153062873767575,166.38615716265463,98.71392460709968,16.06924279194003,20.37831648066761,1.685538855225993,67.67223255555494,389,521,135,218,0,0,0,297.32297387465997,578.858226178701,1,0,0,0,0,0,0,0,0,0,0,1,0,0,1,0,0,0,0,2,review,"low_spleen_mean, high_mean_ratio"
1044,fatty_liver,1,data/images/fatty_liver/1044.PNG,data/masks_liver/fatty_liver/1044.PNG,data/masks_spleen/fatty_liver/1044.PNG,557,772,100.44566794727491,77.01026179458866,0.0,255.0,94061,25239,119300,0,0.2187444767955647,0.05869480283904336,0.27743927963460807,157.51382613410448,161.7208684971671,15.836177076804612,20.965141674715362,0.9739857732886088,-4.207042363062612,383,438,206,262,0,0,0,206.6702140100573,591.9660842347162,1,0,0,0,0,0,0,0,0,0,0,0,0,0,0,0,0,0,0,0,clean,none
1045,fatty_liver,1,data/images/fatty_liver/1045.PNG,data/masks_liver/fatty_liver/1045.PNG,data/masks_spleen/fatty_liver/1045.PNG,724,834,85.45440995270083,83.8348777937677,0.0,255.0,132116,20515,152631,0,0.2188017541767691,0.03397558196536693,0.252777336142136,177.70815798237913,185.20765293687546,19.296708061624177,30.456757980413805,0.9595076348353703,-7.499494954496328,445,469,162,239,0,0,0,273.6314223863877,602.846551303924,1,0,0,0,0,0,0,0,0,0,0,0,0,0,0,0,0,0,0,0,clean,none
1046,fatty_liver,1,data/images/fatty_liver/1046.PNG,data/masks_liver/fatty_liver/1046.PNG,data/masks_spleen/fatty_liver/1046.PNG,597,737,85.52179940862158,69.9344538457124,0.0,255.0,141205,4276,145481,0,0.32092847775739847,0.009718424778801289,0.33064690253619977,128.62833469069793,154.85687558465855,17.893877179099793,29.237297289932272,0.8306272057629822,-26.228540893960627,373,595,99,81,0,0,0,302.89050671010233,657.3068288119738,1,0,0,0,0,0,0,0,0,0,0,0,0,0,0,0,0,0,0,0,clean,none
1047,fatty_liver,1,data/images/fatty_liver/1047.PNG,data/masks_liver/fatty_liver/1047.PNG,data/masks_spleen/fatty_liver/1047.PNG,615,717,99.41582701182661,80.02639789298712,0.0,255.0,117799,16243,134042,0,0.26714517354378564,0.036835958317742175,0.3039811318615278,165.5526532483298,167.67881548974944,17.241029857223495,29.1704210297944,0.9873200247596593,-2.1261622414196495,442,434,157,213,0,0,0,213.72168694131528,547.7073200763406,1,0,0,0,0,0,0,0,0,0,0,0,0,0,0,0,0,0,0,0,clean,none
1048,fatty_liver,1,data/images/fatty_liver/1048.PNG,data/masks_liver/fatty_liver/1048.PNG,data/masks_spleen/fatty_liver/1048.PNG,658,778,83.9009970229956,75.6076954133188,0.0,255.0,130105,24031,154136,0,0.25414905337511035,0.04694251490455614,0.3010915682796665,156.84404135121633,157.28887686737963,14.372992632217422,26.369664137980443,0.9971718501511698,-0.44483551616329464,408,527,209,219,0,0,0,286.8996272241651,599.2435604011486,1,0,0,0,0,0,0,0,0,0,0,0,0,0,0,0,0,0,0,0,clean,none
1049,fatty_liver,1,data/images/fatty_liver/1049.PNG,data/masks_liver/fatty_liver/1049.PNG,data/masks_spleen/fatty_liver/1049.PNG,680,789,79.9597088645344,75.77636512408739,0.0,255.0,138767,20677,159444,0,0.2586427346604041,0.03853910385446954,0.2971818385148736,136.4691028846916,156.83643662039947,16.39546487218879,25.34975140781622,0.8701364616237706,-20.36733373570786,389,629,170,193,0,0,0,302.7557272262137,607.0595347487547,1,0,0,0,0,0,0,0,0,0,0,0,0,0,0,0,0,0,0,0,clean,none
105,fatty_liver,1,data/images/fatty_liver/105.PNG,data/masks_liver/fatty_liver/105.PNG,data/masks_spleen/fatty_liver/105.PNG,648,914,90.00780891212146,90.20214208830616,0.0,255.0,126649,23958,150607,0,0.21383587270713456,0.04045100899586676,0.25428688170300134,190.48036699855507,187.5132314884381,18.7149561303761,26.118365508716384,1.015823600664022,2.967135510116975,411,447,216,242,0,0,0,276.0724837937923,650.529009099257,1,0,0,0,0,0,0,0,0,0,0,0,0,0,0,0,0,0,0,0,clean,none
1051,fatty_liver,1,data/images/fatty_liver/1051.PNG,data/masks_liver/fatty_liver/1051.PNG,data/masks_spleen/fatty_liver/1051.PNG,622,706,89.22280544346575,76.09468554053991,0.0,255.0,127933,17971,145904,0,0.29133153584799104,0.040923913538526,0.332255449386517,151.37900307192047,175.01140726726393,17.53549131841017,23.134028539659386,0.8649664874460419,-23.63240419534347,441,456,188,154,0,0,0,243.1153416241314,578.6055311334928,1,0,0,0,0,0,0,0,0,0,0,0,0,0,0,0,0,0,0,0,clean,none
1052,fatty_liver,1,data/images/fatty_liver/1052.PNG,data/masks_liver/fatty_liver/1052.PNG,data/masks_spleen/fatty_liver/1052.PNG,609,780,74.91387520525451,76.01377653064395,0.0,243.0,39342,10709,50051,0,0.0828217759252242,0.022544313923624267,0.10536608984884847,151.78051446291494,169.47203286954897,16.32316375314491,32.26603057828141,0.8956080304066447,-17.69151840663403,342,199,200,77,0,0,0,157.9257790656296,689.8984032122514,1,0,0,0,0,0,0,0,0,0,0,0,0,0,0,0,0,0,0,0,clean,none
1053,fatty_liver,1,data/images/fatty_liver/1053.PNG,data/masks_liver/fatty_liver/1053.PNG,data/masks_spleen/fatty_liver/1053.PNG,613,658,90.33426716978138,85.56251923171969,0.0,255.0,99213,20608,119821,0,0.24597004120450028,0.05109159695949464,0.2970616381639949,178.37923457611402,183.5587150621118,21.948012254982068,26.242220966166972,0.9717829716991202,-5.179480485997772,402,452,159,202,0,0,0,222.97387439146078,520.5715741459627,1,0,0,0,0,0,0,0,0,0,0,0,0,0,0,0,0,0,0,0,clean,none
1054,fatty_liver,1,data/images/fatty_liver/1054.PNG,data/masks_liver/fatty_liver/1054.PNG,data/masks_spleen/fatty_liver/1054.PNG,521,668,107.2391445515878,91.42794951191063,0.0,255.0,84333,23401,107734,0,0.24231671014975806,0.06723884285172457,0.30955555300148263,190.32936098561655,208.9602153754113,17.781382899194877,17.7630900728968,0.910840179470703,-18.630854389794763,339,386,233,192,0,0,0,215.14899268376556,535.4340412802871,1,0,0,0,0,0,0,0,0,0,0,0,0,0,0,0,0,0,0,0,clean,none
1055,fatty_liver,1,data/images/fatty_liver/1055.PNG,data/masks_liver/fatty_liver/1055.PNG,data/masks_spleen/fatty_liver/1055.PNG,572,706,91.9055944055944,82.03209842407063,0.0,255.0,91769,13831,105600,0,0.22724548822282534,0.0342493908357931,0.26149487905861846,171.34917019908684,176.92791555202083,13.101141402984183,22.89184715821744,0.9684688179137988,-5.578745352933993,367,426,131,176,0,0,0,225.31268729091522,525.1768491070783,1,0,0,0,0,0,0,0,0,0,0,0,0,0,0,0,0,0,0,0,clean,none
1056,fatty_liver,1,data/images/fatty_liver/1056.PNG,data/masks_liver/fatty_liver/1056.PNG,data/masks_spleen/fatty_liver/1056.PNG,724,873,81.21018682007177,76.86584650924607,0.0,255.0,102152,38189,140341,0,0.16161961357609816,0.060420661591134905,0.22204027516723307,154.790733416869,171.25729922228913,17.16153608563376,17.91590342792072,0.9038489641957055,-16.466565805420146,472,341,272,250,0,0,0,207.7603766935547,704.1247217785226,1,0,0,0,0,0,0,0,0,0,0,0,0,0,0,0,0,0,0,0,clean,none
1057,fatty_liver,1,data/images/fatty_liver/1057.PNG,data/masks_liver/fatty_liver/1057.PNG,data/masks_spleen/fatty_liver/1057.PNG,640,755,101.61833609271523,85.99459113908522,0.0,255.0,119423,23598,143021,0,0.24715024834437085,0.04883692052980133,0.2959871688741722,164.37225660048733,181.7142978218493,20.804466560457623,23.940551456984767,0.904564239942593,-17.342041221361967,433,444,190,213,0,0,0,241.86338477512706,621.7340452580727,1,0,0,0,0,0,0,0,0,0,0,0,0,0,0,0,0,0,0,0,clean,none
1059,fatty_liver,1,data/images/fatty_liver/1059.PNG,data/masks_liver/fatty_liver/1059.PNG,data/masks_spleen/fatty_liver/1059.PNG,574,710,93.3305687785248,83.57001326009984,0.0,255.0,101804,7070,108874,0,0.2498012465034107,0.017347990381312264,0.267149236884723,167.73683745235942,179.7182461103253,18.710708471102095,24.761723742395922,0.9333322584066227,-11.981408657965886,403,385,71,151,0,0,0,200.39927704215944,490.64964639321073,1,0,0,0,0,0,0,0,0,0,0,0,0,0,0,0,0,0,0,0,clean,none
106,fatty_liver,1,data/images/fatty_liver/106.PNG,data/masks_liver/fatty_liver/106.PNG,data/masks_spleen/fatty_liver/106.PNG,672,722,95.36396707228597,81.07627584647432,0.0,255.0,120501,24694,145195,0,0.24836144637910565,0.050896154860836304,0.29925760123994194,148.0225558294122,162.78132339839638,17.239669944909796,21.89381549975736,0.9093337726331364,-14.758767568984183,412,447,210,218,0,0,0,237.91519572451682,579.9382846035475,1,0,0,0,0,0,0,0,0,0,0,0,0,0,0,0,0,0,0,0,clean,none
1060,fatty_liver,1,data/images/fatty_liver/1060.PNG,data/masks_liver/fatty_liver/1060.PNG,data/masks_spleen/fatty_liver/1060.PNG,628,662,111.058604499009,87.62227051884054,0.0,255.0,103670,13171,116841,0,0.24936498162295304,0.03168116304577905,0.28104614466873207,169.24585704639722,168.65697365424037,17.42395723341449,25.42856594877821,1.0034915982180048,0.5888833921568448,370,417,134,187,0,0,0,195.41665862833992,502.18548325867437,1,0,0,0,0,0,0,0,0,0,0,0,0,0,0,0,0,0,0,0,clean,none
1061,fatty_liver,1,data/images/fatty_liver/1061.PNG,data/masks_liver/fatty_liver/1061.PNG,data/masks_spleen/fatty_liver/1061.PNG,577,778,80.84045212137953,79.1289812581717,0.0,255.0,106752,7550,114302,0,0.2378047965498345,0.016818665823134463,0.25462346237296896,164.47388339328538,166.68622516556292,17.79123541048364,34.51028768279541,0.9867275009869135,-2.21234177227754,421,413,133,142,0,0,0,270.986426483813,627.8981456953643,1,0,0,0,0,0,0,0,0,0,0,0,0,0,0,0,0,0,0,0,clean,none
1062,fatty_liver,1,data/images/fatty_liver/1062.PNG,data/masks_liver/fatty_liver/1062.PNG,data/masks_spleen/fatty_liver/1062.PNG,565,693,109.45502049572846,87.49819563989108,0.0,255.0,90093,36381,126474,0,0.23009615752978585,0.09291652300501858,0.3230126805348044,179.026228452821,190.5179076990737,18.212625336426193,17.10800578653413,0.93968188962013,-11.491679246252716,394,347,265,242,0,0,0,219.09662237909714,528.6673813254171,1,0,0,0,1,0,0,0,0,0,0,0,0,0,0,0,0,0,0,1,watch,large_spleen
1063,fatty_liver,1,data/images/fatty_liver/1063.PNG,data/masks_liver/fatty_liver/1063.PNG,data/masks_spleen/fatty_liver/1063.PNG,568,825,111.51096670934699,78.12652185993038,0.0,255.0,121109,11633,132742,0,0.2584485702091336,0.024825010670081093,0.28327358087921467,132.0376520324666,192.93965443135906,26.785595962383457,19.029847651592235,0.6843468841968614,-60.90200239889245,532,559,186,185,0,0,0,227.23994913672806,717.9364738244649,1,0,0,0,0,0,0,0,0,0,0,0,0,0,0,0,0,0,0,0,clean,none
1064,fatty_liver,1,data/images/fatty_liver/1064.PNG,data/masks_liver/fatty_liver/1064.PNG,data/masks_spleen/fatty_liver/1064.PNG,576,737,112.152250113071,80.16146922469221,0.0,255.0,139305,22224,161529,0,0.32815326775214837,0.05235187697874265,0.380505144730891,168.53815010229354,171.25238480921527,17.070165269977974,22.00580517443795,0.9841506692353732,-2.7142347069217294,423,614,159,227,0,0,0,270.68144718423605,556.2871220302376,1,0,0,0,0,0,0,0,0,0,0,0,0,0,0,0,0,0,0,0,clean,none
1065,fatty_liver,1,data/images/fatty_liver/1065.PNG,data/masks_liver/fatty_liver/1065.PNG,data/masks_spleen/fatty_liver/1065.PNG,552,652,111.28483151062505,74.56670317204981,0.0,255.0,121000,24710,145710,0,0.3362007646483507,0.06865719747488219,0.4048579621232329,163.46780165289258,165.33358963982192,14.176964366123814,15.801786216004412,0.9887150035288718,-1.865787986929348,388,567,155,230,0,0,0,236.12319008264464,489.1447187373533,1,0,1,0,0,0,0,0,0,0,0,0,0,0,0,0,0,0,0,1,watch,large_liver
1066,fatty_liver,1,data/images/fatty_liver/1066.PNG,data/masks_liver/fatty_liver/1066.PNG,data/masks_spleen/fatty_liver/1066.PNG,562,662,102.2656083689026,83.85931136564129,0.0,255.0,90765,26528,117293,0,0.24396307963574201,0.07130339422218877,0.3152664738579308,178.2753043574065,180.77039354644148,16.77339835771057,17.69769692909833,0.9861974622819448,-2.495089189034985,339,466,205,218,0,0,0,210.83975100534346,523.1174984921593,1,0,0,0,0,0,0,0,0,0,0,0,0,0,0,0,0,0,0,0,clean,none
1069,fatty_liver,1,data/images/fatty_liver/1069.PNG,data/masks_liver/fatty_liver/1069.PNG,data/masks_spleen/fatty_liver/1069.PNG,588,686,109.97203546141489,85.02831530800398,0.0,255.0,103861,26287,130148,0,0.25748448067273555,0.06516877888181512,0.3226532595545507,174.2613974446616,186.1566553809868,25.00928709770646,21.30729797452865,0.9361008133279939,-11.89525793632518,383,526,248,200,0,0,0,204.78703266866293,555.4459618822992,1,0,0,0,0,0,0,0,0,0,0,0,0,0,0,0,0,0,0,0,clean,none
107,fatty_liver,1,data/images/fatty_liver/107.PNG,data/masks_liver/fatty_liver/107.PNG,data/masks_spleen/fatty_liver/107.PNG,783,859,85.58837907394769,89.73395459992862,0.0,255.0,137455,30614,168069,0,0.20436457492376564,0.04551611143076761,0.24988068635453325,176.41900985777164,185.37335859410726,21.95506870515737,23.905657290460994,0.9516955955486699,-8.954348736335618,444,546,237,220,0,0,0,300.3694736459205,668.7512902593585,1,0,0,0,0,0,0,0,0,0,0,0,0,0,0,0,0,0,0,0,clean,none
1070,fatty_liver,1,data/images/fatty_liver/1070.PNG,data/masks_liver/fatty_liver/1070.PNG,data/masks_spleen/fatty_liver/1070.PNG,568,729,92.65921144148844,84.48761728794351,0.0,255.0,106134,14012,120146,0,0.2563177418419985,0.03383952549315095,0.29015726733514946,175.61015320255527,181.80188409934343,17.619099232423036,32.93090027395626,0.9659424219204066,-6.191730896788158,370,497,169,144,0,0,0,225.264081255771,541.5732229517556,1,0,0,0,0,0,0,0,0,0,0,0,0,0,0,0,0,0,0,0,clean,none
1072,fatty_liver,1,data/images/fatty_liver/1072.PNG,data/masks_liver/fatty_liver/1072.PNG,data/masks_spleen/fatty_liver/1072.PNG,679,773,79.2962350462117,72.5280566088734,0.0,255.0,139007,27869,166876,0,0.2648423314858812,0.05309726082988643,0.3179395923157676,138.46013510111,164.58426925975098,24.668995325789286,22.429616767501546,0.841271981110885,-26.12413415864097,467,459,226,217,0,0,0,277.99646780377964,574.6092432451828,1,0,0,0,0,0,0,0,0,0,0,0,0,0,0,0,0,0,0,0,clean,none
1073,fatty_liver,1,data/images/fatty_liver/1073.PNG,data/masks_liver/fatty_liver/1073.PNG,data/masks_spleen/fatty_liver/1073.PNG,649,670,89.0040659568107,75.11315584085474,0.0,255.0,126993,20338,147331,0,0.2920520663247706,0.04677230181910172,0.33882436814387235,151.12079405951508,161.3096666338873,13.541458247567316,19.922336325988447,0.9368365596196183,-10.188872574372226,405,558,213,178,0,0,0,259.9847865630389,554.5277313403482,1,0,0,0,0,0,0,0,0,0,0,0,0,0,0,0,0,0,0,0,clean,none
1075,fatty_liver,1,data/images/fatty_liver/1075.PNG,data/masks_liver/fatty_liver/1075.PNG,data/masks_spleen/fatty_liver/1075.PNG,580,711,86.01822590814298,79.71981600583543,0.0,255.0,98576,22796,121372,0,0.23904166060429702,0.05527911149910277,0.2943207721033998,162.2206723746145,170.32948762940867,20.29997323306655,24.317520924936076,0.9523933505581246,-8.108815254794166,405,341,205,204,0,0,0,201.1538711248174,541.8634848218986,1,0,0,0,0,0,0,0,0,0,0,0,0,0,0,0,0,0,0,0,clean,none
1076,fatty_liver,1,data/images/fatty_liver/1076.PNG,data/masks_liver/fatty_liver/1076.PNG,data/masks_spleen/fatty_liver/1076.PNG,599,800,83.74528589315526,79.66861248193814,0.0,255.0,123347,11146,134493,0,0.25740191986644406,0.023259599332220368,0.28066151919866444,158.18876016441422,165.71263233446976,14.24637658647888,31.070999541434063,0.9545968643508937,-7.52387217005554,402,479,116,163,0,0,0,286.3752908461495,584.6008433518751,1,0,0,0,0,0,0,0,0,0,0,0,0,0,0,0,0,0,0,0,clean,none
1079,fatty_liver,1,data/images/fatty_liver/1079.PNG,data/masks_liver/fatty_liver/1079.PNG,data/masks_spleen/fatty_liver/1079.PNG,637,730,98.45996215135159,82.3002586618386,0.0,255.0,107360,15380,122740,0,0.23087675533859486,0.03307455753639707,0.26395131287499196,172.75874627421757,188.82899869960988,23.899148177279407,25.651848130718665,0.9148952043862069,-16.07025242539231,421,425,172,191,0,0,0,201.19199888226527,601.0208712613784,1,0,0,0,0,0,0,0,0,0,0,0,0,0,0,0,0,0,0,0,clean,none
1080,fatty_liver,1,data/images/fatty_liver/1080.PNG,data/masks_liver/fatty_liver/1080.PNG,data/masks_spleen/fatty_liver/1080.PNG,566,660,72.6315906413963,74.13907686347335,0.0,255.0,15763,14115,29878,0,0.042196702002355715,0.03778509476389335,0.07998179676624906,127.4449660597602,156.45540205455188,11.073116385800674,21.188927450850763,0.8145769565741587,-29.010435994791678,221,107,183,128,0,0,0,78.31098141216773,541.9721572794899,1,1,0,0,0,0,0,0,0,0,0,0,0,0,0,0,0,0,0,1,watch,small_liver
1081,fatty_liver,1,data/images/fatty_liver/1081.PNG,data/masks_liver/fatty_liver/1081.PNG,data/masks_spleen/fatty_liver/1081.PNG,595,764,123.32788068106824,77.05092688763156,0.0,255.0,150864,17497,168361,0,0.33187557745611335,0.03849047472392098,0.3703660521800343,177.78098817477994,191.86769160427502,19.07177177032312,21.732229621301215,0.9265811547619497,-14.086703429495088,428,629,146,218,0,0,0,271.71311247216033,580.2839343887524,1,0,0,0,0,0,0,0,0,0,0,0,0,0,0,0,0,0,0,0,clean,none
1082,fatty_liver,1,data/images/fatty_liver/1082.PNG,data/masks_liver/fatty_liver/1082.PNG,data/masks_spleen/fatty_liver/1082.PNG,649,759,96.64066537959484,87.71775288364528,0.0,255.0,117506,34540,152046,0,0.23854678627908346,0.07011902369308412,0.3086658099721676,173.3048780487805,186.01097278517662,15.029511232452855,19.667333823509836,0.9316916874427509,-12.706094736396125,420,455,260,233,0,0,0,266.96267424642144,593.7126809496236,1,0,0,0,0,0,0,0,0,0,0,0,0,0,0,0,0,0,0,0,clean,none
1083,fatty_liver,1,data/images/fatty_liver/1083.PNG,data/masks_liver/fatty_liver/1083.PNG,data/masks_spleen/fatty_liver/1083.PNG,608,737,84.42966685710205,76.01041601231788,0.0,255.0,119653,19153,138806,0,0.2670253695636649,0.042743072912947225,0.30976844247661217,136.82623085087712,168.5552132825145,16.482888576881578,26.99151809119327,0.8117591107062604,-31.728982431637377,408,449,171,185,0,0,0,265.36820639683083,570.9444995562053,1,0,0,0,0,0,0,0,0,0,0,0,0,0,0,0,0,0,0,0,clean,none
1084,fatty_liver,1,data/images/fatty_liver/1084.PNG,data/masks_liver/fatty_liver/1084.PNG,data/masks_spleen/fatty_liver/1084.PNG,554,753,76.16417602753846,77.09636242508617,0.0,255.0,36127,4822,40949,0,0.08660184772342638,0.011559058591146844,0.09816090631457323,133.65006781631467,165.27955205309001,20.233883218441797,19.991076212346297,0.808630380149833,-31.62948423677534,308,169,101,71,0,0,0,180.0834555872339,675.1961841559519,1,0,0,0,0,0,0,0,0,0,0,0,0,0,0,0,0,0,0,0,clean,none
1085,fatty_liver,1,data/images/fatty_liver/1085.PNG,data/masks_liver/fatty_liver/1085.PNG,data/masks_spleen/fatty_liver/1085.PNG,670,861,92.40129318563974,82.41137336657378,0.0,255.0,141569,18599,160168,0,0.24540884428034046,0.03224123286008979,0.2776500771404303,167.7622290190649,176.18522501209742,15.859710002588136,27.521034289103763,0.9521923762639771,-8.422995993032515,429,498,175,210,0,0,0,318.7032259887405,671.25732566267,1,0,0,0,0,0,0,0,0,0,0,0,0,0,0,0,0,0,0,0,clean,none
1086,fatty_liver,1,data/images/fatty_liver/1086.PNG,data/masks_liver/fatty_liver/1086.PNG,data/masks_spleen/fatty_liver/1086.PNG,668,727,92.73765948158703,77.00441918565363,0.0,255.0,127172,29026,156198,0,0.26186691266710044,0.05976904512845011,0.3216359577955506,162.7499056396062,178.76214428443464,23.876412842287664,24.928650230054945,0.9104271230391042,-16.012238644828443,466,435,258,197,0,0,0,255.7385981190828,610.8055880934335,1,0,0,0,0,0,0,0,0,0,0,0,0,0,0,0,0,0,0,0,clean,none
1087,fatty_liver,1,data/images/fatty_liver/1087.PNG,data/masks_liver/fatty_liver/1087.PNG,data/masks_spleen/fatty_liver/1087.PNG,525,766,79.51542210617929,79.40279409246664,0.0,255.0,88467,13777,102244,0,0.2199850801939575,0.034258361307969665,0.2542434415019271,109.78866696056157,201.98170864484285,27.961246254269607,18.228158466861576,0.5435574694045807,-92.19304168428128,361,471,180,147,0,0,0,265.74877637989306,629.9847572040358,1,0,0,0,0,0,0,0,0,1,0,0,0,1,0,0,0,0,0,2,review,"low_liver_mean, low_mean_ratio"
1088,fatty_liver,1,data/images/fatty_liver/1088.PNG,data/masks_liver/fatty_liver/1088.PNG,data/masks_spleen/fatty_liver/1088.PNG,450,702,85.67518835074391,73.36444707576989,0.0,255.0,25651,3936,29587,0,0.08119974675530231,0.012459639126305794,0.0936593858816081,102.04623601419048,95.29649390243902,19.613974864456107,6.452826624597727,1.0708288496723997,6.749742111751459,237,165,120,59,0,0,0,120.31406182994814,636.8574695121952,1,0,0,0,0,0,0,0,0,1,0,1,0,0,0,0,0,0,0,2,review,"low_liver_mean, low_spleen_mean"
1089,fatty_liver,1,data/images/fatty_liver/1089.PNG,data/masks_liver/fatty_liver/1089.PNG,data/masks_spleen/fatty_liver/1089.PNG,599,741,86.91456746399194,78.45289832195704,0.0,255.0,126995,20871,147866,0,0.2861156358212856,0.04702168932025711,0.3331373251415427,147.1372337493602,177.80609458099755,19.166872490438706,30.10979721139319,0.8275151269059474,-30.668860831637346,396,510,200,201,0,0,0,280.0804834836017,574.6858320157156,1,0,0,0,0,0,0,0,0,0,0,0,0,0,0,0,0,0,0,0,clean,none
1090,fatty_liver,1,data/images/fatty_liver/1090.PNG,data/masks_liver/fatty_liver/1090.PNG,data/masks_spleen/fatty_liver/1090.PNG,598,793,126.0611032150042,85.22339316226221,0.0,255.0,129889,34072,163961,0,0.2739037649668715,0.07184941819516083,0.34575318316203235,175.96000431137355,180.41594270955625,16.0704727068293,18.908596503082148,0.9753018535581527,-4.455938398182695,439,483,262,223,0,0,0,228.2088244578063,643.4062279877905,1,0,0,0,0,0,1,0,0,0,0,0,0,0,0,0,0,0,0,1,watch,high_img_mean
1092,fatty_liver,1,data/images/fatty_liver/1092.PNG,data/masks_liver/fatty_liver/1092.PNG,data/masks_spleen/fatty_liver/1092.PNG,692,836,93.68767112868878,80.53808862807274,0.0,255.0,155303,25476,180779,0,0.2684525126531515,0.044037115911165194,0.3124896285643167,170.1967895018126,181.4687156539488,16.396259213895494,23.644203557013913,0.9378850120286507,-11.271926152136217,444,549,184,213,0,0,0,331.6400327102503,652.2258596325954,1,0,0,0,0,0,0,0,0,0,0,0,0,0,0,0,0,0,0,0,clean,none
1093,fatty_liver,1,data/images/fatty_liver/1093.PNG,data/masks_liver/fatty_liver/1093.PNG,data/masks_spleen/fatty_liver/1093.PNG,656,713,87.35703229227244,70.50007796473062,0.0,255.0,138019,20999,159018,0,0.2950838949132829,0.04489575137686861,0.33997964629015154,106.92608988617509,182.12086289823324,18.037872217594362,19.533400947043116,0.5871160920141691,-75.19477301205815,441,553,209,175,0,0,0,256.12252660865533,607.4704033525406,1,0,0,0,0,0,0,0,0,1,0,0,0,1,0,0,0,0,0,2,review,"low_liver_mean, low_mean_ratio"
1094,fatty_liver,1,data/images/fatty_liver/1094.PNG,data/masks_liver/fatty_liver/1094.PNG,data/masks_spleen/fatty_liver/1094.PNG,611,700,95.56405190554126,75.76738672437213,0.0,255.0,103672,16107,119779,0,0.2423942015431377,0.03765957446808511,0.28005377601122283,110.54631916042905,181.504066554914,19.679780704366447,18.531089664125407,0.609056979546661,-70.95774739448495,385,558,191,139,0,0,0,231.80304228721351,617.4245980008692,1,0,0,0,0,0,0,0,0,1,0,0,0,1,0,0,0,0,0,2,review,"low_liver_mean, low_mean_ratio"
1095,fatty_liver,1,data/images/fatty_liver/1095.PNG,data/masks_liver/fatty_liver/1095.PNG,data/masks_spleen/fatty_liver/1095.PNG,822,955,88.8863160978841,82.21757910347497,0.0,255.0,160468,24651,185119,0,0.20441523037923084,0.03140214774334085,0.2358173781225717,156.40850512251663,162.71575189647479,19.178267077908224,30.812306144663705,0.96123763273264,-6.3072467739581555,557,422,231,189,0,0,0,284.853603210609,754.2146768893757,1,0,0,0,0,0,0,0,0,0,0,0,0,0,0,0,0,0,0,0,clean,none
1096,fatty_liver,1,data/images/fatty_liver/1096.PNG,data/masks_liver/fatty_liver/1096.PNG,data/masks_spleen/fatty_liver/1096.PNG,638,718,69.25239039128195,76.94642800370987,0.0,255.0,92574,10531,103105,0,0.20208957309139808,0.022989233415705416,0.2250788065071035,153.68605656015728,154.48029626816066,22.176046819477875,28.679981205571206,0.994858627785881,-0.7942397080033743,375,400,109,161,0,0,0,244.8826560373323,552.2799354287342,1,0,0,0,0,0,0,0,0,0,0,0,0,0,0,0,0,0,0,0,clean,none
1098,fatty_liver,1,data/images/fatty_liver/1098.PNG,data/masks_liver/fatty_liver/1098.PNG,data/masks_spleen/fatty_liver/1098.PNG,581,826,116.87603822415223,79.78023132243092,0.0,255.0,79042,8934,87976,0,0.16470308768800557,0.01861614566185878,0.18331923334986436,181.14838946382935,183.16140586523395,17.349611370309596,18.269201951734228,0.9890095984964468,-2.013016401404599,433,387,118,99,0,0,0,206.51289188026618,717.6363331094694,1,0,0,0,0,0,0,0,0,0,0,0,0,0,0,0,0,0,0,0,clean,none
1099,fatty_liver,1,data/images/fatty_liver/1099.PNG,data/masks_liver/fatty_liver/1099.PNG,data/masks_spleen/fatty_liver/1099.PNG,610,713,105.07879888717724,88.30096691335567,0.0,255.0,117510,9464,126974,0,0.27018140850251765,0.021759823419860668,0.2919412319223783,182.3862649987235,221.42128064243448,17.64117893483236,16.727021665921132,0.8237070242112171,-39.03501564371098,439,383,150,93,0,0,0,220.81085014041358,645.6887151310228,1,0,0,0,0,0,0,0,0,0,0,0,0,0,0,0,0,0,0,0,clean,none
1100,fatty_liver,1,data/images/fatty_liver/1100.PNG,data/masks_liver/fatty_liver/1100.PNG,data/masks_spleen/fatty_liver/1100.PNG,646,741,81.45462787714702,76.23483603120312,0.0,255.0,129171,16092,145263,0,0.2698449505521365,0.033617026610345824,0.3034619771624823,148.35535840087945,172.69046731295055,17.91148561687957,26.255902852622995,0.8590824951150698,-24.335108912071092,445,463,131,170,0,0,0,251.40317873206834,583.1799652000994,1,0,0,0,0,0,0,0,0,0,0,0,0,0,0,0,0,0,0,0,clean,none
1101,fatty_liver,1,data/images/fatty_liver/1101.PNG,data/masks_liver/fatty_liver/1101.PNG,data/masks_spleen/fatty_liver/1101.PNG,657,771,95.66526501983034,82.3977733120765,0.0,255.0,116134,18720,134854,0,0.22926599111237456,0.036956096867615446,0.26622208797999003,160.31292300273822,181.4182158119658,20.233736533526468,29.247704991059102,0.8836649693723836,-21.105292809227592,431,378,154,213,0,0,0,248.15342621454528,594.6709401709402,1,0,0,0,0,0,0,0,0,0,0,0,0,0,0,0,0,0,0,0,clean,none
1102,fatty_liver,1,data/images/fatty_liver/1102.PNG,data/masks_liver/fatty_liver/1102.PNG,data/masks_spleen/fatty_liver/1102.PNG,607,796,102.0383155480864,85.25015590281306,0.0,255.0,109304,20191,129495,0,0.22622171814591904,0.041788431448842235,0.26801014959476127,164.7102210349118,176.955475211728,21.06552590515771,26.684908527739776,0.9308003604128946,-12.24525417681619,382,415,145,208,0,0,0,285.756440752397,656.5122579367045,1,0,0,0,0,0,0,0,0,0,0,0,0,0,0,0,0,0,0,0,clean,none
1103,fatty_liver,1,data/images/fatty_liver/1103.PNG,data/masks_liver/fatty_liver/1103.PNG,data/masks_spleen/fatty_liver/1103.PNG,640,663,72.39087952488688,67.6817486300692,0.0,255.0,94477,15256,109733,0,0.22265507164404222,0.035953996983408745,0.258609068627451,131.33282174497498,153.8323938122706,19.299511628407295,17.082169071730917,0.8537396944593304,-22.499572067295617,426,338,153,196,0,0,0,213.65459318140924,513.630374934452,1,0,0,0,0,0,0,1,0,0,0,0,0,0,0,0,0,0,0,1,watch,low_img_std
1104,fatty_liver,1,data/images/fatty_liver/1104.PNG,data/masks_liver/fatty_liver/1104.PNG,data/masks_spleen/fatty_liver/1104.PNG,602,755,83.87398297067172,71.33639476229482,0.0,255.0,68749,25093,93842,0,0.1512595982486634,0.05520890629469099,0.2064685045433544,147.3068699181079,161.0824532738214,16.50185456312183,17.874155932294325,0.9144811617266733,-13.77558335571348,342,311,238,181,0,0,0,195.20957395743937,617.6017215956641,1,0,0,0,0,0,0,0,0,0,0,0,0,0,0,0,0,0,0,0,clean,none
1106,fatty_liver,1,data/images/fatty_liver/1106.PNG,data/masks_liver/fatty_liver/1106.PNG,data/masks_spleen/fatty_liver/1106.PNG,537,676,105.25695844765463,78.51843752581124,0.0,255.0,100784,11179,111963,0,0.27763269533789514,0.030795125230019944,0.3084278205679151,166.49085172249565,159.2194292870561,14.843483963212236,25.962934247362696,1.045669183857334,7.271422435439547,413,359,137,200,0,0,0,199.67406532782982,556.5806422756955,1,0,0,0,0,0,0,0,0,0,0,0,0,0,0,0,0,0,0,0,clean,none
1108,fatty_liver,1,data/images/fatty_liver/1108.PNG,data/masks_liver/fatty_liver/1108.PNG,data/masks_spleen/fatty_liver/1108.PNG,561,678,80.50978025965011,72.86101326932192,0.0,255.0,29193,7742,36935,0,0.07675137633492657,0.02035450812129625,0.09710588445622283,152.41461994313704,177.43787135107206,12.928262843064326,29.278452802652698,0.8589745690907241,-25.02325140793502,290,194,158,134,0,0,0,146.61435960675504,548.8935675536037,1,0,0,0,0,0,0,0,0,0,0,0,0,0,0,0,0,0,0,0,clean,none
1109,fatty_liver,1,data/images/fatty_liver/1109.PNG,data/masks_liver/fatty_liver/1109.PNG,data/masks_spleen/fatty_liver/1109.PNG,663,736,102.51121385008852,89.232499049639,0.0,255.0,107736,11847,119583,0,0.22078496950619714,0.024278231359433404,0.24506320086563052,165.96341984109304,171.32987254157172,19.994021261819864,23.66531938899972,0.9686776532921648,-5.366452700478675,456,364,107,191,0,0,0,225.17771218534196,541.4093019329788,1,0,0,0,0,0,0,0,0,0,0,0,0,0,0,0,0,0,0,0,clean,none
111,fatty_liver,1,data/images/fatty_liver/111.PNG,data/masks_liver/fatty_liver/111.PNG,data/masks_spleen/fatty_liver/111.PNG,777,816,110.06030137280138,77.7931913618902,0.0,255.0,189609,17085,206694,0,0.29905272919978804,0.026946589446589446,0.3259993186463775,148.1995633118681,163.28627450980392,20.10767519042019,20.527231007616866,0.9076057546733008,-15.086711197935813,591,497,142,199,0,0,0,280.1754136143326,619.1157740708223,1,0,0,0,0,0,0,0,0,0,0,0,0,0,0,0,0,0,0,0,clean,none
1110,fatty_liver,1,data/images/fatty_liver/1110.PNG,data/masks_liver/fatty_liver/1110.PNG,data/masks_spleen/fatty_liver/1110.PNG,628,825,98.72519976838448,88.70502516358361,0.0,255.0,123149,17366,140515,0,0.2376934954641961,0.033518625747925114,0.27121212121212124,171.37262178336812,179.86542669584244,17.780285622057985,29.232895200805388,0.9527824439567347,-8.492804912474327,376,507,134,193,0,0,0,289.3051019496707,618.9805366808706,1,0,0,0,0,0,0,0,0,0,0,0,0,0,0,0,0,0,0,0,clean,none
1111,fatty_liver,1,data/images/fatty_liver/1111.PNG,data/masks_liver/fatty_liver/1111.PNG,data/masks_spleen/fatty_liver/1111.PNG,711,863,80.1389650794582,76.31049488338088,0.0,255.0,123517,33902,157419,0,0.2013011882469324,0.055251608150679685,0.2565527963976121,155.39154124533465,159.42965016813167,16.205332721663275,22.27550430449722,0.9746715250694584,-4.038108922797022,444,427,212,248,0,0,0,241.6066452391169,627.4336617308713,1,0,0,0,0,0,0,0,0,0,0,0,0,0,0,0,0,0,0,0,clean,none
1113,fatty_liver,1,data/images/fatty_liver/1113.PNG,data/masks_liver/fatty_liver/1113.PNG,data/masks_spleen/fatty_liver/1113.PNG,569,711,67.17373238514037,76.92079059702345,0.0,255.0,18185,3718,21903,0,0.04495018031980502,0.00919025407913308,0.054140434398938106,165.48820456420125,169.07073695535234,14.163823536084559,38.98197676044526,0.978810446831449,-3.5825323911510907,231,126,86,63,0,0,0,162.08754467968106,603.2980096826251,1,1,0,1,0,0,0,0,0,0,0,0,0,0,0,0,0,0,0,2,review,"small_liver, small_spleen"
1114,fatty_liver,1,data/images/fatty_liver/1114.PNG,data/masks_liver/fatty_liver/1114.PNG,data/masks_spleen/fatty_liver/1114.PNG,671,740,80.28232972167399,78.64858596334886,0.0,255.0,109331,17183,126514,0,0.2201856849397833,0.034605469851371494,0.2547911547911548,165.27492659904328,162.8877960775185,18.06964375593978,25.687811960935147,1.0146550543647463,2.3871305215247958,370,408,130,201,0,0,0,215.27694798364598,591.5638130710586,1,0,0,0,0,0,0,0,0,0,0,0,0,0,0,0,0,0,0,0,clean,none
1116,fatty_liver,1,data/images/fatty_liver/1116.PNG,data/masks_liver/fatty_liver/1116.PNG,data/masks_spleen/fatty_liver/1116.PNG,536,725,106.69969377251672,76.8768307183369,0.0,255.0,103426,3801,107227,0,0.2661502830674215,0.009781266083376223,0.27593154915079776,165.6841316496819,172.39857932123127,15.009082617795848,17.66731310087204,0.9610527612290176,-6.7144476715493795,385,392,90,151,0,0,0,223.56065206041035,550.4383057090239,1,0,0,0,0,0,0,0,0,0,0,0,0,0,0,0,0,0,0,0,clean,none
1117,fatty_liver,1,data/images/fatty_liver/1117.PNG,data/masks_liver/fatty_liver/1117.PNG,data/masks_spleen/fatty_liver/1117.PNG,570,727,102.38675161080143,92.15087501580014,0.0,255.0,100227,12285,112512,0,0.24186635777890392,0.02964598566567726,0.2715123434445812,170.90801879733007,164.9129019129019,16.523866183316592,22.240423812671857,1.0363532251178338,5.995116884428171,416,345,116,151,0,0,0,231.27269099144942,568.8180708180709,1,0,0,0,0,0,0,0,0,0,0,0,0,0,0,0,0,0,0,0,clean,none
1118,fatty_liver,1,data/images/fatty_liver/1118.PNG,data/masks_liver/fatty_liver/1118.PNG,data/masks_spleen/fatty_liver/1118.PNG,600,709,116.99409026798307,88.8841052617285,0.0,255.0,112450,21197,133647,0,0.26433944522802066,0.049828396803008934,0.3141678420310296,179.80847487772343,190.20177383592016,21.272908792560315,24.43842833361173,0.9453564512362588,-10.393298958196738,447,425,241,163,0,0,0,200.3851133837261,598.3588715384252,1,0,0,0,0,0,0,0,0,0,0,0,0,0,0,0,0,0,0,0,clean,none
1119,fatty_liver,1,data/images/fatty_liver/1119.PNG,data/masks_liver/fatty_liver/1119.PNG,data/masks_spleen/fatty_liver/1119.PNG,681,793,88.85284973325705,85.27264579810497,0.0,255.0,115656,22726,138382,0,0.21416468993561505,0.04208261346991758,0.25624730340553264,171.6795496991077,194.2704391445921,20.97144346706024,28.037061598299754,0.8837142159729993,-22.590889445484407,454,425,205,194,0,0,0,252.63932696963408,612.2375693038811,1,0,0,0,0,0,0,0,0,0,0,0,0,0,0,0,0,0,0,0,clean,none
1120,fatty_liver,1,data/images/fatty_liver/1120.PNG,data/masks_liver/fatty_liver/1120.PNG,data/masks_spleen/fatty_liver/1120.PNG,601,694,84.9537778054827,84.61971168129229,0.0,255.0,93775,15007,108782,0,0.2248294149520252,0.03597989901556963,0.2608093139675948,167.37557984537457,179.44299326980743,18.03962050750722,25.34792740873159,0.9327507074124695,-12.067413424432857,363,398,129,163,0,0,0,225.23838976272995,509.88092223628973,1,0,0,0,0,0,0,0,0,0,0,0,0,0,0,0,0,0,0,0,clean,none
1122,fatty_liver,1,data/images/fatty_liver/1122.PNG,data/masks_liver/fatty_liver/1122.PNG,data/masks_spleen/fatty_liver/1122.PNG,664,742,64.7046832884097,72.83130129508896,0.0,255.0,94150,16845,110995,0,0.19109456694703342,0.03418999447926477,0.22528456142629819,133.52045671800317,177.19287622439893,22.37693223225747,28.998130301901377,0.7535317378977455,-43.672419506395755,370,375,190,178,0,0,0,257.59494423791824,588.6308696942713,1,0,0,0,0,0,0,0,0,0,0,0,0,0,0,0,0,0,0,0,clean,none
1124,fatty_liver,1,data/images/fatty_liver/1124.PNG,data/masks_liver/fatty_liver/1124.PNG,data/masks_spleen/fatty_liver/1124.PNG,750,933,94.83769489103251,80.70467815074483,0.0,255.0,141840,35079,176919,0,0.20270096463022508,0.050130760986066454,0.2528317256162915,165.19466300056402,186.61609509963225,20.399900080468207,28.25336944497175,0.8852112248257966,-21.421432099068227,496,471,234,277,0,0,0,252.12974478285392,728.3250662789703,1,0,0,0,0,0,0,0,0,0,0,0,0,0,0,0,0,0,0,0,clean,none
1125,fatty_liver,1,data/images/fatty_liver/1125.PNG,data/masks_liver/fatty_liver/1125.PNG,data/masks_spleen/fatty_liver/1125.PNG,617,701,124.85162664126497,78.13877004943339,0.0,255.0,139077,22142,161219,0,0.32155267885424155,0.051193363497850954,0.3727460423520925,172.48271101619966,181.76113268900733,23.24649906345426,21.84718527859466,0.9489526584452151,-9.278421672807667,469,457,144,204,0,0,0,205.97002379976558,533.7956372504742,1,0,0,0,0,0,1,0,0,0,0,0,0,0,0,0,0,0,0,1,watch,high_img_mean
1126,fatty_liver,1,data/images/fatty_liver/1126.PNG,data/masks_liver/fatty_liver/1126.PNG,data/masks_spleen/fatty_liver/1126.PNG,635,707,115.329917918676,73.88569890216104,0.0,255.0,136215,17972,154187,0,0.3034113310093664,0.04003162970965263,0.34344296071901903,152.199207135778,178.40679946583575,19.525580719192224,12.510949775886385,0.853102049576432,-26.207592330057736,436,608,168,159,0,0,0,266.9250890136916,575.344535944803,1,0,0,0,0,0,0,0,0,0,0,0,0,0,0,0,0,0,0,0,clean,none
1127,fatty_liver,1,data/images/fatty_liver/1127.PNG,data/masks_liver/fatty_liver/1127.PNG,data/masks_spleen/fatty_liver/1127.PNG,637,859,91.7925209664774,79.33288251658345,0.0,255.0,135378,11242,146620,0,0.2474090021071561,0.020545228927068275,0.2679542310342244,162.4148975461301,178.5091620708059,18.91017348231552,36.637882315890174,0.9098406756952192,-16.094264524675793,418,465,139,183,0,0,0,271.9305500155121,669.7042341220423,1,0,0,0,0,0,0,0,0,0,0,0,0,0,0,0,0,0,0,0,clean,none
1129,fatty_liver,1,data/images/fatty_liver/1129.PNG,data/masks_liver/fatty_liver/1129.PNG,data/masks_spleen/fatty_liver/1129.PNG,578,797,87.86561196181181,77.31417800138028,0.0,255.0,119661,19171,138832,0,0.25975652642044345,0.04161583446575176,0.3013723608861952,149.05649292584886,180.9827343383235,18.328542456979438,20.960483901934722,0.8235950940138422,-31.92624141247464,380,615,187,183,0,0,0,297.4589465239301,624.0493975275156,1,0,0,0,0,0,0,0,0,0,0,0,0,0,0,0,0,0,0,0,clean,none
1130,fatty_liver,1,data/images/fatty_liver/1130.PNG,data/masks_liver/fatty_liver/1130.PNG,data/masks_spleen/fatty_liver/1130.PNG,670,791,76.18040266430175,74.35275211582385,0.0,255.0,110589,15546,126135,0,0.20867030209257129,0.029333735871841803,0.23800403796441308,156.78152438307606,164.01042068699343,16.244751335418854,27.823334331983496,0.955924158784779,-7.228896303917367,411,396,140,189,0,0,0,249.25755726157212,573.1433809340023,1,0,0,0,0,0,0,0,0,0,0,0,0,0,0,0,0,0,0,0,clean,none
1131,fatty_liver,1,data/images/fatty_liver/1131.PNG,data/masks_liver/fatty_liver/1131.PNG,data/masks_spleen/fatty_liver/1131.PNG,637,707,89.52614025699498,85.13021980226212,0.0,255.0,99712,26122,125834,0,0.22140558976283364,0.058002615691037596,0.27940820545387124,172.07758344030808,183.3386800398132,18.79358536404014,20.83161984421118,0.9385776229236661,-11.261096599505123,362,435,215,272,0,0,0,254.7764862804878,536.8308322486793,1,0,0,0,0,0,0,0,0,0,0,0,0,0,0,0,0,0,0,0,clean,none
1133,fatty_liver,1,data/images/fatty_liver/1133.PNG,data/masks_liver/fatty_liver/1133.PNG,data/masks_spleen/fatty_liver/1133.PNG,673,779,86.13798884919325,80.45248452683772,0.0,255.0,124964,16099,141063,0,0.23835946187724957,0.030707635613151315,0.26906709749040086,165.47857783041516,172.26529598111685,20.8900423804636,31.049901748440025,0.9606030972596551,-6.786718150701688,424,422,123,199,0,0,0,258.94712877308666,578.3093359836015,1,0,0,0,0,0,0,0,0,0,0,0,0,0,0,0,0,0,0,0,clean,none
1134,fatty_liver,1,data/images/fatty_liver/1134.PNG,data/masks_liver/fatty_liver/1134.PNG,data/masks_spleen/fatty_liver/1134.PNG,584,710,91.6098808605055,81.15239496801232,0.0,255.0,121971,16130,138101,0,0.2941612000771754,0.03890121551225159,0.33306241558942695,169.66994613473693,173.04178549287042,16.057757360596423,18.211534868530105,0.9805142998897991,-3.371839358133485,410,558,140,178,0,0,0,284.2526748161448,542.9821450712957,1,0,0,0,0,0,0,0,0,0,0,0,0,0,0,0,0,0,0,0,clean,none
1135,fatty_liver,1,data/images/fatty_liver/1135.PNG,data/masks_liver/fatty_liver/1135.PNG,data/masks_spleen/fatty_liver/1135.PNG,574,740,88.9859355871551,76.81802598145158,0.0,255.0,120149,19729,139878,0,0.28286326396082495,0.046447405593747056,0.329310669554572,153.54096996229683,171.8989811951949,17.487625823677725,27.997807410660776,0.8932046484600348,-18.358011232898065,421,470,179,212,0,0,0,258.80876245328716,585.9334989102337,1,0,0,0,0,0,0,0,0,0,0,0,0,0,0,0,0,0,0,0,clean,none
1137,fatty_liver,1,data/images/fatty_liver/1137.PNG,data/masks_liver/fatty_liver/1137.PNG,data/masks_spleen/fatty_liver/1137.PNG,661,825,103.73742447164535,88.2926694365138,0.0,255.0,140620,18375,158995,0,0.2578645761701738,0.033695502681886945,0.2915600788520607,160.3527449864884,174.528,17.592452374020528,24.158367904507205,0.918779474168666,-14.175255013511588,441,516,144,245,0,0,0,272.2266533921206,620.6788571428572,1,0,0,0,0,0,0,0,0,0,0,0,0,0,0,0,0,0,0,0,clean,none
1138,fatty_liver,1,data/images/fatty_liver/1138.PNG,data/masks_liver/fatty_liver/1138.PNG,data/masks_spleen/fatty_liver/1138.PNG,681,814,79.63419887648962,81.65729810493141,0.0,255.0,119574,21242,140816,0,0.21570749764582364,0.03831985770311761,0.2540273553489413,170.9555756268085,189.03158836267772,20.44054213498886,30.772590877561754,0.904375698279781,-18.076012735869227,387,466,191,229,0,0,0,261.6806747286199,589.4311740890688,1,0,0,0,0,0,0,0,0,0,0,0,0,0,0,0,0,0,0,0,clean,none
1139,fatty_liver,1,data/images/fatty_liver/1139.PNG,data/masks_liver/fatty_liver/1139.PNG,data/masks_spleen/fatty_liver/1139.PNG,623,783,92.097896922771,83.24542849153939,0.0,255.0,29930,13749,43679,0,0.06135598154195597,0.028185211834959995,0.08954119337691596,151.7846976277982,170.79358498799914,13.360478732629161,25.47440089658205,0.8887025630954514,-19.00888736020093,276,171,146,143,0,0,0,115.1841296358169,654.1835769874173,1,0,0,0,0,0,0,0,0,0,0,0,0,0,0,0,0,0,0,0,clean,none
1141,fatty_liver,1,data/images/fatty_liver/1141.PNG,data/masks_liver/fatty_liver/1141.PNG,data/masks_spleen/fatty_liver/1141.PNG,585,763,88.18652193881552,79.725824576925,0.0,255.0,115493,21112,136605,0,0.2587469614992551,0.047298674821610605,0.3060456363208657,159.37070644974153,176.09496968548692,18.61479701620268,17.47782737859395,0.905027019393895,-16.724263235745383,375,496,171,207,0,0,0,269.80364177915544,591.2302008336491,1,0,0,0,0,0,0,0,0,0,0,0,0,0,0,0,0,0,0,0,clean,none
1142,fatty_liver,1,data/images/fatty_liver/1142.PNG,data/masks_liver/fatty_liver/1142.PNG,data/masks_spleen/fatty_liver/1142.PNG,697,805,93.48794389441885,85.42436849688265,0.0,255.0,136141,9635,145776,0,0.2426388158656888,0.017172086225794667,0.25981090209148344,168.60546051520114,171.0726517903477,18.158053087220758,33.851519776100346,0.9855781024324787,-2.467191275146547,461,411,123,151,0,0,0,277.026031834642,629.0060197197716,1,0,0,0,0,0,0,0,0,0,0,0,0,0,0,0,0,0,0,0,clean,none
1144,fatty_liver,1,data/images/fatty_liver/1144.PNG,data/masks_liver/fatty_liver/1144.PNG,data/masks_spleen/fatty_liver/1144.PNG,739,856,100.64290276074007,83.01051194244094,0.0,255.0,145172,31319,176491,0,0.22949047083075133,0.049509630341583094,0.2790001011723344,163.86718513211915,170.78907372521473,16.38818113444257,23.585084738759104,0.9594711218839242,-6.921888593095588,481,424,231,290,0,0,0,251.0929104786047,677.374373383569,1,0,0,0,0,0,0,0,0,0,0,0,0,0,0,0,0,0,0,0,clean,none
1145,fatty_liver,1,data/images/fatty_liver/1145.PNG,data/masks_liver/fatty_liver/1145.PNG,data/masks_spleen/fatty_liver/1145.PNG,632,765,80.99460784313726,82.5165998996732,0.0,255.0,21259,18381,39640,0,0.04397079506908248,0.03801811863986101,0.0819889137089435,159.40754503974787,183.50954790272564,12.083164766466775,22.624317079635784,0.8686607644828678,-24.10200286297777,246,139,234,139,0,0,0,110.88663624817724,658.4387682933464,1,1,0,0,0,0,0,0,0,0,0,0,0,0,0,0,0,0,0,1,watch,small_liver
1147,fatty_liver,1,data/images/fatty_liver/1147.PNG,data/masks_liver/fatty_liver/1147.PNG,data/masks_spleen/fatty_liver/1147.PNG,708,813,88.93403798444764,84.88854624560314,0.0,255.0,127442,16344,143786,0,0.22140568863315752,0.028394521233347927,0.24980020986650545,155.0340860940663,178.97509789525208,18.797184459660034,31.81780616396003,0.8662327164562842,-23.941011801185766,417,483,159,211,0,0,0,268.4588754099904,610.3201174743025,1,0,0,0,0,0,0,0,0,0,0,0,0,0,0,0,0,0,0,0,clean,none
1148,fatty_liver,1,data/images/fatty_liver/1148.PNG,data/masks_liver/fatty_liver/1148.PNG,data/masks_spleen/fatty_liver/1148.PNG,558,665,96.53231196270245,79.39421644064794,0.0,255.0,88991,9463,98454,0,0.23982267496698736,0.025501926860161155,0.2653246018271485,168.05228618624355,168.94409806615238,15.844443654426327,30.421921945699467,0.9947212546348859,-0.891811879908829,357,353,110,166,0,0,0,201.87785281657696,495.60879213779987,1,0,0,0,0,0,0,0,0,0,0,0,0,0,0,0,0,0,0,0,clean,none
1149,fatty_liver,1,data/images/fatty_liver/1149.PNG,data/masks_liver/fatty_liver/1149.PNG,data/masks_spleen/fatty_liver/1149.PNG,621,730,79.60044117971455,83.51885923574112,0.0,255.0,93273,25422,118695,0,0.2057507775792469,0.05607835351730527,0.2618291310965522,173.86340098420766,182.89493352214618,22.58550537009935,26.272632418579224,0.9506190066907243,-9.031532537938517,404,380,252,198,0,0,0,234.5263473888478,562.6185587286602,1,0,0,0,0,0,0,0,0,0,0,0,0,0,0,0,0,0,0,0,clean,none
1150,fatty_liver,1,data/images/fatty_liver/1150.PNG,data/masks_liver/fatty_liver/1150.PNG,data/masks_spleen/fatty_liver/1150.PNG,586,756,100.52092475215342,83.7245604393161,0.0,255.0,138879,22971,161850,0,0.3134852917276125,0.05185140040088845,0.365336692128501,171.26033453581894,180.33455226154717,19.18374697249483,26.241966513382472,0.9496811977426894,-9.074217725728232,394,571,168,225,0,0,0,306.5472317629015,622.7322711244612,1,0,0,0,0,0,0,0,0,0,0,0,0,0,0,0,0,0,0,0,clean,none
1152,fatty_liver,1,data/images/fatty_liver/1152.PNG,data/masks_liver/fatty_liver/1152.PNG,data/masks_spleen/fatty_liver/1152.PNG,573,672,99.32335556386603,75.38005290019146,0.0,255.0,105453,17539,122992,0,0.27386406133133884,0.04554921881492562,0.31941328014626447,161.78287009378585,172.57107018644163,14.877012923079818,26.731773752939933,0.9374854602310461,-10.788200092655785,391,451,182,196,0,0,0,230.571809242032,554.2199099150465,1,0,0,0,0,0,0,0,0,0,0,0,0,0,0,0,0,0,0,0,clean,none
1154,fatty_liver,1,data/images/fatty_liver/1154.PNG,data/masks_liver/fatty_liver/1154.PNG,data/masks_spleen/fatty_liver/1154.PNG,721,936,90.74468034662209,84.5106430854094,0.0,255.0,151135,31403,182538,0,0.22395148001944118,0.04653288997949192,0.2704843699989331,161.10997452608595,178.11011686781518,25.152492753378343,26.33497264453655,0.9045526242683982,-17.00014234172923,462,575,207,263,0,0,0,326.08090779766434,681.4133363054485,1,0,0,0,0,0,0,0,0,0,0,0,0,0,0,0,0,0,0,0,clean,none
1156,fatty_liver,1,data/images/fatty_liver/1156.PNG,data/masks_liver/fatty_liver/1156.PNG,data/masks_spleen/fatty_liver/1156.PNG,534,734,70.63544632560797,73.88728396510692,0.0,255.0,20302,2534,22836,0,0.05179663023400586,0.006465011378828236,0.05826164161283409,157.1834302039208,189.4893449092344,13.970603462390917,15.081091151003413,0.8295106484731434,-32.3059147053136,267,122,61,68,0,0,0,166.46862378090827,512.8401736385161,1,0,0,1,0,0,0,0,0,0,0,0,0,0,0,0,0,0,0,1,watch,small_spleen
1158,fatty_liver,1,data/images/fatty_liver/1158.PNG,data/masks_liver/fatty_liver/1158.PNG,data/masks_spleen/fatty_liver/1158.PNG,593,801,114.84710722052746,78.48685496072761,0.0,255.0,120199,24563,144762,0,0.2530542555363974,0.051712341023972985,0.30476659656037036,166.49401409329528,202.73810202336847,23.87715885855907,17.930327656015304,0.8212270491359213,-36.24408793007319,457,375,155,255,0,0,0,200.25748966297556,597.9385661360583,1,0,0,0,0,0,0,0,0,0,0,0,0,0,0,0,0,0,0,0,clean,none
1160,fatty_liver,1,data/images/fatty_liver/1160.PNG,data/masks_liver/fatty_liver/1160.PNG,data/masks_spleen/fatty_liver/1160.PNG,670,823,74.47125006800748,79.4587579004507,0.0,255.0,113380,32174,145554,0,0.20561832393318946,0.05834859723254928,0.2639669211657387,152.8336038101958,171.22480885186798,17.6640027714477,20.071550199694617,0.8925902965955518,-18.39120504167218,388,454,272,210,0,0,0,287.9333392132651,587.5746254739852,1,0,0,0,0,0,0,0,0,0,0,0,0,0,0,0,0,0,0,0,clean,none
1162,fatty_liver,1,data/images/fatty_liver/1162.PNG,data/masks_liver/fatty_liver/1162.PNG,data/masks_spleen/fatty_liver/1162.PNG,691,871,89.6161190042219,74.07029525508844,0.0,255.0,143368,27301,170669,0,0.23820782539490015,0.045360972051686356,0.28356879744658653,146.32349617766866,159.91458188344748,20.32749067648427,22.801660251583517,0.9150103357635333,-13.591085705778823,414,486,277,241,0,0,0,282.84783215222365,754.6377055785503,1,0,0,0,0,0,0,0,0,0,0,0,0,0,0,0,0,0,0,0,clean,none
1163,fatty_liver,1,data/images/fatty_liver/1163.PNG,data/masks_liver/fatty_liver/1163.PNG,data/masks_spleen/fatty_liver/1163.PNG,657,775,80.51368586438848,78.26469035604642,0.0,255.0,28999,5415,34414,0,0.05695291402759366,0.010634850493445279,0.06758776452103893,143.372702506983,168.47793167128347,16.176621609691743,29.82736141500754,0.8509880210052009,-25.105229164300482,294,181,116,69,0,0,0,126.38453050105176,685.8046168051708,1,0,0,0,0,0,0,0,0,0,0,0,0,0,0,0,0,0,0,0,clean,none
1164,fatty_liver,1,data/images/fatty_liver/1164.PNG,data/masks_liver/fatty_liver/1164.PNG,data/masks_spleen/fatty_liver/1164.PNG,719,846,78.96062958469373,73.95836678888675,0.0,255.0,155071,26486,181557,0,0.2549360978769436,0.043542877058693946,0.2984789749356376,147.73686246944948,169.1377708978328,19.642491452684688,26.585305327130893,0.8734705489598711,-21.40090842838333,539,546,221,216,0,0,0,336.40414390827425,640.607113191875,1,0,0,0,0,0,0,0,0,0,0,0,0,0,0,0,0,0,0,0,clean,none
1165,fatty_liver,1,data/images/fatty_liver/1165.PNG,data/masks_liver/fatty_liver/1165.PNG,data/masks_spleen/fatty_liver/1165.PNG,561,666,89.70260099671864,71.06931931699646,0.0,255.0,108614,20330,128944,0,0.2907024671730554,0.054412701471525,0.3451151686445804,138.75667961772885,160.41116576487948,14.243406695432919,22.192495136913664,0.8650063609418763,-21.654486147150635,386,468,202,197,0,0,0,245.5948312372254,528.4679783571078,1,0,0,0,0,0,0,0,0,0,0,0,0,0,0,0,0,0,0,0,clean,none
1166,fatty_liver,1,data/images/fatty_liver/1166.PNG,data/masks_liver/fatty_liver/1166.PNG,data/masks_spleen/fatty_liver/1166.PNG,635,779,100.48175431857923,74.26752041306088,0.0,255.0,142871,23613,166484,0,0.2888237494061638,0.047735336035498774,0.3365590854416625,140.66205178097724,160.16169059416424,13.938609302744117,21.6762117809451,0.878250288073896,-19.499638813187005,440,539,195,243,0,0,0,262.66221276536174,621.7051200609834,1,0,0,0,0,0,0,0,0,0,0,0,0,0,0,0,0,0,0,0,clean,none
1168,fatty_liver,1,data/images/fatty_liver/1168.PNG,data/masks_liver/fatty_liver/1168.PNG,data/masks_spleen/fatty_liver/1168.PNG,639,788,107.03403755868544,80.38602642315523,0.0,255.0,155874,27590,183464,0,0.3095612592645552,0.05479294265309851,0.3643542019176537,174.12242580545825,179.94958318231244,14.08910611055526,17.892556044490707,0.9676178280526032,-5.827157376854188,456,545,183,226,0,0,0,260.9360765746693,616.3123957955781,1,0,0,0,0,0,0,0,0,0,0,0,0,0,0,0,0,0,0,0,clean,none
1169,fatty_liver,1,data/images/fatty_liver/1169.PNG,data/masks_liver/fatty_liver/1169.PNG,data/masks_spleen/fatty_liver/1169.PNG,621,747,100.80131799339063,86.66868032508081,0.0,255.0,113921,31560,145481,0,0.24557920355603843,0.06803380995802857,0.313613013514067,164.23202043521388,172.07262357414447,16.69299702724585,20.54286188644805,0.95443433167632,-7.8406031389305895,410,424,239,261,0,0,0,216.78061990326628,571.9613751584284,1,0,0,0,0,0,0,0,0,0,0,0,0,0,0,0,0,0,0,0,clean,none
117,fatty_liver,1,data/images/fatty_liver/117.PNG,data/masks_liver/fatty_liver/117.PNG,data/masks_spleen/fatty_liver/117.PNG,622,906,87.06022550627117,86.33453846873554,0.0,255.0,126238,32009,158247,0,0.224012123535132,0.056800678577259144,0.2808128021123911,162.4711338899539,179.202630510169,18.548536253585635,24.31867926297935,0.9066336388075549,-16.731496620215097,418,524,253,227,0,0,0,308.54346551751456,659.8888125214784,1,0,0,0,0,0,0,0,0,0,0,0,0,0,0,0,0,0,0,0,clean,none
117 (2),fatty_liver,1,data/images/fatty_liver/117 (2).PNG,data/masks_liver/fatty_liver/117 (2).PNG,data/masks_spleen/fatty_liver/117 (2).PNG,611,770,81.11525283227411,76.14298876538152,0.0,255.0,99428,18128,117556,0,0.2113375985716411,0.03853168108487257,0.2498692796565137,143.22259323329445,175.39612753751103,24.999451972623227,23.707058555194635,0.8165664454940589,-32.17353430421659,443,357,143,185,0,0,0,245.5593193064328,556.9005957634598,1,0,0,0,0,0,0,0,0,0,0,0,0,0,0,0,0,0,0,0,clean,none
1170,fatty_liver,1,data/images/fatty_liver/1170.PNG,data/masks_liver/fatty_liver/1170.PNG,data/masks_spleen/fatty_liver/1170.PNG,638,762,75.58111593809394,74.12544538280872,0.0,255.0,102972,14797,117769,0,0.21180855527855255,0.030436732242325508,0.24224528752087807,129.26399409548227,152.87788065148342,15.913595083848326,30.416938182979507,0.8455375800546879,-23.613886556001148,389,456,149,170,0,0,0,250.18487550013597,522.6565520037846,1,0,0,0,0,0,0,0,0,0,0,0,0,0,0,0,0,0,0,0,clean,none
1171,fatty_liver,1,data/images/fatty_liver/1171.PNG,data/masks_liver/fatty_liver/1171.PNG,data/masks_spleen/fatty_liver/1171.PNG,684,719,83.90767513359198,77.15724275593848,0.0,255.0,120230,24697,144927,0,0.24447128484168232,0.05021797655938641,0.2946892614010687,158.57708558596025,167.93177308984897,18.10347936144724,20.35198032418521,0.9442947080468306,-9.354687503888726,431,535,203,194,0,0,0,258.89777925642517,548.7826051747176,1,0,0,0,0,0,0,0,0,0,0,0,0,0,0,0,0,0,0,0,clean,none
1175,fatty_liver,1,data/images/fatty_liver/1175.PNG,data/masks_liver/fatty_liver/1175.PNG,data/masks_spleen/fatty_liver/1175.PNG,691,789,90.79984189259335,82.45944020764023,0.0,255.0,108855,16859,125714,0,0.19966104119780118,0.030922653930032885,0.23058369512783405,168.76991410592072,165.45512782490064,17.943919515119347,30.834477138073957,1.0200343458952432,3.3147862810200763,461,386,184,197,0,0,0,249.66458132377934,614.0505368052673,1,0,0,0,0,0,0,0,0,0,0,0,0,0,0,0,0,0,0,0,clean,none
1176,fatty_liver,1,data/images/fatty_liver/1176.PNG,data/masks_liver/fatty_liver/1176.PNG,data/masks_spleen/fatty_liver/1176.PNG,670,749,76.05473168204372,80.60297750791187,0.0,255.0,105763,19815,125578,0,0.21075463802482913,0.03948548313173784,0.25024012115656696,167.46310146270434,177.53257633106233,19.63263651018014,28.769950540439478,0.9432809683735935,-10.069474868357986,394,413,182,199,0,0,0,237.21693787052183,570.0515266212466,1,0,0,0,0,0,0,0,0,0,0,0,0,0,0,0,0,0,0,0,clean,none
1178,fatty_liver,1,data/images/fatty_liver/1178.PNG,data/masks_liver/fatty_liver/1178.PNG,data/masks_spleen/fatty_liver/1178.PNG,601,729,81.66324301746747,82.39332566108064,0.0,255.0,21685,2053,23738,0,0.04949455525655686,0.0046858345373166355,0.0541803897938735,166.23638459764814,181.334145153434,14.385929212466086,28.034794820295136,0.9167406587449279,-15.097760555785868,253,137,56,57,0,0,0,105.31321189762508,583.4554310764735,1,0,0,1,0,0,0,0,0,0,0,0,0,0,0,0,0,0,0,1,watch,small_spleen
1179,fatty_liver,1,data/images/fatty_liver/1179.PNG,data/masks_liver/fatty_liver/1179.PNG,data/masks_spleen/fatty_liver/1179.PNG,668,827,105.21315229275427,83.10813087521872,0.0,255.0,156945,5930,162875,0,0.2840962573040135,0.010734275101550225,0.29483053240556373,147.14020835324476,173.52664418212478,16.540453204644162,36.375761184108704,0.8479401431337179,-26.386435828880025,501,504,87,164,0,0,0,281.79401701232916,660.8335581787521,1,0,0,0,0,0,0,0,0,0,0,0,0,0,0,0,0,0,0,0,clean,none
1180,fatty_liver,1,data/images/fatty_liver/1180.PNG,data/masks_liver/fatty_liver/1180.PNG,data/masks_spleen/fatty_liver/1180.PNG,691,805,88.99432814087065,84.43417021119797,0.0,255.0,139232,20441,159673,0,0.2503024691912882,0.03674753485361929,0.28705000404490744,154.58820529763273,171.4831466170931,18.43122741072661,25.317896109515885,0.9014775355232848,-16.894941319460372,417,579,162,227,0,0,0,263.748793380832,597.4387750110072,1,0,0,0,0,0,0,0,0,0,0,0,0,0,0,0,0,0,0,0,clean,none
1182,fatty_liver,1,data/images/fatty_liver/1182.PNG,data/masks_liver/fatty_liver/1182.PNG,data/masks_spleen/fatty_liver/1182.PNG,659,747,72.86682592788961,75.2483574530704,0.0,255.0,113749,23647,137396,0,0.2310689393893226,0.048036353811807674,0.27910529320113026,154.11204494105442,157.82792743265531,13.966626486691052,22.073274595707105,0.976456109330571,-3.715882491600894,429,471,213,191,0,0,0,264.5322332504022,569.1520700300249,1,0,0,0,0,0,0,0,0,0,0,0,0,0,0,0,0,0,0,0,clean,none
1183,fatty_liver,1,data/images/fatty_liver/1183.PNG,data/masks_liver/fatty_liver/1183.PNG,data/masks_spleen/fatty_liver/1183.PNG,650,794,68.06559968998256,73.36140829881565,0.0,255.0,90643,4975,95618,0,0.1756306917264096,0.009639604727765937,0.18527029645417556,137.96283220987831,162.86170854271356,19.148612765611407,22.573123412555688,0.8471164437439174,-24.898876332835243,349,364,91,99,0,0,0,271.36606246483456,630.8309547738694,1,0,0,0,0,0,0,0,0,0,0,0,0,0,0,0,0,0,0,0,clean,none
1184,fatty_liver,1,data/images/fatty_liver/1184.PNG,data/masks_liver/fatty_liver/1184.PNG,data/masks_spleen/fatty_liver/1184.PNG,632,862,80.95928294516726,81.12918038251706,0.0,255.0,118834,26842,145676,0,0.21813048841375665,0.049270903697612264,0.26740139211136893,172.01339683928842,167.04083153267268,16.571124686836214,26.273107561427974,1.0297685555754346,4.972565306615735,382,485,227,238,0,0,0,278.7306494774223,616.2920050666866,1,0,0,0,0,0,0,0,0,0,0,0,0,0,0,0,0,0,0,0,clean,none
1185,fatty_liver,1,data/images/fatty_liver/1185.PNG,data/masks_liver/fatty_liver/1185.PNG,data/masks_spleen/fatty_liver/1185.PNG,678,793,73.02990027043414,77.69391251291427,0.0,255.0,97666,19172,116838,0,0.1816521405959967,0.03565862059986534,0.217310761195862,155.39054532795447,170.39296891299813,18.585861277976484,25.80082613930326,0.9119539697400437,-15.002423585043658,388,364,174,169,0,0,0,220.3845862429095,583.806071354058,1,0,0,0,0,0,0,0,0,0,0,0,0,0,0,0,0,0,0,0,clean,none
1186,fatty_liver,1,data/images/fatty_liver/1186.PNG,data/masks_liver/fatty_liver/1186.PNG,data/masks_spleen/fatty_liver/1186.PNG,619,897,101.95054957919325,77.54031309208459,0.0,255.0,164487,34415,198902,0,0.29624326646171134,0.06198187100062495,0.3582251374623363,130.21711746217025,195.85785268051723,26.688990138360268,18.568929207908536,0.6648552254359942,-65.64073521834698,455,673,261,294,0,0,0,315.24175162778823,726.9778584919367,1,0,0,0,0,0,0,0,0,0,0,0,0,1,0,0,0,0,0,1,watch,low_mean_ratio
1187,fatty_liver,1,data/images/fatty_liver/1187.PNG,data/masks_liver/fatty_liver/1187.PNG,data/masks_spleen/fatty_liver/1187.PNG,637,819,104.31220637029114,79.20001731918362,0.0,255.0,109937,27321,137258,0,0.2107271761902845,0.052368876544700724,0.2630960527349852,163.98881177401603,171.17422495516269,20.303513555368085,21.925178884048425,0.9580228031349253,-7.185413181146657,421,486,212,248,0,0,0,238.13358559902488,635.3174481168332,1,0,0,0,0,0,0,0,0,0,0,0,0,0,0,0,0,0,0,0,clean,none
1188,fatty_liver,1,data/images/fatty_liver/1188.PNG,data/masks_liver/fatty_liver/1188.PNG,data/masks_spleen/fatty_liver/1188.PNG,620,716,83.54719769327806,82.00057707835316,0.0,255.0,95724,14648,110372,0,0.21563344746801225,0.03299693638493422,0.24863038385294647,168.41718900171327,186.17504096122337,20.350913325895654,28.329822866825644,0.9046174354390171,-17.757851959510106,410,361,113,202,0,0,0,223.463979775187,495.1527170944839,1,0,0,0,0,0,0,0,0,0,0,0,0,0,0,0,0,0,0,0,clean,none
1189,fatty_liver,1,data/images/fatty_liver/1189.PNG,data/masks_liver/fatty_liver/1189.PNG,data/masks_spleen/fatty_liver/1189.PNG,658,772,106.49185591445266,81.22863244756748,0.0,255.0,132300,17430,149730,0,0.2604453753720648,0.034312644691875206,0.29475802006394003,170.46284202569916,178.1813539873781,16.838223696674383,26.5294581177846,0.9566817024024445,-7.718511961678928,439,451,168,258,0,0,0,244.57516250944823,596.8313826735514,1,0,0,0,0,0,0,0,0,0,0,0,0,0,0,0,0,0,0,0,clean,none
1190,fatty_liver,1,data/images/fatty_liver/1190.PNG,data/masks_liver/fatty_liver/1190.PNG,data/masks_spleen/fatty_liver/1190.PNG,709,845,92.77271096051611,73.50208788983049,0.0,255.0,124139,36465,160604,0,0.2072074177314494,0.06086579147227948,0.2680732092037289,139.63009207420714,165.67588098176333,19.51577433331886,18.3390678769223,0.8427906971370573,-26.045788907556187,513,361,296,224,0,0,0,199.97058136443826,690.0169751816811,1,0,0,0,0,0,0,0,0,0,0,0,0,0,0,0,0,0,0,0,clean,none
1191,fatty_liver,1,data/images/fatty_liver/1191.PNG,data/masks_liver/fatty_liver/1191.PNG,data/masks_spleen/fatty_liver/1191.PNG,729,887,77.33110792532898,76.87375415668771,0.0,255.0,143178,18700,161878,0,0.22142423019286353,0.02891947858334764,0.2503437087762112,160.8418192739108,156.48604278074868,16.942364194530274,28.82000137045143,1.0278349135036282,4.355776493162125,460,429,163,268,0,0,0,285.106440933663,668.4342245989304,1,0,0,0,0,0,0,0,0,0,0,0,0,0,0,0,0,0,0,0,clean,none
1192,fatty_liver,1,data/images/fatty_liver/1192.PNG,data/masks_liver/fatty_liver/1192.PNG,data/masks_spleen/fatty_liver/1192.PNG,620,712,78.34118793040957,72.7866703769447,0.0,255.0,95394,20249,115643,0,0.21609731786879305,0.04587033345415006,0.2619676513229431,148.78711449357402,162.64220455331127,11.624561714307612,21.650683020690593,0.9148124497414308,-13.85509005973725,355,431,181,159,0,0,0,260.3492986980313,544.5077781618845,1,0,0,0,0,0,0,0,0,0,0,0,0,0,0,0,0,0,0,0,clean,none
1193,fatty_liver,1,data/images/fatty_liver/1193.PNG,data/masks_liver/fatty_liver/1193.PNG,data/masks_spleen/fatty_liver/1193.PNG,639,707,107.6071190620068,80.84879625976474,0.0,255.0,126592,16527,143119,0,0.28021152215825207,0.036582531492585876,0.3167940536508379,170.6750505561173,211.03769589157136,16.75584709596652,17.918233158826474,0.8087420070917856,-40.36264533545406,416,483,133,225,0,0,0,224.62067903185036,542.6297573667332,1,0,0,0,0,0,0,0,0,0,0,0,0,0,0,0,0,0,0,0,clean,none
1194,fatty_liver,1,data/images/fatty_liver/1194.PNG,data/masks_liver/fatty_liver/1194.PNG,data/masks_spleen/fatty_liver/1194.PNG,549,689,81.51733591356233,75.69579492909494,0.0,255.0,80093,3155,83248,0,0.21174004192872117,0.008340801721562624,0.2200808436502838,145.62345023909705,212.18161648177497,24.688486979398174,13.647346197806046,0.6863151104576963,-66.55816624267791,346,344,71,136,0,0,0,197.25688886669246,522.56735340729,1,0,0,1,0,0,0,0,0,0,0,0,0,0,0,0,0,0,0,1,watch,small_spleen
1195,fatty_liver,1,data/images/fatty_liver/1195.PNG,data/masks_liver/fatty_liver/1195.PNG,data/masks_spleen/fatty_liver/1195.PNG,588,770,94.0193921724534,82.78859942553768,0.0,255.0,110477,23947,134424,0,0.2440078628854139,0.052891156462585034,0.29689901934799895,168.54209473465065,179.1297030943333,18.97243545037148,29.532393049036532,0.9408941726710662,-10.587608359682662,411,409,196,209,0,0,0,267.3701132362392,608.0751242326805,1,0,0,0,0,0,0,0,0,0,0,0,0,0,0,0,0,0,0,0,clean,none
1196,fatty_liver,1,data/images/fatty_liver/1196.PNG,data/masks_liver/fatty_liver/1196.PNG,data/masks_spleen/fatty_liver/1196.PNG,650,721,67.76281019950923,78.30907675095823,0.0,255.0,93438,17456,110894,0,0.1993769337458658,0.03724741278139337,0.23662434652725914,138.65652090156038,161.85844408799267,18.641556088752857,32.43639974437008,0.8566529897539866,-23.201923186432282,312,533,172,210,0,0,0,305.83582696547444,518.1165788267645,1,0,0,0,0,0,0,0,0,0,0,0,0,0,0,0,0,0,0,0,clean,none
1197,fatty_liver,1,data/images/fatty_liver/1197.PNG,data/masks_liver/fatty_liver/1197.PNG,data/masks_spleen/fatty_liver/1197.PNG,663,717,74.3626115181616,65.37921555971367,0.0,255.0,119460,30635,150095,0,0.2512984595189862,0.06444440237204205,0.3157428618910283,132.88992131257325,115.75044883303411,16.046383584100163,22.9096416131315,1.1480726122815266,17.139472479539137,459,426,259,191,0,0,0,270.2269546291646,556.4540558185082,1,0,0,0,0,0,0,1,0,0,0,1,0,0,1,0,0,0,0,3,urgent,"low_img_std, low_spleen_mean, high_mean_ratio"
1199,fatty_liver,1,data/images/fatty_liver/1199.PNG,data/masks_liver/fatty_liver/1199.PNG,data/masks_spleen/fatty_liver/1199.PNG,613,690,96.14660141381185,82.66952613242654,0.0,255.0,111446,19855,131301,0,0.2634844078776273,0.04694186348913634,0.3104262713667636,169.55044595588896,158.05540166204986,14.365625994294755,23.813030909705933,1.0727279365351245,11.4950442938391,387,470,214,172,0,0,0,227.34010193277462,535.2725761772854,1,0,0,0,0,0,0,0,0,0,0,0,0,0,0,0,0,0,0,0,clean,none
1200,fatty_liver,1,data/images/fatty_liver/1200.PNG,data/masks_liver/fatty_liver/1200.PNG,data/masks_spleen/fatty_liver/1200.PNG,641,781,88.92847683177493,77.65370847435824,0.0,255.0,149393,14918,164311,0,0.2984153681128039,0.029798989654848677,0.32821435776765256,155.50623523190512,167.52882423917416,15.70273692527873,29.560061432720858,0.9282356932300763,-12.022589007269033,468,517,150,203,0,0,0,300.3123439518585,627.0793672074004,1,0,0,0,0,0,0,0,0,0,0,0,0,0,0,0,0,0,0,0,clean,none
1201,fatty_liver,1,data/images/fatty_liver/1201.PNG,data/masks_liver/fatty_liver/1201.PNG,data/masks_spleen/fatty_liver/1201.PNG,558,751,104.89342525378349,85.75907577177236,0.0,255.0,106920,29978,136898,0,0.255143679395215,0.07153663693331233,0.32668031632852734,177.35571455293677,185.8332110214157,18.93832511445355,21.158212585363348,0.9543811497618522,-8.477496468478932,381,466,197,231,0,0,0,258.074494949495,584.4878244045633,1,0,0,0,0,0,0,0,0,0,0,0,0,0,0,0,0,0,0,0,clean,none
1202,fatty_liver,1,data/images/fatty_liver/1202.PNG,data/masks_liver/fatty_liver/1202.PNG,data/masks_spleen/fatty_liver/1202.PNG,559,704,88.57794712554887,77.67895154258935,0.0,255.0,92387,12991,105378,0,0.23476124166531143,0.033010957066189624,0.26777219873150104,155.5037072315369,168.4327611423293,19.323423982587254,28.00710156714592,0.9232390732874934,-12.92905391079239,361,393,128,161,0,0,0,257.555662593222,545.2460164729428,1,0,0,0,0,0,0,0,0,0,0,0,0,0,0,0,0,0,0,0,clean,none
1203,fatty_liver,1,data/images/fatty_liver/1203.PNG,data/masks_liver/fatty_liver/1203.PNG,data/masks_spleen/fatty_liver/1203.PNG,608,721,81.11604633549894,76.71539870790868,0.0,254.0,114160,27014,141174,0,0.2604204686473465,0.061624023651361416,0.3220444922987079,153.36710756832517,166.59928185385357,13.383587953056113,22.556004702036834,0.9205748364647157,-13.232174285528401,415,436,288,207,0,0,0,229.34253679046952,519.2262900718146,1,0,0,0,0,0,0,0,0,0,0,0,0,0,0,0,0,0,0,0,clean,none
1204,fatty_liver,1,data/images/fatty_liver/1204.PNG,data/masks_liver/fatty_liver/1204.PNG,data/masks_spleen/fatty_liver/1204.PNG,624,827,99.68999395405079,83.17359001539312,0.0,255.0,79005,16819,95824,0,0.1530962236071063,0.03259192943292097,0.18568815304002728,154.48557686222392,186.1816992686842,20.77316343029564,17.373073851490503,0.8297570418536371,-31.69612240646029,455,267,175,159,0,0,0,198.49766470476553,736.4283251085083,1,0,0,0,0,0,0,0,0,0,0,0,0,0,0,0,0,0,0,0,clean,none
1208,fatty_liver,1,data/images/fatty_liver/1208.PNG,data/masks_liver/fatty_liver/1208.PNG,data/masks_spleen/fatty_liver/1208.PNG,584,719,75.4637457846705,73.47376469073282,0.0,255.0,97507,11867,109374,0,0.23221702516813686,0.02826176005487073,0.2604787852230076,136.04054067913074,164.4248757057386,17.941585968586036,32.318269287858016,0.8273720096661188,-28.384335026607857,395,356,167,157,0,0,0,215.0715333258125,522.8616331001938,1,0,0,0,0,0,0,0,0,0,0,0,0,0,0,0,0,0,0,0,clean,none
1209,fatty_liver,1,data/images/fatty_liver/1209.PNG,data/masks_liver/fatty_liver/1209.PNG,data/masks_spleen/fatty_liver/1209.PNG,700,840,74.29891666666667,76.58336685663863,0.0,255.0,18381,14487,32868,0,0.03126020408163265,0.024637755102040818,0.05589795918367347,142.37587726456667,160.33388555256437,21.375195326476938,26.222824054365795,0.8879961705281167,-17.9580082879977,212,136,197,109,0,0,0,168.08492465045427,735.9498170773797,1,1,0,0,0,0,0,0,0,0,0,0,0,0,0,0,0,0,0,1,watch,small_liver
1210,fatty_liver,1,data/images/fatty_liver/1210.PNG,data/masks_liver/fatty_liver/1210.PNG,data/masks_spleen/fatty_liver/1210.PNG,639,657,99.27705485406945,76.24025509441235,0.0,255.0,134005,22028,156033,0,0.3191940412983567,0.05246973129152047,0.37166377258987715,160.03057348606396,161.84188305792628,14.249786188077948,25.49005107433196,0.9888081470232142,-1.8113095718623242,453,476,190,208,0,0,0,216.30077235924034,536.9764844743054,1,0,0,0,0,0,0,0,0,0,0,0,0,0,0,0,0,0,0,0,clean,none
1211,fatty_liver,1,data/images/fatty_liver/1211.PNG,data/masks_liver/fatty_liver/1211.PNG,data/masks_spleen/fatty_liver/1211.PNG,724,785,88.04813667874863,80.27554454615264,0.0,255.0,133863,17513,151376,0,0.23553330752718443,0.030814301298518493,0.2663476088257029,146.4481671559729,167.65077371095757,15.462802397326534,21.756702125198082,0.8735311089880763,-21.20260655498467,475,437,132,204,0,0,0,241.3185495618655,595.9896077199794,1,0,0,0,0,0,0,0,0,0,0,0,0,0,0,0,0,0,0,0,clean,none
1213,fatty_liver,1,data/images/fatty_liver/1213.PNG,data/masks_liver/fatty_liver/1213.PNG,data/masks_spleen/fatty_liver/1213.PNG,528,740,85.75215243652744,72.78764919779803,0.0,255.0,103487,16426,119913,0,0.2648623054873055,0.04204033579033579,0.3069026412776413,147.69749823649346,156.60824302934373,13.61373011093738,18.117428229280122,0.9431016812168543,-8.910744792850267,371,505,242,120,0,0,0,258.118246736305,613.3907829051503,1,0,0,0,0,0,0,0,0,0,0,0,0,0,0,0,0,0,0,0,clean,none
1214,fatty_liver,1,data/images/fatty_liver/1214.PNG,data/masks_liver/fatty_liver/1214.PNG,data/masks_spleen/fatty_liver/1214.PNG,678,842,67.29138551979764,75.55216277755353,0.0,254.0,102305,15824,118129,0,0.17920704321078482,0.027718804083548793,0.2069258472943336,155.67437564146425,165.90653437815976,16.49157716685137,28.094599921764058,0.9383257584556703,-10.23215873669551,392,434,156,189,0,0,0,298.5881335223107,576.0781092012134,1,0,0,0,0,0,0,0,0,0,0,0,0,0,0,0,0,0,0,0,clean,none
1215,fatty_liver,1,data/images/fatty_liver/1215.PNG,data/masks_liver/fatty_liver/1215.PNG,data/masks_spleen/fatty_liver/1215.PNG,725,836,68.5622587031843,74.80909352893592,0.0,255.0,121684,28390,150074,0,0.20076555023923445,0.04684045537040092,0.24760600560963536,140.7333420992078,178.55854174004932,26.95030860414178,27.869575096310527,0.788163590157047,-37.82519964084153,465,379,261,248,0,0,0,251.51594293415732,624.7836914406481,1,0,0,0,0,0,0,0,0,0,0,0,0,0,0,0,0,0,0,0,clean,none
123,fatty_liver,1,data/images/fatty_liver/123.PNG,data/masks_liver/fatty_liver/123.PNG,data/masks_spleen/fatty_liver/123.PNG,735,816,99.87160197412298,86.73606344396434,0.0,255.0,150103,21645,171748,0,0.2502717753768174,0.036089435774309724,0.2863612111511271,162.73668747460079,194.5013167013167,25.737745095341854,27.475316385972878,0.8366868121917054,-31.764629226715925,479,544,173,208,0,0,0,319.2107419571894,622.5994455994456,1,0,0,0,0,0,0,0,0,0,0,0,0,0,0,0,0,0,0,0,clean,none
124,fatty_liver,1,data/images/fatty_liver/124.PNG,data/masks_liver/fatty_liver/124.PNG,data/masks_spleen/fatty_liver/124.PNG,690,817,83.14174870948858,92.70623487681723,0.0,255.0,96559,19478,116037,0,0.17128589927802318,0.0345520018448548,0.20583790112287798,160.08273697946333,188.36210083170758,23.561582472853992,23.65951437662517,0.8498670137079354,-28.279363852244245,417,324,176,183,0,0,0,239.8967988483725,587.8476229592361,1,0,0,0,0,0,0,0,0,0,0,0,0,0,0,0,0,0,0,0,clean,none
125,fatty_liver,1,data/images/fatty_liver/125.PNG,data/masks_liver/fatty_liver/125.PNG,data/masks_spleen/fatty_liver/125.PNG,670,725,86.78581369016985,87.57387755806579,0.0,255.0,110912,19080,129992,0,0.22833144621718993,0.03927946474523932,0.2676109109624292,161.1396061742643,182.99439203354297,17.954463989175828,25.209905377405015,0.8805712759992997,-21.854785859278678,409,479,199,174,0,0,0,245.67942152336988,560.0918238993711,1,0,0,0,0,0,0,0,0,0,0,0,0,0,0,0,0,0,0,0,clean,none
126,fatty_liver,1,data/images/fatty_liver/126.PNG,data/masks_liver/fatty_liver/126.PNG,data/masks_spleen/fatty_liver/126.PNG,599,669,77.93607432417258,73.77166695622213,0.0,255.0,69002,32571,101573,0,0.1721903221862047,0.08127896269567365,0.25346928488187837,147.64170603750617,172.30035921525283,20.70885520352452,16.286492607305824,0.8568856492990445,-24.658653177746658,381,293,321,206,0,0,0,181.45734906234603,532.2525252525253,1,0,0,0,0,0,0,0,0,0,0,0,0,0,0,0,0,0,0,0,clean,none
129,fatty_liver,1,data/images/fatty_liver/129.PNG,data/masks_liver/fatty_liver/129.PNG,data/masks_spleen/fatty_liver/129.PNG,696,916,75.91335077548563,88.00857629315136,0.0,255.0,126033,12680,138713,0,0.19768765999096521,0.019889072930783517,0.21757673292174873,158.22475066054128,175.47397476340694,22.03424390308221,34.96672529551642,0.9016992404268371,-17.249224102865668,410,549,105,181,0,0,0,329.2657002531083,598.0808359621451,1,0,0,0,0,0,0,0,0,0,0,0,0,0,0,0,0,0,0,0,clean,none
131,fatty_liver,1,data/images/fatty_liver/131.PNG,data/masks_liver/fatty_liver/131.PNG,data/masks_spleen/fatty_liver/131.PNG,746,898,43.43326247783278,69.93856671399537,0.0,255.0,83318,9806,93124,0,0.12437230186831624,0.014637830866327913,0.13901013273464416,130.7021291917713,168.71874362635123,28.794608403838946,39.97188270251669,0.7746746188826115,-38.016614434579935,369,383,120,154,0,0,0,310.0402914136201,622.2636141138079,1,0,0,0,0,1,0,0,0,0,0,0,0,0,0,0,0,0,0,1,watch,low_img_mean
131 (2),fatty_liver,1,data/images/fatty_liver/131 (2).PNG,data/masks_liver/fatty_liver/131 (2).PNG,data/masks_spleen/fatty_liver/131 (2).PNG,652,806,92.22022332506204,86.14458746947368,0.0,255.0,121007,37718,158725,0,0.23026496064790147,0.07177381296716345,0.3020387736150649,160.1547596420042,179.5818972373933,18.434598260308004,21.23081631406378,0.8918201734914956,-19.427137595389098,448,466,295,223,0,0,0,294.2907848306296,639.9767485020415,1,0,0,0,0,0,0,0,0,0,0,0,0,0,0,0,0,0,0,0,clean,none
133,fatty_liver,1,data/images/fatty_liver/133.PNG,data/masks_liver/fatty_liver/133.PNG,data/masks_spleen/fatty_liver/133.PNG,658,797,62.804635925755015,71.71614235344983,0.0,255.0,64803,13069,77872,0,0.12356938824543405,0.024920579833951788,0.14848996807938583,132.00069441229573,182.06832963501415,18.3684406155478,27.75417319512306,0.7250063421348811,-50.06763522271842,381,290,130,183,0,0,0,234.96072712683053,639.0022189915067,1,0,0,0,0,0,0,0,0,0,0,0,0,0,0,0,0,0,0,0,clean,none
134,fatty_liver,1,data/images/fatty_liver/134.PNG,data/masks_liver/fatty_liver/134.PNG,data/masks_spleen/fatty_liver/134.PNG,660,802,67.78516776241216,79.07429273739272,0.0,255.0,102594,12068,114662,0,0.1938222625255044,0.022799062948688883,0.2166213254741933,146.24671033393767,175.90188929400065,17.635880894832518,25.150843955703184,0.8314106806328369,-29.655178960062983,375,443,176,193,0,0,0,299.92962551416264,566.9952767649984,1,0,0,0,0,0,0,0,0,0,0,0,0,0,0,0,0,0,0,0,clean,none
135,fatty_liver,1,data/images/fatty_liver/135.PNG,data/masks_liver/fatty_liver/135.PNG,data/masks_spleen/fatty_liver/135.PNG,568,674,88.04620042211727,79.52784322401256,0.0,255.0,85567,9266,94833,0,0.22351057382872905,0.02420382831111297,0.24771440213984203,144.0510827772389,177.2728253831211,19.930513095855858,15.16479835524145,0.8125953972546048,-33.22174260588221,391,358,110,168,0,0,0,215.52355464139214,479.6216274552126,1,0,0,0,0,0,0,0,0,0,0,0,0,0,0,0,0,0,0,0,clean,none
136,fatty_liver,1,data/images/fatty_liver/136.PNG,data/masks_liver/fatty_liver/136.PNG,data/masks_spleen/fatty_liver/136.PNG,592,769,79.15071785049028,80.41816735313256,0.0,255.0,115880,6364,122244,0,0.25454257898991317,0.013979193758127438,0.2685217727480406,166.8846047635485,173.07542426147077,18.138480592633407,33.0251884622302,0.9642305053500831,-6.190819497922263,382,485,98,136,0,0,0,238.708129099068,558.0298554368322,1,0,0,0,0,0,0,0,0,0,0,0,0,0,0,0,0,0,0,0,clean,none
138,fatty_liver,1,data/images/fatty_liver/138.PNG,data/masks_liver/fatty_liver/138.PNG,data/masks_spleen/fatty_liver/138.PNG,715,768,56.84193618881119,67.93438097562515,0.0,255.0,81348,20656,102004,0,0.14814248251748252,0.037616550116550115,0.18575903263403262,139.37526429660224,156.84043377226956,14.361437562373887,22.24312232116213,0.8886437001974233,-17.465169475667324,335,376,193,212,0,0,0,277.3190490239465,594.6053446940356,1,0,0,0,0,0,0,0,0,0,0,0,0,0,0,0,0,0,0,0,clean,none
142,fatty_liver,1,data/images/fatty_liver/142.PNG,data/masks_liver/fatty_liver/142.PNG,data/masks_spleen/fatty_liver/142.PNG,735,906,75.86972263519094,87.79809846453588,0.0,255.0,114366,27119,141485,0,0.1717439293598234,0.04072472256010572,0.2124686519199291,157.03546508577725,177.4369261403444,21.163776725074484,27.22100419739278,0.8850213290808934,-20.401461054567164,405,397,260,198,0,0,0,267.92387597712604,674.1505586489177,1,0,0,0,0,0,0,0,0,0,0,0,0,0,0,0,0,0,0,0,clean,none
143 fatty liver,fatty_liver,1,data/images/fatty_liver/143 fatty liver.PNG,data/masks_liver/fatty_liver/143 fatty liver.PNG,data/masks_spleen/fatty_liver/143 fatty liver.PNG,783,1081,51.62245236719701,70.51264162591396,0.0,253.0,123293,18226,141519,0,0.14566357483196934,0.02153296874021618,0.16719654357218555,142.35705190075674,174.11094041479205,25.74536385756713,26.670201801498028,0.8176226648594895,-31.75388851403531,428,496,208,158,0,0,0,420.1967751616069,781.4065071875343,1,0,0,0,0,0,0,0,0,0,0,0,0,0,0,0,0,0,0,0,clean,none
144,fatty_liver,1,data/images/fatty_liver/144.PNG,data/masks_liver/fatty_liver/144.PNG,data/masks_spleen/fatty_liver/144.PNG,732,880,80.51554272230501,80.83837776099816,0.0,255.0,133102,35177,168279,0,0.20662878787878788,0.054609103328365625,0.2612378912071535,157.21097353909033,169.6578730420445,18.64479216691352,23.32245799637478,0.9266352913283022,-12.446899502954182,492,412,290,257,0,0,0,268.6789680094965,667.9152287005714,1,0,0,0,0,0,0,0,0,0,0,0,0,0,0,0,0,0,0,0,clean,none
145,fatty_liver,1,data/images/fatty_liver/145.PNG,data/masks_liver/fatty_liver/145.PNG,data/masks_spleen/fatty_liver/145.PNG,695,915,88.99162165349688,85.11839877336735,0.0,255.0,127594,22086,149680,0,0.2006431576050635,0.03473051067342847,0.23537366827849196,151.89309842155586,159.86724621932447,21.601498339063845,31.93237497981677,0.9501201844876409,-7.974147797768609,427,439,188,258,0,0,0,279.7431383920874,678.3678348274925,1,0,0,0,0,0,0,0,0,0,0,0,0,0,0,0,0,0,0,0,clean,none
145 (2),fatty_liver,1,data/images/fatty_liver/145 (2).PNG,data/masks_liver/fatty_liver/145 (2).PNG,data/masks_spleen/fatty_liver/145 (2).PNG,648,791,68.51366257745313,74.03624464347436,0.0,255.0,104771,34057,138828,0,0.20440409857813988,0.06644386696009115,0.27084796553823104,139.37918889769117,165.29993833866752,20.035290562077897,16.260990130902403,0.8431895949588356,-25.92074944097635,385,466,300,218,0,0,0,270.6304607190921,595.5774143347917,1,0,0,0,0,0,0,0,0,0,0,0,0,0,0,0,0,0,0,0,clean,none
146,fatty_liver,1,data/images/fatty_liver/146.PNG,data/masks_liver/fatty_liver/146.PNG,data/masks_spleen/fatty_liver/146.PNG,861,886,65.26317631605855,78.66472831922768,0.0,255.0,100921,22534,123455,0,0.13229537809728306,0.02953938278499199,0.16183476088227505,156.0305090119995,173.96795952782463,19.549831870062214,28.97349678373842,0.8968922124430136,-17.937450515825134,461,341,179,221,0,0,0,222.24796623101238,674.7825064347209,1,0,0,0,0,0,0,0,0,0,0,0,0,0,0,0,0,0,0,0,clean,none
149,fatty_liver,1,data/images/fatty_liver/149.PNG,data/masks_liver/fatty_liver/149.PNG,data/masks_spleen/fatty_liver/149.PNG,701,875,87.14078337069492,70.66537614755005,0.0,255.0,145144,17132,162276,0,0.23663175056042388,0.027930711228856736,0.2645624617892806,131.18565011299123,158.67511090357226,24.551976440880544,38.78471057838582,0.8267563106728009,-27.489460790581035,467,465,135,250,0,0,0,282.7496692939426,656.6163903805743,1,0,0,0,0,0,0,0,0,0,0,0,0,0,0,0,0,0,0,0,clean,none
15,fatty_liver,1,data/images/fatty_liver/15.PNG,data/masks_liver/fatty_liver/15.PNG,data/masks_spleen/fatty_liver/15.PNG,791,927,66.65386351579323,77.75687110068803,0.0,255.0,157948,33281,191229,0,0.2154060581760556,0.04538790628660892,0.2607939644626645,127.64109706992174,192.89474474925632,22.29845172579279,23.34634146566941,0.6617137059598412,-65.25364767933458,515,521,301,237,0,0,0,357.7859232152354,666.0507496769928,1,0,0,0,0,0,0,0,0,0,0,0,0,1,0,0,0,0,0,1,watch,low_mean_ratio
151,fatty_liver,1,data/images/fatty_liver/151.PNG,data/masks_liver/fatty_liver/151.PNG,data/masks_spleen/fatty_liver/151.PNG,702,1040,64.92363713565636,73.1054774930631,0.0,255.0,160500,34286,194786,0,0.21983892176199868,0.046961976769669074,0.2668008985316678,109.07978193146417,182.32258064516128,20.09201936889489,21.4939615382327,0.5982790554367903,-73.24279871369711,450,574,241,282,0,0,0,406.22206853582554,755.0767660269498,1,0,0,0,0,0,0,0,0,1,0,0,0,1,0,0,0,0,0,2,review,"low_liver_mean, low_mean_ratio"
151 (2),fatty_liver,1,data/images/fatty_liver/151 (2).PNG,data/masks_liver/fatty_liver/151 (2).PNG,data/masks_spleen/fatty_liver/151 (2).PNG,621,886,97.09675285256795,81.3051702720489,0.0,255.0,143402,50003,193405,0,0.2606332900768076,0.09088050657390141,0.35151379665070903,155.6792583088102,183.94666320020798,23.37563454569219,19.199015049849983,0.8463282494721869,-28.267404891397774,401,586,307,286,0,0,0,312.6371250052301,650.1775693458393,1,0,0,0,1,0,0,0,0,0,0,0,0,0,0,0,0,0,0,1,watch,large_spleen
151 (3),fatty_liver,1,data/images/fatty_liver/151 (3).PNG,data/masks_liver/fatty_liver/151 (3).PNG,data/masks_spleen/fatty_liver/151 (3).PNG,553,678,92.93846383630185,83.62351205403634,0.0,255.0,94486,15410,109896,0,0.25200701990216945,0.04110056703313116,0.2931075869353006,150.83415532459836,190.54328358208954,25.84231605591091,24.053956800451722,0.791600478890749,-39.70912825749119,371,491,144,180,0,0,0,233.4617086129162,522.3163530175211,1,0,0,0,0,0,0,0,0,0,0,0,0,0,0,0,0,0,0,0,clean,none
152,fatty_liver,1,data/images/fatty_liver/152.PNG,data/masks_liver/fatty_liver/152.PNG,data/masks_spleen/fatty_liver/152.PNG,709,820,81.506658295779,81.85929650321373,0.0,255.0,134251,37729,171980,0,0.2309178162303485,0.06489559324366163,0.29581340947401014,157.17374917132832,178.86312915794215,20.914616115709688,24.340173384059412,0.8787375521860689,-21.68937998661383,446,526,262,247,0,0,0,283.6017832269406,622.8861618383737,1,0,0,0,0,0,0,0,0,0,0,0,0,0,0,0,0,0,0,0,clean,none
152 (2),fatty_liver,1,data/images/fatty_liver/152 (2).PNG,data/masks_liver/fatty_liver/152 (2).PNG,data/masks_spleen/fatty_liver/152 (2).PNG,669,831,61.56751909831834,70.37904837323622,0.0,255.0,105053,20752,125805,0,0.18896497637330714,0.03732783632736685,0.226292812700674,131.1644408060693,159.3296067848882,20.873947543634902,26.250297837271464,0.8232270362653197,-28.16516597881889,407,415,202,186,0,0,0,256.54338286388776,589.2719737856593,1,0,0,0,0,0,0,0,0,0,0,0,0,0,0,0,0,0,0,0,clean,none
153,fatty_liver,1,data/images/fatty_liver/153.PNG,data/masks_liver/fatty_liver/153.PNG,data/masks_spleen/fatty_liver/153.PNG,700,899,89.40015255045289,82.68218488921273,0.0,255.0,168386,10464,178850,0,0.26757667249324646,0.016627999364373112,0.28420467185761955,160.5217001413419,173.15873470948011,19.434181941659386,37.41665986636171,0.9270205137710165,-12.637034568138205,499,496,139,131,0,0,0,319.6082037699096,643.6480313455658,1,0,0,0,0,0,0,0,0,0,0,0,0,0,0,0,0,0,0,0,clean,none
154 (2),fatty_liver,1,data/images/fatty_liver/154 (2).PNG,data/masks_liver/fatty_liver/154 (2).PNG,data/masks_spleen/fatty_liver/154 (2).PNG,695,841,91.45519978785106,84.44074519337897,0.0,255.0,127518,28984,156502,0,0.21816782008400415,0.04958810597182183,0.267755926055826,165.02990950297212,182.78357024565278,18.146973019950728,20.44128418408104,0.902870582833615,-17.753660742680665,445,570,210,249,0,0,0,288.37156323028904,631.0448868341153,1,0,0,0,0,0,0,0,0,0,0,0,0,0,0,0,0,0,0,0,clean,none
157,fatty_liver,1,data/images/fatty_liver/157.PNG,data/masks_liver/fatty_liver/157.PNG,data/masks_spleen/fatty_liver/157.PNG,795,995,53.276060807180556,70.64496481555898,0.0,254.0,132724,26662,159386,0,0.16778736449543313,0.03370563509370753,0.20149299958914066,137.61872758506374,168.82615707748857,19.131536067519068,24.228922872264715,0.81515050245886,-31.207429492424836,426,503,227,223,0,0,0,355.97617612489074,663.0703623134049,1,0,0,0,0,0,0,0,0,0,0,0,0,0,0,0,0,0,0,0,clean,none
157 (2),fatty_liver,1,data/images/fatty_liver/157 (2).PNG,data/masks_liver/fatty_liver/157 (2).PNG,data/masks_spleen/fatty_liver/157 (2).PNG,832,948,54.413182611165205,74.52239612156393,0.0,255.0,116860,28268,145128,0,0.14816110840636157,0.035839621876014284,0.18400073028237585,150.21823549546465,171.27982170652328,20.071688083056227,27.14010198027182,0.8770340436004171,-21.061586211058625,390,479,278,237,0,0,0,312.51058531576246,714.5064383755483,1,0,0,0,0,0,0,0,0,0,0,0,0,0,0,0,0,0,0,0,clean,none
158 fatt,fatty_liver,1,data/images/fatty_liver/158 fatt.PNG,data/masks_liver/fatty_liver/158 fatt.PNG,data/masks_spleen/fatty_liver/158 fatt.PNG,680,906,87.87078139202701,87.08017588184185,0.0,255.0,143699,23942,167641,0,0.23324730554473444,0.038861836125178545,0.272109141669913,146.30490121712748,179.28264138334308,27.280051424095806,25.546332124764497,0.8160572561413814,-32.9777401662156,446,519,177,241,0,0,0,325.68378346404637,699.8429120374237,1,0,0,0,0,0,0,0,0,0,0,0,0,0,0,0,0,0,0,0,clean,none
16,fatty_liver,1,data/images/fatty_liver/16.PNG,data/masks_liver/fatty_liver/16.PNG,data/masks_spleen/fatty_liver/16.PNG,759,879,52.5606562733733,74.89045173165215,0.0,255.0,66180,14179,80359,0,0.09919644583541304,0.021252741092479925,0.12044918692789297,150.8813387730432,166.24035545525072,19.51223247036089,33.377575526638054,0.907609572009418,-15.35901668220751,340,311,146,142,0,0,0,235.41727107887579,597.1090344876226,1,0,0,0,0,0,0,0,0,0,0,0,0,0,0,0,0,0,0,0,clean,none
161,fatty_liver,1,data/images/fatty_liver/161.PNG,data/masks_liver/fatty_liver/161.PNG,data/masks_spleen/fatty_liver/161.PNG,751,917,93.78387086937518,83.43740333450118,0.0,255.0,155086,29122,184208,0,0.22519737405741816,0.04228749163238547,0.2674848656898036,146.70125607727326,172.45123961266395,18.99135425417697,20.695423940684996,0.8506825207872715,-25.749983535390697,505,573,227,210,0,0,0,324.8479488799763,705.0751322024586,1,0,0,0,0,0,0,0,0,0,0,0,0,0,0,0,0,0,0,0,clean,none
165,fatty_liver,1,data/images/fatty_liver/165.PNG,data/masks_liver/fatty_liver/165.PNG,data/masks_spleen/fatty_liver/165.PNG,747,966,73.19796369743986,79.38504532274243,0.0,255.0,155590,24438,180028,0,0.21561747334403175,0.03386631411775466,0.24948378746178643,137.98493476444503,161.39712742450283,17.11478634421109,26.6165163491133,0.8549404571902939,-23.412192660057798,447,599,195,221,0,0,0,390.5635452149881,737.0685817169981,1,0,0,0,0,0,0,0,0,0,0,0,0,0,0,0,0,0,0,0,clean,none
165 fat and ascites,fatty_liver,1,data/images/fatty_liver/165 fat and ascites.PNG,data/masks_liver/fatty_liver/165 fat and ascites.PNG,data/masks_spleen/fatty_liver/165 fat and ascites.PNG,995,1008,58.28527159607562,78.11484789733912,0.0,255.0,153968,28713,182681,0,0.15351359974475554,0.028628260349365876,0.1821418600941214,158.96620726384702,179.68728450527635,20.402438337864826,27.26689218030908,0.8846825573486619,-20.721077241429327,508,546,238,215,0,0,0,408.5400797568326,770.5525023508516,1,0,0,0,0,0,0,0,0,0,0,0,0,0,0,0,0,0,0,0,clean,none
17,fatty_liver,1,data/images/fatty_liver/17.PNG,data/masks_liver/fatty_liver/17.PNG,data/masks_spleen/fatty_liver/17.PNG,637,818,62.175476810998994,78.20034385510316,0.0,255.0,85589,5439,91028,0,0.16425750288830973,0.010438217039684032,0.17469571992799376,149.49658250476114,156.28424342710056,15.806690222783,22.024909261888673,0.9565684823366468,-6.787660922339427,355,384,83,149,0,0,0,359.47636962693804,617.0551571980143,1,0,0,0,0,0,0,0,0,0,0,0,0,0,0,0,0,0,0,0,clean,none
171 fat,fatty_liver,1,data/images/fatty_liver/171 fat.PNG,data/masks_liver/fatty_liver/171 fat.PNG,data/masks_spleen/fatty_liver/171 fat.PNG,774,901,58.217095848138875,79.55150657235174,0.0,255.0,108571,20672,129243,0,0.1556854714973601,0.029642630783482032,0.18532810228084212,152.67611056359434,182.98379450464395,25.707644282051728,26.722975747759772,0.8343695688600993,-30.307683941049618,363,507,213,192,0,0,0,342.0672463180776,659.6572174922601,1,0,0,0,0,0,0,0,0,0,0,0,0,0,0,0,0,0,0,0,clean,none
177,fatty_liver,1,data/images/fatty_liver/177.PNG,data/masks_liver/fatty_liver/177.PNG,data/masks_spleen/fatty_liver/177.PNG,747,883,69.30657928050442,78.10299843704324,0.0,255.0,126896,28880,155776,0,0.19238297091726664,0.0437840452030849,0.23616701612035154,150.2097308031774,172.13576869806093,19.490307892791275,27.51017732284383,0.8726235753710955,-21.926037894883535,428,515,218,235,0,0,0,327.96831263396797,660.9521121883656,1,0,0,0,0,0,0,0,0,0,0,0,0,0,0,0,0,0,0,0,clean,none
178,fatty_liver,1,data/images/fatty_liver/178.PNG,data/masks_liver/fatty_liver/178.PNG,data/masks_spleen/fatty_liver/178.PNG,813,993,54.524813918834056,73.02690883399889,0.0,255.0,129771,26725,156496,0,0.16074514219462435,0.033103805358295275,0.19384894755291965,152.09253222985106,162.53796071094482,16.807241929802544,31.646433504564033,0.935735446838753,-10.445428481093757,415,502,203,207,0,0,0,359.7621579551672,673.857923292797,1,0,0,0,0,0,0,0,0,0,0,0,0,0,0,0,0,0,0,0,clean,none
179,fatty_liver,1,data/images/fatty_liver/179.PNG,data/masks_liver/fatty_liver/179.PNG,data/masks_spleen/fatty_liver/179.PNG,778,1026,55.78664241294467,80.57427709055212,0.0,255.0,112233,20003,132236,0,0.14060268494715797,0.02505925625259951,0.16566194119975747,162.92614471679454,162.55236714492827,18.3303122131122,35.21132373502746,1.0022994224946205,0.37377757186627036,385,487,178,192,0,0,0,367.95327577450485,679.3697445383192,1,0,0,0,0,0,0,0,0,0,0,0,0,0,0,0,0,0,0,0,clean,none
17_2,fatty_liver,1,data/images/fatty_liver/17_2.PNG,data/masks_liver/fatty_liver/17_2.PNG,data/masks_spleen/fatty_liver/17_2.PNG,660,733,81.33646905618257,72.71947703234582,0.0,255.0,96103,15457,111560,0,0.19865021290669313,0.03195047335565753,0.23060068626235067,141.83945350301238,153.59306463091156,17.316778122204383,25.98645067316596,0.9234756329680701,-11.753611127899177,436,355,175,160,0,0,0,201.06823928493387,603.0064048651096,1,0,0,0,0,0,0,0,0,0,0,0,0,0,0,0,0,0,0,0,clean,none
180,fatty_liver,1,data/images/fatty_liver/180.PNG,data/masks_liver/fatty_liver/180.PNG,data/masks_spleen/fatty_liver/180.PNG,758,801,64.9928799422885,79.64671440959259,0.0,255.0,106576,20920,127496,0,0.17553256318783578,0.034455611224755336,0.20998817441259113,157.3148738928089,170.57882409177822,18.26106250738643,30.023467573186746,0.9222415139051826,-13.263950198969326,387,379,150,238,0,0,0,266.763014187059,585.9150095602295,1,0,0,0,0,0,0,0,0,0,0,0,0,0,0,0,0,0,0,0,clean,none
182,fatty_liver,1,data/images/fatty_liver/182.PNG,data/masks_liver/fatty_liver/182.PNG,data/masks_spleen/fatty_liver/182.PNG,713,759,90.06464547912198,84.18885341210475,0.0,255.0,137443,17466,154909,0,0.2539752054356603,0.03227469524194934,0.2862499006776097,161.0728010884512,178.0386465132257,21.67913226786358,32.67733368231825,0.9047069461504745,-16.9658454247745,482,463,182,166,0,0,0,280.2860895061953,608.1185159738922,1,0,0,0,0,0,0,0,0,0,0,0,0,0,0,0,0,0,0,0,clean,none
183,fatty_liver,1,data/images/fatty_liver/183.PNG,data/masks_liver/fatty_liver/183.PNG,data/masks_spleen/fatty_liver/183.PNG,724,858,94.71424776880578,89.70583164765709,0.0,255.0,138689,25966,164655,0,0.2232626949477778,0.041800280750556994,0.2650629756983348,159.94747961265853,177.16236617114689,17.303986219039174,21.933839887539474,0.9028298851874225,-17.21488655848836,445,483,230,264,0,0,0,283.77780501698044,651.0558037433567,1,0,0,0,0,0,0,0,0,0,0,0,0,0,0,0,0,0,0,0,clean,none
185,fatty_liver,1,data/images/fatty_liver/185.PNG,data/masks_liver/fatty_liver/185.PNG,data/masks_spleen/fatty_liver/185.PNG,700,956,94.5267259414226,87.41504064263599,0.0,255.0,182797,28435,211232,0,0.27315750149432155,0.04249103407053198,0.31564853556485356,146.7595146528663,216.8049938456128,30.47893227611317,13.381480856895918,0.6769194351697201,-70.04547919274651,485,712,222,239,0,0,0,339.9622477392955,728.7694742394935,1,0,0,0,0,0,0,0,0,0,0,0,0,1,0,0,0,0,0,1,watch,low_mean_ratio
188,fatty_liver,1,data/images/fatty_liver/188.PNG,data/masks_liver/fatty_liver/188.PNG,data/masks_spleen/fatty_liver/188.PNG,699,783,91.09789390791808,77.87841423569857,0.0,255.0,147465,24583,172048,0,0.26943252265140677,0.04491546946285242,0.3143479921142592,144.02379547689281,183.5437090672416,22.009500588938696,25.087761821555908,0.7846839067605718,-39.51991359034878,444,599,175,249,0,0,0,307.6941240294307,611.2763698490827,1,0,0,0,0,0,0,0,0,0,0,0,0,0,0,0,0,0,0,0,clean,none
19,fatty_liver,1,data/images/fatty_liver/19.PNG,data/masks_liver/fatty_liver/19.PNG,data/masks_spleen/fatty_liver/19.PNG,730,877,75.4501929054529,78.42111507482338,0.0,255.0,150304,25050,175354,0,0.23477296512081974,0.039127786195154717,0.27390075131597447,129.79610655737704,169.52982035928144,20.824247421413055,28.876326713740912,0.7656240389842831,-39.7337138019044,502,507,182,229,0,0,0,316.9010605173515,652.0216766467066,1,0,0,0,0,0,0,0,0,0,0,0,0,0,0,0,0,0,0,0,clean,none
190,fatty_liver,1,data/images/fatty_liver/190.PNG,data/masks_liver/fatty_liver/190.PNG,data/masks_spleen/fatty_liver/190.PNG,795,891,75.52595133727209,78.12384672574446,0.0,255.0,179826,14892,194718,0,0.25386781864769287,0.021023653728056244,0.2748914723757491,150.37863267825566,171.9548079505775,18.022291965097377,25.601872090455455,0.8745241473384837,-21.576175272321848,514,640,178,149,0,0,0,363.1558339728404,658.1689497716895,1,0,0,0,0,0,0,0,0,0,0,0,0,0,0,0,0,0,0,0,clean,none
192,fatty_liver,1,data/images/fatty_liver/192.PNG,data/masks_liver/fatty_liver/192.PNG,data/masks_spleen/fatty_liver/192.PNG,721,844,76.5522822435927,78.56645512169116,0.0,255.0,111196,31665,142861,0,0.1827306729069026,0.05203574550880491,0.23476641841570753,141.24980215115653,158.13513342807516,18.77478319323783,25.972640905497343,0.8932221334747174,-16.885331276918635,488,382,274,237,0,0,0,243.1722903701572,631.0820148428865,1,0,0,0,0,0,0,0,0,0,0,0,0,0,0,0,0,0,0,0,clean,none
193,fatty_liver,1,data/images/fatty_liver/193.PNG,data/masks_liver/fatty_liver/193.PNG,data/masks_spleen/fatty_liver/193.PNG,714,842,67.93928521527376,75.39173058275699,0.0,255.0,128924,17521,146445,0,0.21444872485811425,0.029143961622653813,0.24359268648076807,151.91895225093853,170.69510872667084,16.486510180556383,30.37661859552472,0.8900017844342581,-18.776156475732307,409,527,174,166,0,0,0,343.79434395457787,635.9444666400319,1,0,0,0,0,0,0,0,0,0,0,0,0,0,0,0,0,0,0,0,clean,none
195,fatty_liver,1,data/images/fatty_liver/195.PNG,data/masks_liver/fatty_liver/195.PNG,data/masks_spleen/fatty_liver/195.PNG,775,903,62.164498267424,66.40527424769208,0.0,255.0,148396,39946,188342,0,0.21204729753867038,0.057079984281784735,0.2691272818204551,130.43810480066847,145.0303409602964,12.52989860574641,14.841907278198336,0.8993849358527838,-14.59223615962793,456,522,283,245,0,0,0,350.0909997574059,655.5942522405247,1,0,0,0,0,0,0,1,0,0,0,0,0,0,0,0,0,0,0,1,watch,low_img_std
195 (2),fatty_liver,1,data/images/fatty_liver/195 (2).PNG,data/masks_liver/fatty_liver/195 (2).PNG,data/masks_spleen/fatty_liver/195 (2).PNG,623,782,72.02461688143748,82.57120355952156,0.0,255.0,89452,15250,104702,0,0.1836095454302874,0.03130221311778253,0.21491175854806993,158.91338371417072,182.87475409836065,17.680250408131236,19.45226149830782,0.8689738702791311,-23.961370384189934,322,521,123,211,0,0,0,280.52911058444755,585.5310819672131,1,0,0,0,0,0,0,0,0,0,0,0,0,0,0,0,0,0,0,0,clean,none
19_2,fatty_liver,1,data/images/fatty_liver/19_2.PNG,data/masks_liver/fatty_liver/19_2.PNG,data/masks_spleen/fatty_liver/19_2.PNG,603,797,66.24493384187386,72.55031521431341,0.0,255.0,91966,27839,119805,0,0.1913602210611518,0.05792659454713051,0.2492868156082823,146.72909553530653,161.84543266640324,13.52067827897442,18.044006991918955,0.9066001567751698,-15.116337131096714,342,436,263,212,0,0,0,287.45659265380687,568.9503214914329,1,0,0,0,0,0,0,0,0,0,0,0,0,0,0,0,0,0,0,0,clean,none
20,fatty_liver,1,data/images/fatty_liver/20.PNG,data/masks_liver/fatty_liver/20.PNG,data/masks_spleen/fatty_liver/20.PNG,724,868,49.36687501591262,69.73014732418302,0.0,251.0,88984,13391,102375,0,0.14159686330422386,0.02130859026911424,0.16290545357333808,151.00956351703678,161.8322754088567,22.32350156804398,34.15620953840219,0.9331238914017549,-10.822711891819921,347,407,143,194,0,0,0,304.1499820192394,623.3758494511239,1,0,0,0,0,1,0,0,0,0,0,0,0,0,0,0,0,0,0,1,watch,low_img_mean
204,fatty_liver,1,data/images/fatty_liver/204.PNG,data/masks_liver/fatty_liver/204.PNG,data/masks_spleen/fatty_liver/204.PNG,839,956,81.01008497863067,85.45182519519533,0.0,255.0,145927,32813,178740,0,0.18193480982041782,0.04090968028286314,0.22284449010328095,167.001295168132,173.7508304635358,23.834596297606502,24.68648187084701,0.9611539338341509,-6.749535295403803,490,592,236,244,0,0,0,313.25214662125586,696.6705574010301,1,0,0,0,0,0,0,0,0,0,0,0,0,0,0,0,0,0,0,0,clean,none
209,fatty_liver,1,data/images/fatty_liver/209.PNG,data/masks_liver/fatty_liver/209.PNG,data/masks_spleen/fatty_liver/209.PNG,659,936,69.44056165129761,73.9732587845543,0.0,255.0,132433,25013,157446,0,0.2147014383357327,0.04055127556645007,0.2552527139021828,145.49608481269775,145.50645664254588,12.687451326853411,24.786090981251988,0.9999287122371323,-0.010371829848139669,398,512,206,249,0,0,0,325.9844902705519,670.8075800583697,1,0,0,0,0,0,0,0,0,0,0,0,0,0,0,0,0,0,0,0,clean,none
210,fatty_liver,1,data/images/fatty_liver/210.PNG,data/masks_liver/fatty_liver/210.PNG,data/masks_spleen/fatty_liver/210.PNG,799,1005,65.29621728653353,74.38415402792879,0.0,255.0,158898,37195,196093,0,0.19788168045878243,0.04632033823373745,0.24420201869251987,134.54794270538332,181.05291033741094,19.65496171125886,26.25864909006898,0.7431415585173289,-46.504967632027615,466,560,229,272,0,0,0,381.62475927953784,743.575426804678,1,0,0,0,0,0,0,0,0,0,0,0,0,0,0,0,0,0,0,0,clean,none
216,fatty_liver,1,data/images/fatty_liver/216.PNG,data/masks_liver/fatty_liver/216.PNG,data/masks_spleen/fatty_liver/216.PNG,771,1033,76.92049399643163,70.71662530208695,0.0,255.0,144782,32347,177129,0,0.18178576495744203,0.040614331471304284,0.2224000964287463,149.31363705432994,158.37756206139673,18.093152831389915,19.377529889604215,0.942770138447243,-9.063925007066786,486,559,261,188,0,0,0,354.96743379701894,780.764305808885,1,0,0,0,0,0,0,0,0,0,0,0,0,0,0,0,0,0,0,0,clean,none
219,fatty_liver,1,data/images/fatty_liver/219.PNG,data/masks_liver/fatty_liver/219.PNG,data/masks_spleen/fatty_liver/219.PNG,749,984,65.3243131763761,78.93329703723622,0.0,255.0,135719,31216,166935,0,0.18414661282794403,0.04235457574869474,0.22650118857663876,147.68485621025795,173.39351614556637,18.528037172306547,26.973097518420218,0.8517322829680788,-25.708659935308418,444,466,242,236,0,0,0,351.1362815817977,738.9122245002562,1,0,0,0,0,0,0,0,0,0,0,0,0,0,0,0,0,0,0,0,clean,none
220,fatty_liver,1,data/images/fatty_liver/220.PNG,data/masks_liver/fatty_liver/220.PNG,data/masks_spleen/fatty_liver/220.PNG,733,876,63.08966248668448,81.11734356663584,0.0,255.0,101739,32284,134023,0,0.1584453082658992,0.05027814635544176,0.20872345462134095,154.0343624372168,190.39899021186966,25.116382278375045,22.457549270524616,0.809008290730976,-36.36462777465286,359,443,241,219,0,0,0,307.0914890061825,640.7084314211374,1,0,0,0,0,0,0,0,0,0,0,0,0,0,0,0,0,0,0,0,clean,none
221,fatty_liver,1,data/images/fatty_liver/221.PNG,data/masks_liver/fatty_liver/221.PNG,data/masks_spleen/fatty_liver/221.PNG,694,1030,66.81177079544501,79.52602977883578,0.0,255.0,123569,20063,143632,0,0.17286729526314318,0.028067205730113873,0.20093450099325705,131.76937581432236,179.82016647560187,20.939996850970992,26.476476277529148,0.7327841902505231,-48.05079066127951,376,590,170,225,0,0,0,330.0497616716167,736.6555849075412,1,0,0,0,0,0,0,0,0,0,0,0,0,0,0,0,0,0,0,0,clean,none
224,fatty_liver,1,data/images/fatty_liver/224.PNG,data/masks_liver/fatty_liver/224.PNG,data/masks_spleen/fatty_liver/224.PNG,699,852,96.01618005601564,81.86549850538691,0.0,255.0,135987,24721,160708,0,0.22833927743859436,0.04150966840624098,0.2698489458448353,164.41448079595844,179.77666761053356,18.940119197617506,20.707845205017847,0.9145484898941163,-15.362186814575125,466,603,203,204,0,0,0,297.2042842330517,673.45253023745,1,0,0,0,0,0,0,0,0,0,0,0,0,0,0,0,0,0,0,0,clean,none
225,fatty_liver,1,data/images/fatty_liver/225.PNG,data/masks_liver/fatty_liver/225.PNG,data/masks_spleen/fatty_liver/225.PNG,671,774,100.4843671176115,82.07795323982494,0.0,255.0,147998,38565,186563,0,0.28496555336052093,0.07425570997816518,0.35922126333868615,158.237935647779,155.28494749124854,12.333083814620679,19.051514102623308,1.0190165704095713,2.9529881565304663,448,589,286,218,0,0,0,303.3700050000676,625.2803059769221,1,0,0,0,0,0,0,0,0,0,0,0,0,0,0,0,0,0,0,0,clean,none
228,fatty_liver,1,data/images/fatty_liver/228.PNG,data/masks_liver/fatty_liver/228.PNG,data/masks_spleen/fatty_liver/228.PNG,701,898,105.65154138694642,80.39672555339715,0.0,255.0,158395,43571,201966,0,0.25162113302981104,0.06921547010475014,0.3208366031345612,167.7431610846302,174.55027426499277,18.05578500291172,15.507941895384878,0.9610019854163601,-6.807113180362563,493,538,310,280,0,0,0,273.0942895924745,691.3318950678204,1,0,0,0,0,0,0,0,0,0,0,0,0,0,0,0,0,0,0,0,clean,none
232,fatty_liver,1,data/images/fatty_liver/232.PNG,data/masks_liver/fatty_liver/232.PNG,data/masks_spleen/fatty_liver/232.PNG,773,968,69.26658371911518,77.42190075904527,0.0,255.0,143568,24450,168018,0,0.19186811072028054,0.0326756331989779,0.22454374391925844,155.14436364649504,159.95002044989775,18.023648033530247,28.770954255864332,0.9699552537733919,-4.805656803402712,459,509,246,278,0,0,0,299.91319792711465,671.8961554192229,1,0,0,0,0,0,0,0,0,0,0,0,0,0,0,0,0,0,0,0,clean,none
243,fatty_liver,1,data/images/fatty_liver/243.PNG,data/masks_liver/fatty_liver/243.PNG,data/masks_spleen/fatty_liver/243.PNG,728,993,69.80918351537687,83.42962932530114,0.0,255.0,128346,16798,145144,0,0.1775422462733641,0.023236833659794384,0.2007790799331585,165.56441961572625,159.3738540302417,26.651886673766477,32.51839871994877,1.0388430372366275,6.190565585484563,421,528,125,197,0,0,0,379.13139482336805,709.1261459697583,1,0,0,0,0,0,0,0,0,0,0,0,0,0,0,0,0,0,0,0,clean,none
243 (2),fatty_liver,1,data/images/fatty_liver/243 (2).PNG,data/masks_liver/fatty_liver/243 (2).PNG,data/masks_spleen/fatty_liver/243 (2).PNG,720,835,88.95766799733866,79.4292456903774,0.0,255.0,148462,28098,176560,0,0.24694278110445775,0.04673652694610778,0.2936793080505655,154.50020207191065,181.40102498398463,18.975855055556874,23.42799447229673,0.8517052273207707,-26.900822912073977,476,500,266,195,0,0,0,286.21177809809916,699.9825610363727,1,0,0,0,0,0,0,0,0,0,0,0,0,0,0,0,0,0,0,0,clean,none
247,fatty_liver,1,data/images/fatty_liver/247.PNG,data/masks_liver/fatty_liver/247.PNG,data/masks_spleen/fatty_liver/247.PNG,629,799,67.98615717978156,79.91259716820448,0.0,254.0,93706,12220,105926,0,0.1864532573507027,0.024314972411858225,0.2107682297625609,165.72171472477748,186.18134206219312,24.767211099340976,32.12572242622296,0.8901091376777683,-20.45962733741564,363,412,135,179,0,0,0,308.4865643608734,618.1125204582652,1,0,0,0,0,0,0,0,0,0,0,0,0,0,0,0,0,0,0,0,clean,none
248,fatty_liver,1,data/images/fatty_liver/248.PNG,data/masks_liver/fatty_liver/248.PNG,data/masks_spleen/fatty_liver/248.PNG,753,852,54.43046125357724,71.28667601172926,0.0,243.0,104849,23994,128843,0,0.16342922519624165,0.037399696986701085,0.2008289221829427,139.58765462713043,162.88959739934984,17.97537386432822,22.103440452402687,0.8569463980438397,-23.301942772219405,380,474,232,182,0,0,0,367.6035155318601,635.3757606068184,1,0,0,0,0,0,0,0,0,0,0,0,0,0,0,0,0,0,0,0,clean,none
25,fatty_liver,1,data/images/fatty_liver/25.PNG,data/masks_liver/fatty_liver/25.PNG,data/masks_spleen/fatty_liver/25.PNG,778,962,74.10844748248347,76.19540778264862,0.0,255.0,146427,38128,184555,0,0.1956439829190472,0.05094356765307922,0.24658755057212642,143.55726744384575,160.6177874527906,17.859653681849036,26.745607163275377,0.8937818707797777,-17.06052000894485,487,406,272,291,0,0,0,261.3172434045634,684.7712442299622,1,0,0,0,0,0,0,0,0,0,0,0,0,0,0,0,0,0,0,0,clean,none
251,fatty_liver,1,data/images/fatty_liver/251.PNG,data/masks_liver/fatty_liver/251.PNG,data/masks_spleen/fatty_liver/251.PNG,632,962,72.37807409405511,79.99301147378965,0.0,255.0,129730,29021,158751,0,0.21337732571909787,0.04773316403063239,0.2611104897497303,146.35836737840128,170.91995451569554,18.475516692225796,23.961379811866873,0.8562977151311114,-24.561587137294254,415,592,191,236,0,0,0,379.0053187389193,654.4002963371352,1,0,0,0,0,0,0,0,0,0,0,0,0,0,0,0,0,0,0,0,clean,none
256,fatty_liver,1,data/images/fatty_liver/256.PNG,data/masks_liver/fatty_liver/256.PNG,data/masks_spleen/fatty_liver/256.PNG,713,977,67.4722646105877,75.50212280536466,0.0,255.0,141291,23985,165276,0,0.20282916619413408,0.034431475119903646,0.23726064131403773,152.09600045296585,174.18603293725246,20.978085247561104,29.492737272866343,0.8731813740460721,-22.09003248428661,479,504,201,204,0,0,0,314.1349059741951,718.408880550344,1,0,0,0,0,0,0,0,0,0,0,0,0,0,0,0,0,0,0,0,clean,none
26,fatty_liver,1,data/images/fatty_liver/26.PNG,data/masks_liver/fatty_liver/26.PNG,data/masks_spleen/fatty_liver/26.PNG,675,926,69.08950483961283,81.0227037981351,0.0,255.0,118653,17169,135822,0,0.18982961363090953,0.027468202543796498,0.21729781617470603,160.1908253478631,169.72741569107112,14.692340783188484,26.71142819804258,0.9438123107678825,-9.536590343208019,411,478,172,188,0,0,0,327.92941602825044,626.1228376725494,1,0,0,0,0,0,0,0,0,0,0,0,0,0,0,0,0,0,0,0,clean,none
260,fatty_liver,1,data/images/fatty_liver/260.PNG,data/masks_liver/fatty_liver/260.PNG,data/masks_spleen/fatty_liver/260.PNG,784,920,56.1156568877551,63.68982267698538,0.0,255.0,133055,8070,141125,0,0.18447066326530612,0.011188442768411713,0.19565910603371783,97.16343617301116,129.0096654275093,12.12197287056489,19.04447688670028,0.7531484954858589,-31.84622925449814,433,436,77,139,0,0,0,263.8892037127504,670.5039653035935,1,0,0,0,0,0,0,1,0,1,0,1,0,0,0,0,0,0,0,3,urgent,"low_img_std, low_liver_mean, low_spleen_mean"
26_2,fatty_liver,1,data/images/fatty_liver/26_2.PNG,data/masks_liver/fatty_liver/26_2.PNG,data/masks_spleen/fatty_liver/26_2.PNG,716,843,73.35989449757119,74.89549481713121,0.0,255.0,125751,19443,145194,0,0.20833913199069565,0.03221237002723712,0.24055150201793277,146.0113478222837,159.88875173584324,16.914149903080027,22.452643357655223,0.9132058717320362,-13.877403913559533,433,470,160,216,0,0,0,317.9507598349119,657.5675564470504,1,0,0,0,0,0,0,0,0,0,0,0,0,0,0,0,0,0,0,0,clean,none
270,fatty_liver,1,data/images/fatty_liver/270.PNG,data/masks_liver/fatty_liver/270.PNG,data/masks_spleen/fatty_liver/270.PNG,840,967,49.626434234500415,70.36375231070875,0.0,255.0,113383,18234,131617,0,0.13958610331412813,0.022447924361057765,0.1620340276751859,128.68152192127567,184.01338159482285,28.285374103209563,26.845401682066043,0.6993052358839476,-55.33185967354717,441,418,210,192,0,0,0,313.37246324404896,691.6888779203686,1,0,0,0,0,1,0,0,0,0,0,0,0,0,0,0,0,0,0,1,watch,low_img_mean
273,fatty_liver,1,data/images/fatty_liver/273.PNG,data/masks_liver/fatty_liver/273.PNG,data/masks_spleen/fatty_liver/273.PNG,700,770,88.98407606679035,87.74315532692675,0.0,255.0,126207,11792,137999,0,0.23415027829313545,0.021877551020408163,0.2560278293135436,157.2320315037993,161.71361940298507,16.079306074640282,31.507806172280816,0.9722868804246804,-4.481587899185769,448,461,127,161,0,0,0,254.8373228109376,586.2296472184532,1,0,0,0,0,0,0,0,0,0,0,0,0,0,0,0,0,0,0,0,clean,none
277,fatty_liver,1,data/images/fatty_liver/277.PNG,data/masks_liver/fatty_liver/277.PNG,data/masks_spleen/fatty_liver/277.PNG,769,977,61.95231148669063,68.96833919801607,0.0,255.0,130541,28182,158723,0,0.1737504874799185,0.03751033191226559,0.21126081939218408,125.91301583410576,139.93350365481513,26.010264022897644,27.138735096777832,0.8998060624916471,-14.020487820709363,449,529,225,214,0,0,0,308.7309734106526,706.6030444964871,1,0,0,0,0,0,0,0,0,0,0,0,0,0,0,0,0,0,0,0,clean,none
278,fatty_liver,1,data/images/fatty_liver/278.PNG,data/masks_liver/fatty_liver/278.PNG,data/masks_spleen/fatty_liver/278.PNG,703,994,49.667252447830656,72.44306846437551,0.0,250.0,92938,15353,108291,0,0.13299999141363114,0.021971086833948213,0.15497107824757936,152.49222062019842,182.91089689311536,26.763824810490153,33.02192220704718,0.8336967473053891,-30.41867627291694,355,512,150,186,0,0,0,373.64663539133613,677.3901517618707,1,0,0,0,0,0,0,0,0,0,0,0,0,0,0,0,0,0,0,0,clean,none
283,fatty_liver,1,data/images/fatty_liver/283.PNG,data/masks_liver/fatty_liver/283.PNG,data/masks_spleen/fatty_liver/283.PNG,662,1097,49.85166906724464,70.67513624429769,0.0,252.0,109334,16474,125808,0,0.15055341813845505,0.0226847733588171,0.17323819149727215,139.63174309912745,174.7582250819473,19.072331679681536,22.97197569880437,0.7989995448549105,-35.126481982819854,407,520,145,211,0,0,0,427.81507124956556,709.5420055845575,1,0,0,0,0,0,0,0,0,0,0,0,0,0,0,0,0,0,0,0,clean,none
286,fatty_liver,1,data/images/fatty_liver/286.PNG,data/masks_liver/fatty_liver/286.PNG,data/masks_spleen/fatty_liver/286.PNG,710,962,53.184264003982314,69.34814840074453,0.0,255.0,104609,17382,121991,0,0.15315656935375246,0.0254487423501508,0.17860531170390326,141.0370235830569,138.76446899091013,15.02633554631698,30.2277548538637,1.016377056693948,2.2725545921467756,436,416,155,181,0,0,0,315.61543461843627,684.6370958462777,1,0,0,0,0,0,0,0,0,0,0,0,0,0,0,0,0,0,0,0,clean,none
297,fatty_liver,1,data/images/fatty_liver/297.PNG,data/masks_liver/fatty_liver/297.PNG,data/masks_spleen/fatty_liver/297.PNG,720,901,54.661368541127146,72.5620326621894,0.0,253.0,103903,6683,110586,0,0.16016617338759404,0.01030182513256875,0.17046799852016278,153.6081826318778,158.85994313930868,17.398788461800017,41.46449493702801,0.966940933185615,-5.251760507430873,390,442,105,108,0,0,0,324.09801449428795,626.2593146790364,1,0,0,0,0,0,0,0,0,0,0,0,0,0,0,0,0,0,0,0,clean,none
30,fatty_liver,1,data/images/fatty_liver/30.PNG,data/masks_liver/fatty_liver/30.PNG,data/masks_spleen/fatty_liver/30.PNG,750,883,68.92494073235183,74.68514275822734,0.0,255.0,128682,16416,145098,0,0.19431030577576444,0.024788221970554927,0.21909852774631935,141.47476725571565,166.15515350877192,17.026566572166182,28.682837289423823,0.8514618019162727,-24.68038625305627,468,460,129,235,0,0,0,304.7935375577004,606.7987938596491,1,0,0,0,0,0,0,0,0,0,0,0,0,0,0,0,0,0,0,0,clean,none
30 (2),fatty_liver,1,data/images/fatty_liver/30 (2).PNG,data/masks_liver/fatty_liver/30 (2).PNG,data/masks_spleen/fatty_liver/30 (2).PNG,606,741,96.68574711722184,72.1317313716527,0.0,255.0,96248,12828,109076,0,0.21433884279116172,0.02856722919255488,0.24290607198371658,162.5266499044136,156.08902400997817,14.457668685039323,23.303883038110392,1.0412432898086454,6.437625894435428,423,405,123,170,0,0,0,251.9860152938243,557.9962581852199,1,0,0,0,0,0,0,0,0,0,0,0,0,0,0,0,0,0,0,0,clean,none
31,fatty_liver,1,data/images/fatty_liver/31.PNG,data/masks_liver/fatty_liver/31.PNG,data/masks_spleen/fatty_liver/31.PNG,796,1057,84.71171253619089,81.10581171825582,0.0,255.0,180205,27930,208135,0,0.21417993467812096,0.033195780225631466,0.24737571490375243,158.23301795177716,157.30551378446114,13.020557609772048,28.68638406171542,1.0058961897717755,0.927504167316016,522,484,187,286,0,0,0,319.0489886518132,751.647081990691,1,0,0,0,0,0,0,0,0,0,0,0,0,0,0,0,0,0,0,0,clean,none
311,fatty_liver,1,data/images/fatty_liver/311.PNG,data/masks_liver/fatty_liver/311.PNG,data/masks_spleen/fatty_liver/311.PNG,776,938,57.2853928076847,69.7544999091923,0.0,255.0,131952,22069,154021,0,0.1812806365814521,0.030319224935704395,0.21159986151715648,135.8743027767673,156.77552222574653,16.516133699500326,21.371793159389334,0.8666805887875569,-20.90121944897922,448,504,178,205,0,0,0,356.83959318540076,707.568535049164,1,0,0,0,0,0,0,0,0,0,0,0,0,0,0,0,0,0,0,0,clean,none
316,fatty_liver,1,data/images/fatty_liver/316.PNG,data/masks_liver/fatty_liver/316.PNG,data/masks_spleen/fatty_liver/316.PNG,674,938,59.48831246480611,74.83855031119876,0.0,255.0,110599,16179,126778,0,0.17493973540521218,0.02559109918824698,0.20053083459345916,153.36748976030523,173.282032264046,16.061263732337505,31.862357811053965,0.88507438925653,-19.914542503740762,373,484,162,156,0,0,0,352.1872440076312,686.4630694109649,1,0,0,0,0,0,0,0,0,0,0,0,0,0,0,0,0,0,0,0,clean,none
317,fatty_liver,1,data/images/fatty_liver/317.PNG,data/masks_liver/fatty_liver/317.PNG,data/masks_spleen/fatty_liver/317.PNG,762,956,75.56955792398335,88.49741812778859,0.0,255.0,135320,12785,148105,0,0.1857586839301991,0.01755043433378359,0.20330911826398268,162.34516701152822,173.4301134141572,21.950274659680773,38.515787951133994,0.9360840679828086,-11.084946402628987,524,384,155,165,0,0,0,323.5937407626367,715.3922565506452,1,0,0,0,0,0,0,0,0,0,0,0,0,0,0,0,0,0,0,0,clean,none
318,fatty_liver,1,data/images/fatty_liver/318.PNG,data/masks_liver/fatty_liver/318.PNG,data/masks_spleen/fatty_liver/318.PNG,786,953,49.887104870383865,72.16380299334752,0.0,255.0,107266,21026,128292,0,0.14320119403303883,0.028069922489313243,0.17127111652235208,137.60298696697927,160.79553885665368,19.070335269012322,28.96128480204855,0.8557637051976059,-23.192551889674405,418,407,201,208,0,0,0,369.1441090373464,683.2580138875678,1,0,0,0,0,0,0,0,0,0,0,0,0,0,0,0,0,0,0,0,clean,none
33,fatty_liver,1,data/images/fatty_liver/33.PNG,data/masks_liver/fatty_liver/33.PNG,data/masks_spleen/fatty_liver/33.PNG,780,934,70.8775750837314,76.59162429506472,0.0,255.0,150497,41545,192042,0,0.20657909185746445,0.057026574424861365,0.2636056662823258,134.88024346000253,185.01511613912623,26.506821846522353,19.065583175925106,0.7290228255163406,-50.1348726791237,471,453,228,311,0,0,0,309.4710525791212,699.166109038392,1,0,0,0,0,0,0,0,0,0,0,0,0,0,0,0,0,0,0,0,clean,none
36,fatty_liver,1,data/images/fatty_liver/36.PNG,data/masks_liver/fatty_liver/36.PNG,data/masks_spleen/fatty_liver/36.PNG,665,703,93.40662039166195,64.73837824962409,0.0,255.0,146887,22361,169248,0,0.31420015187328204,0.04783152760992096,0.36203167948320303,126.3859429357261,158.26099011672108,20.19671766146672,20.12823793185458,0.7985918832172206,-31.87504718099497,502,490,201,223,0,0,0,243.58321703077877,537.051652430571,1,0,0,0,0,0,0,1,0,0,0,0,0,0,0,0,0,0,0,1,watch,low_img_std
42,fatty_liver,1,data/images/fatty_liver/42.PNG,data/masks_liver/fatty_liver/42.PNG,data/masks_spleen/fatty_liver/42.PNG,631,852,79.3044054076174,85.03375538358064,0.0,255.0,117341,35318,152659,0,0.2182633572167288,0.06569421813501186,0.28395757535174065,164.11577368524215,167.39260433773146,13.892250513806145,19.35182043034497,0.9804242747409423,-3.276830652489309,415,466,273,244,0,0,0,314.76175420356054,617.3439039583216,1,0,0,0,0,0,0,0,0,0,0,0,0,0,0,0,0,0,0,0,clean,none
45,fatty_liver,1,data/images/fatty_liver/45.PNG,data/masks_liver/fatty_liver/45.PNG,data/masks_spleen/fatty_liver/45.PNG,632,884,87.44120510911277,78.19440184683742,0.0,255.0,138643,18924,157567,0,0.24815818489031444,0.03387221490348817,0.2820303997938026,139.45086300786915,185.84712534347918,26.95290535793837,32.19295944448515,0.7503525384091152,-46.39626233561003,447,475,142,225,0,0,0,284.9119681484099,631.8335447051363,1,0,0,0,0,0,0,0,0,0,0,0,0,0,0,0,0,0,0,0,clean,none
47,fatty_liver,1,data/images/fatty_liver/47.PNG,data/masks_liver/fatty_liver/47.PNG,data/masks_spleen/fatty_liver/47.PNG,726,808,81.49277029975725,80.92181928482425,0.0,255.0,122504,21653,144157,0,0.20883451981561793,0.036912213948667595,0.24574673376428552,151.9537729380265,164.96998106497944,21.31226615583354,24.733477469987548,0.9210995299628145,-13.016208126952932,458,392,170,198,0,0,0,288.61965323581273,644.6504410474299,1,0,0,0,0,0,0,0,0,0,0,0,0,0,0,0,0,0,0,0,clean,none
48,fatty_liver,1,data/images/fatty_liver/48.PNG,data/masks_liver/fatty_liver/48.PNG,data/masks_spleen/fatty_liver/48.PNG,602,828,72.89904625483493,79.7276876543968,0.0,255.0,97342,10141,107483,0,0.195287046399281,0.0203448248190412,0.21563187121832217,171.4876826036038,177.37018045557636,16.154833954574457,30.057159402297998,0.9668349053730552,-5.882497851972573,367,397,109,169,0,0,0,285.23287994904564,567.4875258850212,1,0,0,0,0,0,0,0,0,0,0,0,0,0,0,0,0,0,0,0,clean,none
51,fatty_liver,1,data/images/fatty_liver/51.PNG,data/masks_liver/fatty_liver/51.PNG,data/masks_spleen/fatty_liver/51.PNG,690,940,73.75335954363244,74.40688406773303,0.0,255.0,100681,12730,113411,0,0.1552281837804502,0.019626888683317915,0.1748550724637681,129.27282208162413,139.83393558523173,12.564207074133009,17.531327452557505,0.9244738812228863,-10.5611135036076,370,416,114,176,0,0,0,269.30185437172855,702.6948153967007,1,0,0,0,0,0,0,0,0,0,0,0,0,0,0,0,0,0,0,0,clean,none
53,fatty_liver,1,data/images/fatty_liver/53.PNG,data/masks_liver/fatty_liver/53.PNG,data/masks_spleen/fatty_liver/53.PNG,720,840,66.62120701058201,81.49501395546432,0.0,255.0,95273,18871,114144,0,0.15752810846560847,0.031202050264550266,0.18873015873015872,160.65825574926788,184.6537544380266,22.71191624348913,26.56230247654751,0.8700513854601128,-23.995498688758715,363,424,210,219,0,0,0,289.318033440744,616.3540882836098,1,0,0,0,0,0,0,0,0,0,0,0,0,0,0,0,0,0,0,0,clean,none
60,fatty_liver,1,data/images/fatty_liver/60.PNG,data/masks_liver/fatty_liver/60.PNG,data/masks_spleen/fatty_liver/60.PNG,628,788,84.130344902842,80.7858903864033,0.0,255.0,110720,16975,127695,0,0.2237382391929904,0.034302353778007694,0.2580405929709981,161.1831647398844,178.54921944035345,16.447942769319297,28.114730888105772,0.902737992035813,-17.36605470046905,386,493,141,205,0,0,0,287.8274114884393,571.1428571428571,1,0,0,0,0,0,0,0,0,0,0,0,0,0,0,0,0,0,0,0,clean,none
61,fatty_liver,1,data/images/fatty_liver/61.PNG,data/masks_liver/fatty_liver/61.PNG,data/masks_spleen/fatty_liver/61.PNG,762,981,73.24501352468556,81.2257254702541,0.0,255.0,120914,23565,144479,0,0.16175309890545028,0.03152415581079888,0.19327725471624915,159.46796896968092,178.66441756842775,20.064914922715506,33.30032200353617,0.8925558331504342,-19.196448598746827,472,404,246,199,0,0,0,289.2818449476487,754.9828559304052,1,0,0,0,0,0,0,0,0,0,0,0,0,0,0,0,0,0,0,0,clean,none
63,fatty_liver,1,data/images/fatty_liver/63.PNG,data/masks_liver/fatty_liver/63.PNG,data/masks_spleen/fatty_liver/63.PNG,637,914,58.14283309688124,70.92581993317265,0.0,255.0,109006,20320,129326,0,0.1872254035430028,0.03490101645775294,0.22212642000075572,139.44060877382896,170.82372047244095,16.472456563356143,30.339540615189975,0.816283637728411,-31.383111698611998,355,505,186,200,0,0,0,343.7087499770655,650.2463090551181,1,0,0,0,0,0,0,0,0,0,0,0,0,0,0,0,0,0,0,0,clean,none
63 (2),fatty_liver,1,data/images/fatty_liver/63 (2).PNG,data/masks_liver/fatty_liver/63 (2).PNG,data/masks_spleen/fatty_liver/63 (2).PNG,751,833,93.99212094957824,90.96513260888295,0.0,255.0,114391,28142,142533,0,0.1828550328253805,0.04498523777020795,0.22784027059558842,170.50705912178407,176.5426764266932,19.677325531436,28.35410313732703,0.9658121288694326,-6.035617304909124,430,395,215,213,0,0,0,239.37078091807922,658.5468339137233,1,0,0,0,0,0,0,0,0,0,0,0,0,0,0,0,0,0,0,0,clean,none
66,fatty_liver,1,data/images/fatty_liver/66.PNG,data/masks_liver/fatty_liver/66.PNG,data/masks_spleen/fatty_liver/66.PNG,808,863,66.56163739201267,82.56456989478203,0.0,255.0,126054,18193,144247,0,0.18077337861248466,0.026090485641843443,0.2068638642543281,164.60356672537168,167.03814653987797,19.09911564490633,27.464260017628522,0.9854250011128441,-2.434579814506293,450,481,215,176,0,0,0,302.76034873942916,666.4993678887485,1,0,0,0,0,0,0,0,0,0,0,0,0,0,0,0,0,0,0,0,clean,none
67,fatty_liver,1,data/images/fatty_liver/67.PNG,data/masks_liver/fatty_liver/67.PNG,data/masks_spleen/fatty_liver/67.PNG,671,811,75.80342202318714,86.53277525880893,0.0,255.0,102644,14010,116654,0,0.18862106541757245,0.02574511054226443,0.2143661759598369,170.47520556486498,176.43162027123483,18.49630512410136,39.251957031203325,0.9662395229185542,-5.956414706369856,374,427,154,177,0,0,0,246.95156073418806,569.4123483226267,1,0,0,0,0,0,0,0,0,0,0,0,0,0,0,0,0,0,0,0,clean,none
70,fatty_liver,1,data/images/fatty_liver/70.PNG,data/masks_liver/fatty_liver/70.PNG,data/masks_spleen/fatty_liver/70.PNG,610,834,61.390824389668595,64.26186569719009,0.0,251.0,102098,18714,120812,0,0.2006879742107953,0.03678499823092346,0.23747297244171875,115.9606260651531,154.64588008977236,20.665743788553296,25.024681892555673,0.7498461986054296,-38.68525402461927,422,443,200,208,0,0,0,266.83680385511957,578.6160094047237,1,0,0,0,0,0,0,1,0,1,0,0,0,0,0,0,0,0,0,2,review,"low_img_std, low_liver_mean"
71,fatty_liver,1,data/images/fatty_liver/71.PNG,data/masks_liver/fatty_liver/71.PNG,data/masks_spleen/fatty_liver/71.PNG,826,804,92.7769475865226,78.83984821112298,0.0,255.0,157175,44262,201437,0,0.2366722681989568,0.06664919952296629,0.3033214677219231,156.41452521075234,179.70792101576973,20.663724680334518,17.31575682792373,0.8703819144769069,-23.293395805017383,499,582,267,273,0,0,0,264.3143438842055,593.567597487687,1,0,0,0,0,0,0,0,0,0,0,0,0,0,0,0,0,0,0,0,clean,none
75,fatty_liver,1,data/images/fatty_liver/75.PNG,data/masks_liver/fatty_liver/75.PNG,data/masks_spleen/fatty_liver/75.PNG,614,754,97.44189296607021,81.50658251749496,0.0,255.0,121341,22499,143840,0,0.26210050199154994,0.048598570922506676,0.31069907291405663,142.790235781805,186.517311880528,22.532328690313488,22.54849632011346,0.7655602237486018,-43.72707609872302,441,483,157,212,0,0,0,261.5042978053585,600.6697186541624,1,0,0,0,0,0,0,0,0,0,0,0,0,0,0,0,0,0,0,0,clean,none
84,fatty_liver,1,data/images/fatty_liver/84.PNG,data/masks_liver/fatty_liver/84.PNG,data/masks_spleen/fatty_liver/84.PNG,733,974,65.06402060671596,78.81223209236519,0.0,255.0,118698,19093,137791,0,0.16625720296606727,0.026743068764689567,0.19300027173075684,152.9717012923554,158.24448750851099,15.533558673105459,24.345785355240988,0.9666794890245293,-5.272786216155595,405,523,176,167,0,0,0,363.63603430554855,688.8852459016393,1,0,0,0,0,0,0,0,0,0,0,0,0,0,0,0,0,0,0,0,clean,none
86,fatty_liver,1,data/images/fatty_liver/86.PNG,data/masks_liver/fatty_liver/86.PNG,data/masks_spleen/fatty_liver/86.PNG,733,829,81.72380635786307,78.15290780439122,0.0,255.0,141990,30088,172078,0,0.23366800678672342,0.049514775605316814,0.28318278239204026,154.45786322980493,177.05603562882212,18.460260936927583,29.486699016712834,0.8723671113999254,-22.598172399017187,454,514,256,251,0,0,0,289.0759983097401,654.7029048125498,1,0,0,0,0,0,0,0,0,0,0,0,0,0,0,0,0,0,0,0,clean,none
87,fatty_liver,1,data/images/fatty_liver/87.PNG,data/masks_liver/fatty_liver/87.PNG,data/masks_spleen/fatty_liver/87.PNG,727,898,60.261009487689286,71.2343072697813,0.0,255.0,124767,29314,154081,0,0.19111245224754383,0.044901860469390945,0.23601431271693477,141.7027659557415,155.32789793272838,18.964354302642153,24.00364718730563,0.9122814827818676,-13.625131976986864,428,445,261,233,0,0,0,323.8472432614393,666.7363034727434,1,0,0,0,0,0,0,0,0,0,0,0,0,0,0,0,0,0,0,0,clean,none
87 (2),fatty_liver,1,data/images/fatty_liver/87 (2).PNG,data/masks_liver/fatty_liver/87 (2).PNG,data/masks_spleen/fatty_liver/87 (2).PNG,648,833,80.66166837105213,80.70542680920128,0.0,255.0,98157,23817,121974,0,0.18184496020630475,0.04412320483749055,0.2259681650437953,158.6178571064723,165.99508754251164,25.096482794595563,24.52129620461308,0.9555575318473954,-7.377230436039355,382,378,212,221,0,0,0,231.25456156973013,571.9742620817063,1,0,0,0,0,0,0,0,0,0,0,0,0,0,0,0,0,0,0,0,clean,none
91,fatty_liver,1,data/images/fatty_liver/91.PNG,data/masks_liver/fatty_liver/91.PNG,data/masks_spleen/fatty_liver/91.PNG,697,962,55.68388728646978,71.1540908337744,0.0,254.0,120787,29812,150599,0,0.18014090682670308,0.04446141318451218,0.22460232001121527,133.61971073045942,165.20387763316785,20.45982123990518,27.29841084499369,0.8088170316337397,-31.584166902708432,389,536,225,216,0,0,0,344.2952056098752,638.920300550114,1,0,0,0,0,0,0,0,0,0,0,0,0,0,0,0,0,0,0,0,clean,none
92,fatty_liver,1,data/images/fatty_liver/92.PNG,data/masks_liver/fatty_liver/92.PNG,data/masks_spleen/fatty_liver/92.PNG,686,848,75.4538805077287,89.15997922549626,0.0,255.0,103432,9833,113265,0,0.17780130920292644,0.016903088728752957,0.1947043979316794,173.30478962023358,179.24926268687074,27.204016911346553,31.97485800607634,0.9668368285349193,-5.944473066637158,390,442,111,159,0,0,0,268.46721517518756,590.8950472897386,1,0,0,0,0,0,0,0,0,0,0,0,0,0,0,0,0,0,0,0,clean,none
93,fatty_liver,1,data/images/fatty_liver/93.PNG,data/masks_liver/fatty_liver/93.PNG,data/masks_spleen/fatty_liver/93.PNG,699,1021,88.93069152938506,89.16557278333846,0.0,255.0,161586,25393,186979,0,0.2264127149600871,0.03558042201045568,0.2619931369705428,172.0105825999777,180.7133068168393,17.389816067709745,37.83702846132233,0.9518423666635433,-8.702724216861583,517,468,219,208,0,0,0,309.05476959637593,741.5434174772575,1,0,0,0,0,0,0,0,0,0,0,0,0,0,0,0,0,0,0,0,clean,none
94,fatty_liver,1,data/images/fatty_liver/94.PNG,data/masks_liver/fatty_liver/94.PNG,data/masks_spleen/fatty_liver/94.PNG,766,825,74.98506369174777,68.56091812145193,0.0,255.0,118949,20840,139789,0,0.18822533428277555,0.032977292507318616,0.22120262679009414,127.21946380381507,152.69424184261035,16.673731309126786,24.4644672695361,0.8331647705601225,-25.47477803879528,495,382,188,189,0,0,0,236.63638197883125,659.8880998080614,1,0,0,0,0,0,0,0,0,0,0,0,0,0,0,0,0,0,0,0,clean,none
