image_id,class_name,label,liver_count,liver_mean,liver_median,liver_std,liver_min,liver_max,liver_p10,liver_p25,liver_p50,liver_p75,liver_p90,spleen_count,spleen_mean,spleen_median,spleen_std,spleen_min,spleen_max,spleen_p10,spleen_p25,spleen_p50,spleen_p75,spleen_p90,mean_ratio,median_ratio,mean_diff,median_diff,std_ratio,count_ratio,p25_diff,p50_diff,p75_diff
1,normal,0,118039,201.58709716796875,201.0,18.851900100708008,57.0,255.0,186.0,193.0,201.0,209.0,221.0,28147,199.7093048095703,200.0,15.85484790802002,14.0,255.0,187.0,194.0,200.0,207.0,214.0,1.0094026232317335,1.0049999949750001,1.8777923583984375,1.0,1.1890305741842775,4.193661846584231,-1.0,1.0,2.0
1 (2),normal,0,112694,186.1878662109375,185.0,17.791608810424805,18.0,255.0,170.0,178.0,185.0,193.0,204.0,20043,193.82408142089844,196.0,16.723485946655273,45.0,255.0,180.0,189.0,196.0,203.0,209.0,0.9606023353002208,0.9438775462047064,-7.6362152099609375,-11.0,1.063869566626663,5.622611385240602,-11.0,-11.0,-10.0
10,normal,0,142930,177.74493408203125,176.0,18.369810104370117,0.0,255.0,162.0,169.0,176.0,183.0,193.0,34227,206.84918212890625,207.0,13.764634132385254,10.0,255.0,195.0,201.0,207.0,214.0,220.3984375,0.8592972492971483,0.8502415417862728,-29.104248046875,-31.0,1.3345657133438915,4.175942968879074,-32.0,-31.0,-31.0
100,normal,0,145776,183.72264099121094,182.0,18.474275588989258,17.0,255.0,166.0,174.0,182.0,191.0,204.0,38676,185.97784423828125,188.0,17.04076385498047,0.0,253.0,175.0,181.0,188.0,194.0,199.0,0.9878738016123325,0.9680851012335899,-2.2552032470703125,-6.0,1.0841224408768142,3.7691591683791197,-7.0,-6.0,-3.0
101,normal,0,95924,201.0488739013672,200.0,16.52985191345215,34.0,255.0,186.0,193.0,200.0,208.0,218.0,14435,195.8387908935547,199.0,18.16834259033203,12.0,255.0,182.0,192.0,199.0,205.0,210.0,1.0266039325377598,1.0050251205777632,5.2100830078125,1.0,0.9098161222714998,6.645237270062678,1.0,1.0,3.0
102,normal,0,122684,185.66746520996094,186.0,18.45669937133789,0.0,255.0,168.0,177.0,186.0,195.0,205.0,32262,190.10362243652344,192.0,17.562551498413086,48.0,255.0,175.0,185.0,192.0,199.0,206.0,0.9766645256604288,0.9687499949544272,-4.4361572265625,-6.0,1.0509121252736808,3.8027400655941124,-8.0,-6.0,-4.0
103,normal,0,131786,182.40911865234375,182.0,17.10504913330078,27.0,255.0,166.0,174.0,182.0,191.0,199.0,15325,186.239013671875,192.0,25.612812042236328,0.0,246.0,164.0,182.0,192.0,199.0,206.0,0.9794355869725849,0.9479166617296008,-3.82989501953125,-10.0,0.6678317256716012,8.599412723745552,-8.0,-10.0,-8.0
104,normal,0,114300,169.0005645751953,169.0,13.874648094177246,19.0,247.0,154.0,161.0,169.0,177.0,185.0,18968,183.23402404785156,187.0,25.20945930480957,0.0,255.0,164.0,177.0,187.0,196.0,205.0,0.9223208655218965,0.9037433106751694,-14.23345947265625,-18.0,0.5503746580219403,6.025938422288806,-16.0,-18.0,-19.0
105,normal,0,165064,189.38536071777344,189.0,19.854867935180664,3.0,255.0,169.0,179.0,189.0,199.0,210.0,14654,200.09266662597656,204.0,24.930471420288086,0.0,255.0,180.300048828125,194.0,204.0,212.0,221.0,0.9464882594887596,0.9264705836937717,-10.707305908203125,-15.0,0.7964096147260746,11.26409171480387,-15.0,-15.0,-13.0
106,normal,0,168196,190.02651977539062,190.0,16.3366756439209,72.0,255.0,175.0,183.0,190.0,197.0,205.0,29055,204.29750061035156,208.0,21.136478424072266,46.0,255.0,188.0,200.0,208.0,215.0,222.0,0.9301460775463647,0.9134615340698965,-14.270980834960938,-18.0,0.7729137533337322,5.7888831524423034,-17.0,-18.0,-18.0
107,normal,0,96329,184.23597717285156,184.0,18.578357696533203,3.0,255.0,169.0,176.0,184.0,192.0,201.0,20364,181.22471618652344,187.0,30.842079162597656,0.0,255.0,159.0,177.0,187.0,197.0,205.0,1.0166161660124364,0.9839572139895336,3.011260986328125,-3.0,0.6023704496774919,4.730357493383895,-1.0,-3.0,-5.0
108,normal,0,135075,204.1584014892578,204.0,18.886184692382812,72.0,255.0,186.0,196.0,204.0,212.0,223.0,32035,200.34365844726562,200.0,11.591034889221191,121.0,255.0,187.0,194.0,200.0,206.0,213.0,1.0190409921258141,1.0199999949,3.8147430419921875,4.0,1.6293785018770905,4.216481972710583,2.0,4.0,6.0
109,normal,0,79298,160.01841735839844,160.0,11.095897674560547,42.0,208.0,147.0,154.0,160.0,167.0,173.0,16309,159.2506561279297,161.0,19.110620498657227,0.0,205.0,145.0,154.0,161.0,169.0,176.0,1.0048210804546445,0.9937888137031751,0.76776123046875,-1.0,0.5806141718279638,4.862223311983431,0.0,-1.0,-2.0
11,normal,0,141152,182.70162963867188,185.0,21.962684631347656,16.0,255.0,167.0,177.0,185.0,193.0,201.0,36140,182.47775268554688,186.0,19.6676082611084,2.0,255.0,164.0,177.0,186.0,193.0,200.0,1.0012268671035418,0.9946236505665396,0.223876953125,-1.0,1.116693154707809,3.9057000552322716,0.0,-1.0,0.0
110,normal,0,106203,202.2643280029297,200.0,20.409278869628906,30.0,255.0,183.0,192.0,200.0,210.0,227.0,15673,215.62924194335938,216.0,12.405370712280273,86.0,255.0,203.0,209.0,216.0,223.0,230.0,0.9380190054094828,0.9259259216392318,-13.364913940429688,-16.0,1.6451968826879602,6.776175588159498,-17.0,-16.0,-13.0
111,normal,0,125291,202.39979553222656,203.0,18.729021072387695,31.0,255.0,185.0,194.0,203.0,212.0,222.0,23168,183.91712951660156,189.0,23.056074142456055,0.0,230.0,159.0,180.0,189.0,196.0,203.0,1.1004945268758237,1.0740740683911425,18.482666015625,14.0,0.8123247758635028,5.407933356120169,14.0,14.0,16.0
112,normal,0,79006,165.00515747070312,166.0,24.192155838012695,0.0,255.0,146.0,157.0,166.0,175.0,185.0,17892,183.84132385253906,187.0,20.905122756958008,8.0,237.0,168.0,179.0,187.0,195.0,202.0,0.8975411681952107,0.8877005300122967,-18.836166381835938,-21.0,1.1572357149983692,4.415716521103525,-22.0,-21.0,-20.0
113,normal,0,129316,178.3105010986328,178.0,16.940643310546875,0.0,255.0,162.0,170.0,178.0,186.0,196.0,29545,182.61952209472656,186.0,22.03626251220703,0.0,233.0,169.0,178.0,186.0,193.0,199.0,0.9764043738420092,0.9569892421667245,-4.30902099609375,-8.0,0.7687620590107108,4.376916567799055,-8.0,-8.0,-7.0
114,normal,0,109551,180.2436981201172,180.0,15.39671802520752,12.0,255.0,166.0,173.0,180.0,187.0,195.0,19053,180.74444580078125,183.0,16.041839599609375,16.0,255.0,168.0,176.0,183.0,189.0,195.0,0.9972295210750458,0.98360655200215,-0.5007476806640625,-3.0,0.9597850028245782,5.7498031802997005,-3.0,-3.0,-2.0
115,normal,0,100896,177.14659118652344,178.0,19.717798233032227,0.0,255.0,161.0,169.0,178.0,186.0,196.0,24149,167.0520477294922,172.0,21.45091438293457,0.0,209.0,155.0,165.0,172.0,177.0,182.0,1.060427528628382,1.0348837149134669,10.09454345703125,6.0,0.9192054455969213,4.178061203189446,4.0,6.0,9.0
116,normal,0,164708,183.97084045410156,186.0,19.354856491088867,41.0,255.0,164.0,177.0,186.0,194.0,203.0,49283,183.0082244873047,184.0,12.131575584411621,90.0,254.0,171.0,178.0,184.0,190.0,196.0,1.005259954650856,1.010869559723535,0.962615966796875,2.0,1.5954114748744814,3.342085506090496,-1.0,2.0,4.0
117,normal,0,106735,169.42202758789062,168.0,21.83941650390625,13.0,255.0,147.0,157.0,168.0,179.0,192.0,23955,175.877685546875,180.0,21.87942123413086,0.0,255.0,153.0,171.0,180.0,187.0,194.0,0.9632946106710142,0.9333333281481482,-6.455657958984375,-12.0,0.998171536259207,4.455646002736145,-14.0,-12.0,-8.0
118,normal,0,172372,170.14149475097656,170.0,19.43233299255371,14.0,255.0,151.0,161.0,170.0,179.0,190.0,39066,190.08523559570312,192.0,20.48605728149414,15.0,255.0,169.0,181.0,192.0,202.0,212.0,0.8950800062019262,0.8854166620551216,-19.943740844726562,-22.0,0.9485637854553844,4.412327855311209,-20.0,-22.0,-23.0
119,normal,0,143352,155.65126037597656,156.0,15.470290184020996,8.0,236.0,140.0,148.0,156.0,164.0,172.0,45467,154.23736572265625,155.0,11.69893741607666,30.0,234.0,141.0,148.0,155.0,161.0,167.0,1.009166998136468,1.0064516064099898,1.4138946533203125,1.0,1.322367007485205,3.152880110780283,0.0,1.0,3.0
12,normal,0,88556,171.62278747558594,173.0,19.47779083251953,13.0,255.0,155.0,165.0,173.0,181.0,189.0,21936,168.4038543701172,174.0,28.176048278808594,0.0,235.0,155.0,167.0,174.0,181.0,187.0,1.0191143611195492,0.9942528678491215,3.21893310546875,-1.0,0.6912889255616441,4.0370167758918205,-2.0,-1.0,0.0
120,normal,0,89851,171.5646209716797,173.0,18.814191818237305,4.0,251.0,156.0,165.0,173.0,181.0,189.0,20377,167.34332275390625,171.0,23.134662628173828,0.0,218.0,153.0,162.0,171.0,179.0,185.0,1.0252253697553018,1.0116959005163983,4.2212982177734375,2.0,0.8132468282497537,4.409432202757548,3.0,2.0,2.0
121,normal,0,98606,170.26071166992188,170.0,15.794382095336914,23.0,255.0,154.0,162.0,170.0,178.0,187.0,23067,188.13014221191406,192.0,20.940488815307617,30.0,252.0,175.0,185.0,192.0,198.0,204.0,0.9050155852915944,0.8854166620551216,-17.869430541992188,-22.0,0.7542508429669649,4.274764815352028,-23.0,-22.0,-20.0
122,normal,0,123957,172.93716430664062,172.0,15.065935134887695,10.0,255.0,159.0,165.0,172.0,179.0,187.0,31996,192.14633178710938,195.0,19.5541934967041,0.0,236.0,177.0,187.0,195.0,202.0,209.0,0.9000284408146797,0.8820512775279422,-19.20916748046875,-23.0,0.77047076203661,3.8741405174436134,-22.0,-23.0,-23.0
123,normal,0,72231,178.2472686767578,178.0,12.62505054473877,6.0,250.0,167.0,172.0,178.0,184.0,190.0,14688,177.7625274658203,182.0,24.523557662963867,0.0,229.0,166.0,175.0,182.0,189.0,195.0,1.0027268975926538,0.978021972648231,0.4847412109375,-4.0,0.5148131524567622,4.917687908161922,-3.0,-4.0,-5.0
125,normal,0,104453,164.57289123535156,165.0,11.445158004760742,40.0,255.0,154.0,159.0,165.0,170.0,176.0,12035,163.20431518554688,168.0,25.52714729309082,0.0,234.0,152.0,161.0,168.0,174.0,181.0,1.0083856547534489,0.9821428512967687,1.3685760498046875,-3.0,0.4483523922591263,8.67910261664486,-2.0,-3.0,-4.0
126,normal,0,82706,173.91268920898438,174.0,15.181246757507324,0.0,252.0,160.0,167.0,174.0,181.0,189.0,7088,179.6844024658203,184.0,22.954633712768555,7.0,239.0,164.0,178.0,184.0,190.0,196.0,0.9678786018958299,0.9456521687736296,-5.7717132568359375,-10.0,0.6613586732034873,11.66845372295874,-11.0,-10.0,-9.0
127,normal,0,133248,200.96490478515625,202.0,18.731761932373047,51.0,255.0,182.0,193.0,202.0,210.0,219.0,23551,200.20135498046875,202.0,15.283525466918945,25.0,255.0,188.0,196.0,202.0,208.0,214.0,1.0038139042612777,0.999999995049505,0.7635498046875,0.0,1.2256177900380372,5.657848923372347,-3.0,0.0,2.0
128,normal,0,133580,177.49855041503906,178.0,24.732595443725586,0.0,255.0,158.0,169.0,178.0,187.0,200.0,20233,181.73593139648438,184.0,24.09799575805664,0.0,244.0,161.0,174.0,184.0,194.0,204.0,0.9766838515335491,0.9673912990902647,-4.2373809814453125,-6.0,1.026334084614597,6.60208570125033,-5.0,-6.0,-7.0
129,normal,0,166813,170.0855712890625,172.0,32.03377151489258,0.0,255.0,150.0,163.0,172.0,182.0,194.0,27258,205.00352478027344,208.0,17.79352569580078,39.0,254.0,192.0,200.0,208.0,214.0,220.0,0.8296714441456161,0.8269230729474852,-34.91795349121094,-36.0,1.800304799747902,6.1197813483703944,-37.0,-36.0,-32.0
13,normal,0,86234,200.8214874267578,199.0,16.9964542388916,99.0,255.0,185.0,192.0,199.0,207.0,220.0,13597,201.37567138671875,203.0,18.965740203857422,44.0,255.0,185.0,195.0,203.0,212.0,219.0,0.9972480044218217,0.9802955616734209,-0.5541839599609375,-4.0,0.8961660952873653,6.342134293863195,-3.0,-4.0,-5.0
130,normal,0,103363,171.83480834960938,173.0,19.310115814208984,0.0,254.0,157.0,165.0,173.0,181.0,189.0,30029,174.41966247558594,179.0,26.494033813476562,0.0,249.0,156.0,170.0,179.0,188.0,195.0,0.9851802539090533,0.9664804415280422,-2.5848541259765625,-6.0,0.7288476802478806,3.442105964119947,-5.0,-6.0,-7.0
131,normal,0,96330,182.76686096191406,182.0,16.67972183227539,26.0,255.0,167.0,175.0,182.0,189.0,199.0,24573,191.53550720214844,193.0,17.231342315673828,0.0,255.0,178.0,186.0,193.0,200.0,206.0,0.9542192081116372,0.943005176461113,-8.768646240234375,-11.0,0.9679873197757788,3.920156268916284,-11.0,-11.0,-11.0
133,normal,0,146250,163.07662963867188,164.0,18.712295532226562,0.0,255.0,144.0,155.0,164.0,173.0,182.0,11129,170.26112365722656,176.0,22.963499069213867,0.0,212.0,148.0,167.0,176.0,182.0,188.0,0.9578030802215205,0.9318181765237604,-7.1844940185546875,-12.0,0.8148712293781947,13.141342437492915,-12.0,-12.0,-9.0
134,normal,0,112832,163.36187744140625,165.0,19.05992889404297,3.0,234.0,146.0,156.0,165.0,174.0,182.0,23134,170.3306884765625,176.0,28.023075103759766,0.0,231.0,154.0,167.0,176.0,184.0,190.0,0.9590865741424996,0.9374999946732955,-6.96881103515625,-11.0,0.6801512019405236,4.8773234198635205,-11.0,-11.0,-10.0
135,normal,0,100029,167.16952514648438,166.0,23.85839080810547,0.0,255.0,149.0,157.0,166.0,175.0,189.0,14213,190.56491088867188,195.0,26.687835693359375,0.0,255.0,179.0,189.0,195.0,202.0,207.0,0.8772314036707077,0.8512820469165023,-23.3953857421875,-29.0,0.8939799460794082,7.037852669595591,-32.0,-29.0,-27.0
136,normal,0,181423,188.3560028076172,188.0,18.9867000579834,0.0,255.0,169.0,178.0,188.0,198.0,210.0,29255,197.86447143554688,199.0,20.111454010009766,50.0,255.0,174.0,187.0,199.0,210.0,221.0,0.9519445329882199,0.9447236133430974,-9.508468627929688,-11.0,0.9440739145195333,6.201435651813316,-9.0,-11.0,-12.0
137,normal,0,113879,154.8671112060547,155.0,13.78593921661377,5.0,219.0,141.0,148.0,155.0,163.0,170.0,17960,150.6453857421875,153.0,16.448219299316406,9.0,185.0,136.0,146.0,153.0,160.0,166.0,1.0280242532158796,1.0130718888034518,4.2217254638671875,2.0,0.8381416934929257,6.340701558666999,2.0,2.0,3.0
138,normal,0,114499,188.2518768310547,187.0,18.242069244384766,20.0,255.0,172.0,180.0,187.0,195.0,205.0,22787,197.21214294433594,198.0,18.73847198486328,50.0,255.0,179.0,189.0,198.0,207.0,216.0,0.9545653379448563,0.9444444396745231,-8.96026611328125,-11.0,0.9735088477657968,5.024750954271086,-9.0,-11.0,-12.0
139,normal,0,68111,234.9739990234375,243.0,25.25896453857422,92.0,255.0,207.0,229.0,243.0,252.0,255.0,6222,204.26953125,218.0,41.4964714050293,81.0,255.0,118.0,203.0,218.0,228.0,238.0,1.1503134923511702,1.1146788939693628,30.7044677734375,25.0,0.608701488936994,10.946801669728897,26.0,25.0,24.0
14,normal,0,115573,169.3977813720703,170.0,13.77566146850586,3.0,237.0,155.0,162.0,170.0,177.0,184.0,23080,168.75350952148438,172.0,17.386476516723633,16.0,255.0,152.0,165.0,172.0,178.0,183.0,1.0038178219143117,0.9883720872769065,0.6442718505859375,-2.0,0.792320437262544,5.0074956670274045,-3.0,-2.0,-1.0
140,normal,0,123484,186.3556671142578,186.0,21.846487045288086,1.0,255.0,168.0,178.0,186.0,195.0,206.0,18908,194.1524200439453,199.0,30.0700626373291,0.0,255.0,174.0,189.0,199.0,209.0,217.0,0.9598420978334196,0.9346733621373198,-7.7967529296875,-13.0,0.7265194815939054,6.5307806216135615,-11.0,-13.0,-14.0
141,normal,0,104391,194.1823272705078,193.0,21.962661743164062,12.0,255.0,175.0,184.0,193.0,203.0,216.0,22758,199.3157501220703,201.0,15.821696281433105,12.0,255.0,186.0,195.0,201.0,208.0,213.0,0.9742447657916481,0.960199000198015,-5.1334228515625,-8.0,1.3881356312471882,4.58700237259043,-11.0,-8.0,-5.0
142,normal,0,156061,176.84164428710938,179.0,25.678743362426758,0.0,255.0,161.0,171.0,179.0,186.0,196.0,30815,177.26646423339844,181.0,22.615503311157227,0.0,228.0,163.0,173.0,181.0,188.0,195.0,0.997603489494024,0.9889502707792803,-0.4248199462890625,-2.0,1.1354486289195107,5.064449131751925,-2.0,-2.0,-2.0
143,normal,0,188927,158.0189666748047,162.0,20.3128719329834,0.0,246.0,129.0,151.0,162.0,171.0,178.0,8424,178.57989501953125,183.0,24.457761764526367,0.0,216.0,169.0,177.0,183.0,189.0,194.0,0.8848642551428195,0.885245896801935,-20.560928344726562,-21.0,0.8305286190135618,22.427231716236083,-26.0,-21.0,-18.0
144,normal,0,98581,168.65174865722656,170.0,15.918461799621582,0.0,230.0,157.0,164.0,170.0,176.0,182.0,19885,167.6387176513672,171.0,20.574520111083984,1.0,220.0,154.0,164.0,171.0,178.0,184.0,1.0060429357490268,0.9941520409698711,1.013031005859375,-1.0,0.7736978038845301,4.9575559464441765,0.0,-1.0,-2.0
145,normal,0,96344,175.6958770751953,176.0,13.374141693115234,25.0,246.0,161.0,169.0,176.0,183.0,190.0,11982,170.921630859375,173.0,16.72355079650879,0.0,216.0,159.0,166.0,173.0,179.0,185.0,1.0279323638786009,1.0173410345818437,4.7742462158203125,3.0,0.7997189745247311,8.040727757633055,3.0,3.0,4.0
146,normal,0,108974,173.43310546875,172.0,21.213783264160156,0.0,255.0,153.0,163.0,172.0,182.0,194.0,9229,171.73019409179688,176.0,22.9071102142334,0.0,215.0,155.0,168.0,176.0,183.0,190.0,1.009916196601552,0.9772727217200413,1.702911376953125,-4.0,0.9260785031234716,11.807779823186934,-5.0,-4.0,-1.0
147,normal,0,77956,158.05810546875,160.0,20.25521469116211,8.0,236.0,140.0,153.0,160.0,168.0,176.0,21917,182.767578125,186.0,20.477344512939453,6.0,239.0,171.0,180.0,186.0,192.0,198.0,0.8648038466420214,0.8602150491386288,-24.70947265625,-26.0,0.9891523624662688,3.5568736595539137,-27.0,-26.0,-24.0
148,normal,0,87660,178.4598388671875,179.0,15.389180183410645,31.0,255.0,164.0,171.0,179.0,186.0,194.0,16622,192.1542510986328,195.0,20.61151695251465,26.0,255.0,173.0,186.0,195.0,204.0,211.0,0.928732187386538,0.9179487132412887,-13.694412231445312,-16.0,0.7466301229664228,5.273733605746978,-15.0,-16.0,-18.0
149,normal,0,105707,193.1417999267578,193.0,23.068208694458008,26.0,255.0,171.0,184.0,193.0,202.0,215.0,34273,205.299560546875,205.0,12.016106605529785,127.0,255.0,191.0,198.0,205.0,212.0,219.0,0.9407803819525388,0.9414634100416419,-12.157760620117188,-12.0,1.919773811266643,3.084264581358963,-14.0,-12.0,-10.0
150,normal,0,137762,154.68838500976562,156.0,16.369340896606445,1.0,239.0,138.0,147.0,156.0,164.0,172.0,29411,175.97007751464844,181.0,24.214706420898438,3.0,235.0,158.0,171.0,181.0,189.0,196.0,0.8790607262068634,0.8618784482769146,-21.281692504882812,-25.0,0.6760082049341191,4.684029784615143,-24.0,-25.0,-25.0
152,normal,0,130506,175.94784545898438,177.0,18.361326217651367,3.0,255.0,159.0,169.0,177.0,185.0,193.0,14037,176.68576049804688,181.0,21.065214157104492,23.0,220.0,157.0,173.0,181.0,188.0,194.0,0.9958235681652783,0.9779005470834224,-0.7379150390625,-4.0,0.8716419975164029,9.297285744154927,-4.0,-4.0,-3.0
153,normal,0,92483,173.1658935546875,173.0,17.31272315979004,0.0,255.0,156.0,165.0,173.0,181.0,191.0,14681,184.00735473632812,187.0,22.08354377746582,0.0,255.0,167.0,179.0,187.0,194.0,202.0,0.9410813652625072,0.9251336848923333,-10.841461181640625,-14.0,0.7839648631707009,6.299502758238574,-14.0,-14.0,-13.0
154,normal,0,54185,202.05938720703125,201.0,16.281469345092773,51.0,255.0,188.0,194.0,201.0,209.0,218.0,8603,207.7528839111328,210.0,17.15523338317871,42.0,255.0,196.0,203.0,210.0,216.0,222.0,0.9725948561121691,0.9571428525850341,-5.6934967041015625,-9.0,0.9490671465880586,6.298384283819785,-9.0,-9.0,-7.0
155,normal,0,80482,227.9485626220703,229.0,15.490896224975586,73.0,255.0,213.0,222.0,229.0,237.0,244.0,16171,223.3895263671875,223.0,13.557002067565918,125.0,255.0,208.0,215.0,223.0,231.0,240.0,1.0204084556183741,1.0269058249914538,4.5590362548828125,6.0,1.1426490167311651,4.976934017378212,7.0,6.0,6.0
156,normal,0,122687,164.2887725830078,165.0,20.210166931152344,6.0,255.0,143.0,155.0,165.0,175.0,185.0,25720,177.41714477539062,179.0,17.479703903198242,27.0,245.0,161.0,171.0,179.0,188.0,195.0,0.9260027933883951,0.9217877043475547,-13.128372192382812,-14.0,1.1562075585986873,4.770101088461504,-16.0,-14.0,-13.0
157,normal,0,128245,176.63389587402344,177.0,19.444515228271484,9.0,255.0,160.0,169.0,177.0,185.0,195.0,16994,198.69265747070312,201.0,23.744274139404297,13.0,255.0,183.0,193.0,201.0,209.0,217.0,0.8889804849033603,0.8805970105442935,-22.058761596679688,-24.0,0.8189138271904017,7.5464869949660764,-24.0,-24.0,-24.0
158,normal,0,94203,171.2565460205078,174.0,22.41832733154297,0.0,237.0,158.0,167.0,174.0,181.0,188.0,19664,173.76687622070312,175.0,14.80125904083252,0.0,227.0,162.0,169.0,175.0,181.0,187.0,0.9855534539128138,0.9942857086040817,-2.5103302001953125,-1.0,1.5146228949222635,4.790632627909345,-2.0,-1.0,0.0
159,normal,0,134603,206.27999877929688,206.0,19.961181640625,73.0,255.0,189.0,198.0,206.0,213.0,228.0,19625,217.48306274414062,218.0,12.776740074157715,103.0,255.0,204.0,211.0,218.0,224.0,231.0,0.9484876441780145,0.944954124105715,-11.20306396484375,-12.0,1.5623061878430458,6.858751592007197,-13.0,-12.0,-11.0
16,normal,0,114373,182.80865478515625,183.0,17.22574806213379,4.0,255.0,169.0,176.0,183.0,190.0,198.0,21016,180.93023681640625,184.0,20.13245391845703,0.0,240.0,166.0,176.0,184.0,191.0,197.0,1.0103819957980493,0.9945652119860586,1.87841796875,-1.0,0.8556208436528805,5.442186904956119,0.0,-1.0,-1.0
160,normal,0,77381,197.5226287841797,198.0,15.759056091308594,76.0,255.0,183.0,191.0,198.0,205.0,213.0,19117,195.82078552246094,197.0,13.922452926635742,56.0,255.0,182.0,190.0,197.0,204.0,210.0,1.0086908151679983,1.0050761370300705,1.70184326171875,1.0,1.1319165553968296,4.047758539308063,1.0,1.0,1.0
161,normal,0,140335,190.67913818359375,191.0,18.079652786254883,18.0,255.0,173.0,182.0,191.0,199.0,209.0,25968,192.33433532714844,196.0,23.217056274414062,1.0,255.0,172.0,186.0,196.0,205.0,213.0,0.9913941619829165,0.9744897909464807,-1.6551971435546875,-5.0,0.7787228403911135,5.4041512628849295,-4.0,-5.0,-6.0
162,normal,0,115551,186.61851501464844,189.0,22.489748001098633,3.0,255.0,163.0,179.0,189.0,197.0,206.0,11004,190.15640258789062,197.0,28.27153968811035,1.0,253.0,166.0,187.0,197.0,205.0,211.0,0.9813948491531763,0.9593908580741581,-3.5378875732421875,-8.0,0.7954907109309659,10.500817883451397,-8.0,-8.0,-8.0
163,normal,0,205287,195.5954132080078,194.0,14.127019882202148,62.0,255.0,183.0,188.0,194.0,201.0,208.390625,61678,200.9339141845703,205.0,16.033447265625,107.0,234.0,179.0,197.0,205.0,211.0,216.0,0.9734315534952934,0.9463414587983343,-5.3385009765625,-11.0,0.8810967951597692,3.3283666785024097,-9.0,-11.0,-10.0
164,normal,0,115229,191.8841552734375,193.0,21.107906341552734,4.0,255.0,176.0,185.0,193.0,201.0,210.0,23831,185.939453125,190.0,22.755939483642578,0.0,241.0,171.0,182.0,190.0,196.0,203.0,1.031971165971269,1.0157894683379503,5.9447021484375,3.0,0.9275778496927216,4.835256598345212,3.0,3.0,5.0
165,normal,0,95107,158.6465606689453,160.0,17.14738655090332,3.0,224.0,142.0,152.0,160.0,168.0,175.0,27189,163.47349548339844,167.0,22.486656188964844,0.0,225.0,145.0,158.0,167.0,175.0,183.0,0.9704726703821172,0.9580838265983005,-4.826934814453125,-7.0,0.7625582765284592,3.497995512762588,-6.0,-7.0,-7.0
166,normal,0,95558,212.2158966064453,212.0,19.365814208984375,37.0,255.0,196.0,204.0,212.0,220.0,233.0,14722,190.87413024902344,194.0,20.422697067260742,14.0,255.0,171.0,186.0,194.0,202.0,209.0,1.1118106744888252,1.0927834995217345,21.341766357421875,18.0,0.9482495478905092,6.490830049824016,18.0,18.0,18.0
167,normal,0,133468,187.03770446777344,187.0,13.374507904052734,18.0,255.0,173.0,180.0,187.0,194.0,201.0,28575,181.75157165527344,183.0,13.424905776977539,30.0,255.0,169.0,176.0,183.0,189.0,195.0,1.029084380042896,1.0218579179133447,5.2861328125,4.0,0.9962458679406823,4.670796150317733,4.0,4.0,5.0
168,normal,0,98790,184.46148681640625,185.0,15.821881294250488,36.0,255.0,168.0,176.0,185.0,193.0,202.0,17072,202.9799041748047,203.0,15.93118667602539,12.0,255.0,191.0,197.0,203.0,210.0,217.0,0.9087672331778335,0.9113300447717732,-18.518417358398438,-18.0,0.9931388428786515,5.786668228339582,-21.0,-18.0,-17.0
169,normal,0,94842,195.59535217285156,199.0,25.26297378540039,52.0,255.0,176.0,191.0,199.0,206.0,215.0,28773,226.80738830566406,227.0,10.950193405151367,142.0,255.0,214.0,220.0,227.0,233.0,240.0,0.8623852722419523,0.8766519785169516,-31.2120361328125,-28.0,2.3070799339887316,3.2962152016370827,-29.0,-28.0,-27.0
17,normal,0,115454,190.83848571777344,191.0,13.84363842010498,2.0,255.0,177.0,184.0,191.0,198.0,205.0,20345,186.56314086914062,189.0,17.156435012817383,0.0,237.0,171.0,181.0,189.0,196.0,203.0,1.022916337095307,1.0105820052350158,4.2753448486328125,2.0,0.8069064233248998,5.674809535233482,3.0,2.0,2.0
170,normal,0,66362,167.84466552734375,168.0,12.041078567504883,27.0,224.0,155.0,162.0,168.0,175.0,181.0,12944,174.4948272705078,178.0,18.954065322875977,27.0,221.0,160.0,172.0,178.0,184.0,189.0,0.9618890553429197,0.9438202194167403,-6.6501617431640625,-10.0,0.6352767982547526,5.126854140518629,-10.0,-10.0,-9.0
171,normal,0,115495,213.68978881835938,214.0,22.74982452392578,0.0,255.0,195.0,205.0,214.0,224.0,239.0,13519,243.5065460205078,248.0,18.268394470214844,4.0,255.0,230.0,239.0,248.0,254.0,255.0,0.8775525398927475,0.8629032223270031,-29.816757202148438,-34.0,1.2453104905144816,8.543161475808628,-34.0,-34.0,-30.0
172,normal,0,103603,163.40049743652344,164.0,12.364324569702148,16.0,225.0,152.0,158.0,164.0,170.0,176.0,21695,165.67037963867188,170.0,25.84650421142578,0.0,228.0,154.0,162.0,170.0,177.0,184.0,0.9862987988957479,0.9647058766782007,-2.2698822021484375,-6.0,0.4783751021099881,4.775432126998136,-4.0,-6.0,-7.0
173,normal,0,125891,200.62759399414062,199.0,19.856204986572266,34.0,255.0,181.0,190.0,199.0,209.0,223.0,42428,205.5618438720703,206.0,14.698744773864746,70.0,255.0,189.0,197.0,206.0,214.0,222.0,0.9759962707038338,0.9660194127863135,-4.9342498779296875,-7.0,1.350877502887205,2.9671679079153583,-7.0,-7.0,-5.0
174,normal,0,93062,165.52755737304688,166.0,12.153362274169922,5.0,228.0,151.0,158.0,166.0,173.0,180.0,21667,158.43955993652344,163.0,25.87374496459961,0.0,211.0,147.0,156.0,163.0,170.0,176.0,1.0447362792135175,1.0184049017275774,7.0879974365234375,3.0,0.4697179252976403,4.295103152060963,2.0,3.0,3.0
175,normal,0,130702,169.35806274414062,170.0,17.307619094848633,1.0,255.0,151.0,161.0,170.0,179.0,188.0,15585,178.93359375,184.0,29.319862365722656,0.0,242.0,154.0,173.0,184.0,195.0,204.0,0.9464855550505316,0.9239130384569944,-9.575531005859375,-14.0,0.590303538558869,8.38639717623443,-12.0,-14.0,-16.0
176,normal,0,154967,183.44630432128906,184.0,22.076120376586914,28.0,255.0,163.0,175.0,184.0,193.0,203.0,48062,185.06735229492188,187.0,18.797945022583008,0.0,255.0,172.0,180.0,187.0,194.0,200.0,0.991240762107569,0.9839572139895336,-1.6210479736328125,-3.0,1.1743900291056084,3.224314427131116,-5.0,-3.0,-1.0
177,normal,0,104002,170.14877319335938,171.0,17.523157119750977,8.0,254.0,153.0,163.0,171.0,179.0,187.0,32651,168.77813720703125,170.0,12.288976669311523,4.0,217.0,158.0,164.0,170.0,175.0,181.0,1.0081209272770082,1.0058823470242215,1.370635986328125,1.0,1.4259247263106707,3.1852623195863754,-1.0,1.0,4.0
178,normal,0,84045,204.5724334716797,204.0,16.336618423461914,2.0,255.0,188.0,196.0,204.0,212.0,223.0,16494,229.69285583496094,229.0,10.815555572509766,153.0,255.0,216.0,222.0,229.0,237.0,244.0,0.8906347210382307,0.8908296904330582,-25.12042236328125,-25.0,1.5104741317691595,5.095489268516097,-26.0,-25.0,-25.0
18,normal,0,105294,183.30001831054688,187.0,24.94683265686035,2.0,255.0,157.0,178.0,187.0,194.0,203.0,19004,182.9488525390625,186.0,17.975542068481445,39.0,233.0,165.0,178.0,186.0,193.0,199.0,1.0019194696478892,1.0053763386807724,0.351165771484375,1.0,1.3878208052919667,5.540623026439664,0.0,1.0,1.0
180,normal,0,179776,182.63629150390625,189.0,23.792163848876953,53.0,255.0,141.0,180.0,189.0,195.0,202.0,20444,188.60833740234375,191.0,20.928415298461914,3.0,246.0,169.0,181.0,191.0,200.0,210.0,0.968336251996994,0.9895287906307393,-5.9720458984375,-2.0,1.1368353682177808,8.793582468753982,-1.0,-2.0,-5.0
182,normal,0,84844,189.30459594726562,189.0,20.676372528076172,22.0,255.0,172.0,182.0,189.0,197.0,208.0,18443,206.95651245117188,208.0,12.25057601928711,57.0,255.0,198.0,203.0,208.0,213.0,218.0,0.9147071178889427,0.908653841785318,-17.65191650390625,-19.0,1.6877876442492161,4.600336170655515,-21.0,-19.0,-16.0
183,normal,0,60019,219.28500366210938,220.0,17.566312789916992,89.0,255.0,204.0,213.0,220.0,228.0,237.0,27886,106.67876434326172,105.0,12.373045921325684,65.0,191.0,95.0,99.0,105.0,111.0,119.0,2.055563756821829,2.0952380752834467,112.60623931884766,115.0,1.4197240907282431,2.1522986444039196,114.0,115.0,117.0
187,normal,0,128414,176.07489013671875,176.0,15.245232582092285,27.0,255.0,160.0,168.0,176.0,184.0,193.0,18198,186.00274658203125,190.0,19.421791076660156,7.0,255.0,166.0,181.0,190.0,196.0,203.0,0.9466252107865551,0.926315784598338,-9.9278564453125,-14.0,0.7849549888042006,7.056489723757749,-13.0,-14.0,-12.0
189,normal,0,117991,180.89634704589844,182.0,19.355636596679688,21.0,255.0,164.0,174.0,182.0,190.0,199.0,35557,185.24032592773438,186.0,14.903365135192871,83.0,255.0,167.0,177.0,186.0,194.0,202.0,0.9765494913883919,0.9784946183951903,-4.3439788818359375,-4.0,1.298742607616222,3.3183620664477216,-3.0,-4.0,-4.0
19,normal,0,82326,194.56912231445312,194.0,15.756966590881348,83.0,255.0,181.0,187.0,194.0,200.0,208.0,25315,190.50262451171875,191.0,11.220658302307129,99.0,255.0,178.0,184.0,191.0,197.0,203.0,1.021346145712224,1.015706800964886,4.066497802734375,3.0,1.404281706302364,3.2520639935511726,3.0,3.0,3.0
190,normal,0,158075,146.00120544433594,148.0,15.935556411743164,0.0,200.0,134.0,142.0,148.0,155.0,160.0,41227,142.2247772216797,144.0,15.386554718017578,10.0,203.0,126.0,136.0,144.0,151.0,158.0,1.026552526710712,1.027777770640432,3.77642822265625,4.0,1.0356805450022002,3.8342591019517727,6.0,4.0,4.0
191,normal,0,119743,190.7813262939453,192.0,15.139780044555664,42.0,255.0,176.0,185.0,192.0,199.0,206.0,14246,204.90292358398438,210.0,21.9408016204834,75.0,252.0,186.0,202.0,210.0,216.0,222.0,0.9310815191207727,0.9142857099319728,-14.121597290039062,-18.0,0.6900285420926915,8.405376947325188,-17.0,-18.0,-17.0
192,normal,0,99099,173.19407653808594,174.0,18.070934295654297,22.0,255.0,157.0,166.0,174.0,182.0,190.0,9509,184.27395629882812,180.0,17.724945068359375,132.0,247.0,167.0,173.0,180.0,190.0,214.0,0.9398727800544573,0.9666666612962963,-11.079879760742188,-6.0,1.0195198465462494,10.42160058781979,-7.0,-6.0,-8.0
193,normal,0,132120,202.55398559570312,203.0,14.509108543395996,42.0,255.0,187.0,195.0,203.0,210.0,218.0,13469,192.3069305419922,195.0,21.24533462524414,17.0,245.0,177.0,187.0,195.0,203.0,210.0,1.0532848918733508,1.041025635687048,10.247055053710938,8.0,0.6829314819651979,9.80919147599605,8.0,8.0,7.0
194,normal,0,132131,164.8742218017578,167.0,19.875558853149414,1.0,255.0,142.0,156.0,167.0,177.0,186.0,15621,181.33282470703125,186.0,23.822057723999023,1.0,249.0,164.0,179.0,186.0,193.0,200.0,0.9092353861409261,0.8978494575384438,-16.458602905273438,-19.0,0.8343342228909127,8.458549388102007,-23.0,-19.0,-16.0
196,normal,0,117329,170.76490783691406,172.0,18.64932632446289,0.0,250.0,153.0,163.0,172.0,180.0,189.0,38941,173.2769775390625,175.0,15.899554252624512,0.0,227.0,160.0,168.0,175.0,182.0,188.0,0.9855025709512696,0.9828571372408164,-2.5120697021484375,-3.0,1.1729464144215278,3.0129940165118256,-5.0,-3.0,-2.0
199,normal,0,101494,187.6295166015625,186.0,18.61677360534668,18.0,255.0,172.0,180.0,186.0,194.0,206.0,25168,187.64251708984375,189.0,12.9481782913208,41.0,255.0,175.0,182.0,189.0,195.0,202.0,0.9999307113951913,0.984126978919963,-0.01300048828125,-3.0,1.4377908419777252,4.0326605211366555,-2.0,-3.0,-1.0
2,normal,0,125982,182.96273803710938,184.0,18.399904251098633,0.0,255.0,166.0,176.0,184.0,192.0,201.0,25089,175.555908203125,178.0,19.219205856323242,0.0,255.0,159.0,169.0,178.0,186.0,193.0,1.042190712164604,1.033707859361192,7.406829833984375,6.0,0.9573706339002718,5.021403802263087,7.0,6.0,6.0
20,normal,0,129234,212.1707763671875,211.0,20.658140182495117,90.0,255.0,191.0,201.0,211.0,222.0,243.0,28107,224.5236358642578,225.0,14.072039604187012,108.0,255.0,208.0,217.0,225.0,233.0,242.0,0.9449819151800993,0.9377777736098766,-12.352859497070312,-14.0,1.468027329053362,4.5979293412816045,-16.0,-14.0,-11.0
200,normal,0,101610,187.62452697753906,186.0,18.489063262939453,22.0,255.0,172.0,180.0,186.0,194.0,206.0,26152,187.50271606445312,189.0,13.549081802368164,49.0,255.0,174.0,181.0,189.0,195.0,202.0,1.0006496434558017,0.984126978919963,0.1218109130859375,-3.0,1.3645988833803466,3.885362496027632,-1.0,-3.0,-1.0
201,normal,0,83694,196.61671447753906,196.0,21.16253089904785,1.0,255.0,179.0,187.0,196.0,205.0,217.0,13005,212.75001525878906,216.0,19.780258178710938,0.0,255.0,200.0,208.0,216.0,222.0,228.599609375,0.9241678000079424,0.9074074032064472,-16.13330078125,-20.0,1.0698813755597611,6.435524797659705,-21.0,-20.0,-17.0
202,normal,0,102622,181.33258056640625,182.0,19.955232620239258,4.0,255.0,164.0,174.0,182.0,190.0,199.0,23647,190.9676971435547,194.0,19.784042358398438,0.0,255.0,180.0,188.0,194.0,199.0,205.0,0.9495458254416121,0.9381443250611118,-9.635116577148438,-12.0,1.0086528956057987,4.339747113615268,-14.0,-12.0,-9.0
204,normal,0,97330,181.82290649414062,182.0,15.536858558654785,39.0,254.0,164.0,173.0,182.0,191.0,200.0,11355,174.89968872070312,178.0,19.629398345947266,12.0,228.0,153.0,168.0,178.0,187.0,195.0,1.0395839282762203,1.0224719043681354,6.9232177734375,4.0,0.7915096272093809,8.57155438057494,5.0,4.0,4.0
205,normal,0,110588,192.04344177246094,194.0,20.438589096069336,0.0,255.0,175.0,185.0,194.0,202.0,211.0,26605,184.77752685546875,186.0,13.56856632232666,73.0,254.0,170.0,179.0,186.0,193.0,199.0,1.039322497715607,1.0430107470805874,7.2659149169921875,8.0,1.5063188773392653,4.156662281369793,6.0,8.0,9.0
208,normal,0,55951,202.96995544433594,204.0,14.25641918182373,81.0,255.0,189.0,196.0,204.0,210.0,217.0,4871,229.09115600585938,229.0,9.808341026306152,169.0,255.0,219.0,223.0,229.0,235.0,241.0,0.8859790054626362,0.8908296904330582,-26.121200561523438,-25.0,1.4534993930256261,11.48655306682682,-27.0,-25.0,-25.0
209,normal,0,88190,180.97865295410156,184.0,27.045198440551758,15.0,255.0,156.0,176.0,184.0,192.0,204.0,31011,184.7720489501953,187.0,19.108074188232422,14.0,255.0,172.0,180.0,187.0,194.0,200.0,0.979469854898962,0.9839572139895336,-3.79339599609375,-3.0,1.4153805746592079,2.8438296087567694,-4.0,-3.0,-2.0
21,normal,0,103861,153.72372436523438,155.0,17.18621826171875,1.0,228.0,139.0,147.0,155.0,163.0,170.0,27873,163.77296447753906,167.0,21.300975799560547,0.0,217.0,151.0,160.0,167.0,174.0,180.0,0.9386391943077876,0.9281437070171036,-10.049240112304688,-12.0,0.8068277067027889,3.726222509104645,-13.0,-12.0,-11.0
210,normal,0,104582,171.62281799316406,172.0,16.30644416809082,5.0,252.0,157.0,164.0,172.0,179.0,188.0,30726,174.4944610595703,177.0,18.640954971313477,0.0,229.0,159.0,169.0,177.0,184.0,191.0,0.983543064733906,0.9717514069392577,-2.87164306640625,-5.0,0.8747643733070755,3.4036971944475787,-5.0,-5.0,-5.0
211,normal,0,114179,169.0287322998047,169.0,13.727714538574219,7.0,253.0,155.0,162.0,169.0,176.0,183.0,23903,173.59109497070312,175.0,16.000686645507812,0.0,231.0,162.0,170.0,175.0,181.0,187.0,0.973717755248988,0.9657142801959184,-4.5623626708984375,-6.0,0.857945286022021,4.77676442267595,-8.0,-6.0,-5.0
213,normal,0,62422,194.56863403320312,194.0,19.085485458374023,63.0,255.0,179.0,187.0,194.0,201.0,213.0,18616,196.07896423339844,196.0,10.537775039672852,98.0,255.0,186.0,191.0,196.0,201.0,206.0,0.992297331850984,0.9897959133173678,-1.5103302001953125,-2.0,1.8111492772782956,3.3531370861971888,-4.0,-2.0,0.0
214,normal,0,120111,176.63418579101562,180.0,22.90612030029297,19.0,255.0,156.0,171.0,180.0,187.0,195.0,15315,199.08958435058594,201.0,16.961469650268555,15.0,252.0,184.0,193.0,201.0,208.0,215.0,0.8872095719119231,0.8955223836043663,-22.455398559570312,-21.0,1.3504796118566693,7.8427032316132745,-22.0,-21.0,-21.0
216,normal,0,74735,176.43585205078125,176.0,14.561544418334961,10.0,250.0,163.0,170.0,176.0,183.0,191.0,7428,181.98451232910156,185.0,19.388599395751953,0.0,215.0,171.0,178.0,185.0,191.0,197.0,0.9695102556980435,0.9513513462089117,-5.5486602783203125,-9.0,0.751036388450473,10.061254710546411,-8.0,-9.0,-8.0
219,normal,0,127462,165.3579559326172,165.0,18.36113929748535,27.0,255.0,147.0,157.0,165.0,174.0,183.0,21573,193.14962768554688,194.0,15.32128620147705,53.0,255.0,176.0,185.0,194.0,202.0,210.798828125,0.8561132478376372,0.8505154595334254,-27.791671752929688,-29.0,1.1984070956985418,5.908404023274074,-28.0,-29.0,-28.0
22,normal,0,85360,200.94625854492188,200.0,20.09954071044922,63.0,255.0,186.0,194.0,200.0,207.0,218.0,3113,219.23867797851562,221.0,13.516258239746094,156.0,251.0,202.0,214.0,221.0,228.0,234.0,0.9165638995873245,0.9049773714706907,-18.29241943359375,-21.0,1.487063865373656,27.42049469083826,-20.0,-21.0,-21.0
220,normal,0,133388,162.81192016601562,165.0,18.059280395507812,3.0,249.0,142.0,157.0,165.0,173.0,181.0,35852,164.05535888671875,167.0,20.257883071899414,0.0,226.0,151.0,159.0,167.0,174.0,180.0,0.9924206089849077,0.9880239461794973,-1.243438720703125,-2.0,0.8914692339738788,3.7205176837074494,-2.0,-2.0,-1.0
221,normal,0,109354,160.8256072998047,161.0,12.840376853942871,1.0,222.0,149.0,155.0,161.0,168.0,174.0,17507,171.60284423828125,174.0,19.978403091430664,5.0,248.0,158.0,166.0,174.0,182.0,189.0,0.9371966244294394,0.9252873510040956,-10.777236938476562,-13.0,0.6427128410847638,6.246301479051448,-11.0,-13.0,-14.0
222,normal,0,97847,176.65000915527344,177.0,18.126623153686523,0.0,255.0,163.0,170.0,177.0,184.0,192.0,11589,183.9586639404297,187.0,19.80794334411621,44.0,250.0,167.0,179.0,187.0,195.0,202.0,0.9602701194449146,0.946524059109497,-7.30865478515625,-10.0,0.9151188451855121,8.44309258707023,-9.0,-10.0,-11.0
223,normal,0,143684,190.1739044189453,190.0,20.444944381713867,4.0,255.0,172.0,181.0,190.0,200.0,210.0,38348,206.871337890625,208.0,19.46460723876953,14.0,255.0,190.0,199.0,208.0,217.0,225.0,0.9192858974025987,0.9134615340698965,-16.697433471679688,-18.0,1.050365059030148,3.746844685413924,-18.0,-18.0,-17.0
224,normal,0,77706,182.66163635253906,183.0,13.583617210388184,49.0,254.0,170.0,177.0,183.0,189.0,196.0,12040,177.09434509277344,178.0,13.113632202148438,61.0,226.0,163.0,172.0,178.0,185.0,191.0,1.0314368605356217,1.0280898818646635,5.567291259765625,5.0,1.0358393437573614,6.45398671042741,5.0,5.0,4.0
226,normal,0,141396,185.1974639892578,187.0,22.739831924438477,21.0,255.0,159.0,178.0,187.0,195.0,206.0,21841,202.51449584960938,205.0,19.295490264892578,21.0,254.0,187.0,197.0,205.0,213.0,219.0,0.91448990995834,0.9121951175014873,-17.317031860351562,-18.0,1.1785049477238627,6.4738794008299125,-19.0,-18.0,-18.0
227,normal,0,102359,169.11143493652344,170.0,14.370650291442871,25.0,253.0,154.0,162.0,170.0,177.0,185.0,18167,174.5205535888672,178.0,19.244075775146484,0.0,215.0,162.0,170.0,178.0,184.0,190.0,0.9690058304874949,0.9550561744097967,-5.40911865234375,-8.0,0.7467570650103833,5.634336984332342,-8.0,-8.0,-7.0
228,normal,0,82919,178.433349609375,179.0,14.811805725097656,14.0,253.0,166.0,173.0,179.0,186.0,192.0,20356,184.3161163330078,186.0,14.863247871398926,50.0,253.0,171.0,179.0,186.0,192.0,198.0,0.96808327015155,0.9623655862238409,-5.8827667236328125,-7.0,0.9965389029850492,4.073442719391165,-6.0,-7.0,-6.0
229,normal,0,139015,141.3604278564453,142.0,15.620209693908691,8.0,205.0,125.0,134.0,142.0,151.0,159.0,17821,170.10252380371094,173.0,18.83687973022461,41.0,217.0,150.0,165.0,173.0,181.0,188.0,0.8310307446615949,0.8208092438103513,-28.742095947265625,-31.0,0.8292354725613021,7.800628471589662,-31.0,-31.0,-30.0
23,normal,0,169476,168.21505737304688,168.0,14.178561210632324,17.0,252.0,154.0,161.0,168.0,176.0,183.0,34434,182.9575958251953,186.0,21.976465225219727,0.0,241.0,165.0,177.0,186.0,194.0,202.0,0.9194210040579293,0.9032258015955602,-14.742538452148438,-18.0,0.6451702045873648,4.921763373267068,-16.0,-18.0,-18.0
230,normal,0,99517,185.6122283935547,185.0,19.76775550842285,0.0,255.0,169.0,178.0,185.0,193.0,203.0,14580,195.83670043945312,199.0,21.544340133666992,19.0,249.0,180.0,191.0,199.0,207.0,214.0,0.9477908228092805,0.929648236534431,-10.224472045898438,-14.0,0.9175381779270149,6.825582989929658,-13.0,-14.0,-14.0
231,normal,0,93294,177.175537109375,177.0,18.9947452545166,2.0,255.0,160.0,169.0,177.0,185.0,193.0,25895,198.71820068359375,200.0,15.932072639465332,18.0,255.0,185.0,193.0,200.0,207.0,213.0,0.8915918904674884,0.8849999955750001,-21.54266357421875,-23.0,1.1922330817919853,3.602780459409045,-24.0,-23.0,-22.0
235,normal,0,157782,178.2067108154297,178.0,12.379084587097168,97.0,255.0,165.0,172.0,178.0,185.0,191.0,20018,200.3256072998047,204.0,17.266408920288086,43.0,246.0,181.0,194.0,204.0,211.0,217.0,0.889585272336864,0.8725490153306421,-22.118896484375,-26.0,0.7169460614132475,7.882006194031272,-22.0,-26.0,-26.0
236,normal,0,100721,179.13754272460938,179.0,18.58463478088379,23.0,255.0,164.0,172.0,179.0,186.0,195.0,21905,206.5676727294922,207.0,12.714009284973145,77.0,255.0,195.0,201.0,207.0,213.0,219.0,0.8672099534760528,0.8647342953394479,-27.430130004882812,-28.0,1.4617445136763192,4.598082629326726,-29.0,-28.0,-27.0
239,normal,0,122948,197.2665252685547,196.0,13.845816612243652,110.0,255.0,184.0,190.0,196.0,203.0,210.0,23886,205.1234130859375,206.0,15.217601776123047,115.0,255.0,189.0,197.0,206.0,215.0,222.0,0.9616967723923944,0.9514563060608917,-7.8568878173828125,-10.0,0.9098553048032129,5.147282927022219,-7.0,-10.0,-12.0
24,normal,0,98496,176.38836669921875,177.0,15.910928726196289,9.0,252.0,162.0,170.0,177.0,184.0,192.0,22498,177.52857971191406,179.0,14.790080070495605,25.0,255.0,161.0,171.0,179.0,186.0,193.0,0.9935772932554133,0.988826810118286,-1.1402130126953125,-2.0,1.0757837398157768,4.377989154396925,-1.0,-2.0,-2.0
241,normal,0,94570,172.79544067382812,173.0,11.527859687805176,54.0,255.0,160.0,167.0,173.0,179.0,185.0,23813,181.30479431152344,184.0,17.917022705078125,0.0,221.0,168.0,177.0,184.0,190.0,195.0,0.953066025512043,0.9402173861944707,-8.509353637695312,-11.0,0.643402602885316,3.971360181246741,-10.0,-11.0,-11.0
243,normal,0,86086,211.34600830078125,211.0,12.760992050170898,53.0,255.0,199.0,205.0,211.0,217.0,225.0,8750,201.99623107910156,205.0,18.35609245300293,21.0,239.0,193.0,200.0,205.0,210.0,215.0,1.046286884292071,1.029268287662106,9.349777221679688,6.0,0.6951910591893009,9.83839999887561,5.0,6.0,7.0
245,normal,0,163268,179.533447265625,180.0,20.69325065612793,22.0,255.0,158.0,170.0,180.0,190.0,202.0,13748,189.12008666992188,191.0,18.511198043823242,75.0,251.0,166.0,179.0,191.0,200.0,210.0,0.9493092430190241,0.9424083720292755,-9.586639404296875,-11.0,1.1178773782907805,11.875763746590357,-9.0,-11.0,-10.0
247,normal,0,117215,178.36744689941406,177.0,15.6267671585083,0.0,255.0,164.0,170.0,177.0,185.0,194.0,13211,186.5996551513672,190.0,19.787343978881836,0.0,241.0,169.0,183.0,190.0,197.0,203.0,0.9558830416853755,0.931578942465374,-8.232208251953125,-13.0,0.7897354180253118,8.872530466363445,-13.0,-13.0,-12.0
25,normal,0,96468,171.70631408691406,171.0,15.341010093688965,5.0,251.0,157.0,164.0,171.0,179.0,188.0,26620,175.7035369873047,178.0,19.579639434814453,4.0,236.0,159.0,170.0,178.0,186.0,193.0,0.9772501797847722,0.960674151906325,-3.997222900390625,-7.0,0.7835184790427099,3.6238918105325357,-6.0,-7.0,-7.0
250,normal,0,130872,184.14346313476562,184.0,16.307981491088867,6.0,255.0,167.0,176.0,184.0,192.0,201.0,18607,184.8595733642578,189.0,18.84609603881836,11.0,225.0,169.0,181.0,189.0,195.0,200.0,0.9961261880432489,0.973544968393942,-0.7161102294921875,-5.0,0.8653240751917177,7.0334820225166075,-5.0,-5.0,-3.0
251,normal,0,127372,182.52130126953125,184.0,20.83736801147461,17.0,255.0,164.0,175.0,184.0,192.0,200.0,17212,215.12509155273438,216.0,11.432916641235352,100.0,254.0,204.0,210.0,216.0,222.0,227.0,0.8484426391346661,0.8518518479080933,-32.603790283203125,-32.0,1.8225765867778163,7.400185916372288,-35.0,-32.0,-30.0
252,normal,0,110908,175.49566650390625,177.0,18.129981994628906,0.0,253.0,160.0,169.0,177.0,184.0,192.0,25125,177.29702758789062,180.0,18.313146591186523,1.0,227.0,163.0,172.0,180.0,187.0,193.0,0.989839863091155,0.9833333278703704,-1.801361083984375,-3.0,0.9899981368224341,4.4142487560432135,-3.0,-3.0,-3.0
253,normal,0,106880,190.32518005371094,190.0,17.339723587036133,33.0,255.0,174.0,182.0,190.0,198.0,208.0,27213,193.2515411376953,194.0,15.771178245544434,51.0,255.0,180.0,188.0,194.0,201.0,208.0,0.9848572381280182,0.9793814382506112,-2.926361083984375,-4.0,1.0994563765379075,3.9275346340378667,-6.0,-4.0,-3.0
255,normal,0,82438,177.01718139648438,177.0,14.35798454284668,23.0,255.0,163.0,170.0,177.0,184.0,191.0,30908,182.32522583007812,184.0,15.484792709350586,59.0,255.0,167.0,177.0,184.0,191.0,198.0,0.9708869390929611,0.9619565165111059,-5.30804443359375,-7.0,0.9272312445581063,2.66720590129846,-7.0,-7.0,-7.0
257,normal,0,174316,177.52296447753906,180.0,22.347566604614258,12.0,255.0,158.0,171.0,180.0,188.0,197.0,13115,188.79290771484375,189.0,10.884894371032715,87.0,253.0,176.0,182.0,189.0,196.0,202.0,0.9403052566220746,0.9523809473418997,-11.269943237304688,-9.0,2.0530805159676984,13.291345786253043,-11.0,-9.0,-8.0
258,normal,0,101846,209.09066772460938,209.0,17.27024269104004,50.0,255.0,195.0,202.0,209.0,216.0,226.0,25266,221.39266967773438,222.0,12.963841438293457,79.0,255.0,208.0,215.0,222.0,229.0,236.0,0.9444335581866116,0.9414414372007143,-12.302001953125,-13.0,1.3321854822938957,4.030950684555096,-13.0,-13.0,-13.0
259,normal,0,91467,176.56878662109375,177.0,17.582843780517578,0.0,254.0,163.0,170.0,177.0,184.0,192.0,16534,179.885986328125,181.0,13.67719554901123,47.0,236.0,168.0,175.0,181.0,187.0,193.0,0.9815594268552978,0.9779005470834224,-3.31719970703125,-4.0,1.2855590484139603,5.53205515873158,-5.0,-4.0,-3.0
26,normal,0,111898,159.51266479492188,160.0,15.890807151794434,19.0,252.0,144.0,152.0,160.0,168.0,176.0,8339,163.18850708007812,168.0,21.74533462524414,6.0,205.0,138.79998779296875,159.0,168.0,175.0,182.0,0.9774748643246834,0.9523809467120182,-3.67584228515625,-8.0,0.7307685393159353,13.418635326367832,-7.0,-8.0,-7.0
262,normal,0,137376,172.1375274658203,172.0,15.139121055603027,0.0,252.0,155.0,163.0,172.0,181.0,190.0,4110,175.8007354736328,177.0,14.604801177978516,28.0,215.0,163.0,170.0,177.0,184.0,191.0,0.9791627209231748,0.9717514069392577,-3.6632080078125,-5.0,1.0365851499467875,33.424817510115616,-7.0,-5.0,-3.0
263,normal,0,128227,182.9023895263672,182.0,10.93466567993164,121.0,254.0,172.0,177.0,182.0,188.0,194.0,16268,188.33766174316406,190.0,12.955240249633789,99.0,227.0,177.0,184.0,190.0,196.0,201.0,0.9711408056273431,0.9578947318005541,-5.435272216796875,-8.0,0.8440341225016351,7.882161297769722,-7.0,-8.0,-8.0
264,normal,0,97374,175.33181762695312,176.0,14.101385116577148,16.0,238.0,166.0,171.0,176.0,181.0,186.0,24542,172.8779296875,174.0,12.373464584350586,0.0,228.0,164.0,169.0,174.0,179.0,183.0,1.0141943331326013,1.0114942470603778,2.453887939453125,2.0,1.1396471764880456,3.9676472983470115,2.0,2.0,2.0
266,normal,0,141794,196.2816925048828,195.0,15.750432014465332,23.0,255.0,181.0,188.0,195.0,203.0,213.0,9039,207.89146423339844,212.0,23.823287963867188,13.0,254.0,190.0,204.0,212.0,220.0,227.0,0.9441546447542645,0.9198113164159843,-11.609771728515625,-17.0,0.6611359178136164,15.68691226732084,-16.0,-17.0,-17.0
267,normal,0,96590,175.90673828125,183.0,28.86134147644043,1.0,254.0,131.900390625,172.0,183.0,192.0,200.0,18763,163.83670043945312,174.0,29.311351776123047,31.0,222.0,106.0,161.0,174.0,182.0,189.0,1.0736711416657607,1.051724131886643,12.070037841796875,9.0,0.9846472012697689,5.147897457488254,11.0,9.0,10.0
269,normal,0,178910,166.37901306152344,167.0,15.032984733581543,0.0,237.0,149.0,158.0,167.0,176.0,184.0,19923,156.35079956054688,157.0,9.539582252502441,97.0,198.0,145.0,151.0,157.0,162.0,168.0,1.0641391823068609,1.0636942607408009,10.028213500976562,10.0,1.5758534032016611,8.980073281685485,7.0,10.0,14.0
27,normal,0,88468,181.33746337890625,181.0,16.6497802734375,15.0,255.0,167.0,175.0,181.0,188.0,197.0,12564,184.38499450683594,188.0,21.074478149414062,0.0,233.0,170.0,181.0,188.0,195.0,201.0,0.9834719082235913,0.962765952325713,-3.0475311279296875,-7.0,0.7900446865326404,7.041388092403582,-6.0,-7.0,-7.0
270,normal,0,137353,181.77471923828125,182.0,15.283346176147461,36.0,254.0,167.0,175.0,182.0,190.0,198.0,21766,177.67361450195312,182.0,22.4305419921875,11.0,244.0,159.0,172.0,182.0,190.0,197.0,1.0230822326924678,0.9999999945054946,4.101104736328125,0.0,0.681363183293004,6.310438297973424,3.0,0.0,0.0
272,normal,0,73327,173.94332885742188,174.0,9.675745964050293,54.0,246.0,164.0,169.0,174.0,179.0,184.0,15263,162.51339721679688,164.0,11.7863187789917,55.0,251.0,153.0,159.0,164.0,169.0,173.0,1.0703322357789675,1.0609756032867341,11.429931640625,10.0,0.8209302093853454,4.804232457262384,10.0,10.0,10.0
273,normal,0,90829,182.0633087158203,181.0,17.2767276763916,7.0,255.0,167.0,174.0,181.0,188.0,200.0,24357,189.835693359375,192.0,16.914356231689453,23.0,255.0,174.0,184.0,192.0,199.0,206.0,0.959057301263687,0.9427083284233941,-7.7723846435546875,-11.0,1.0214238377337352,3.7290717246077483,-10.0,-11.0,-11.0
274,normal,0,102042,172.22715759277344,172.0,13.447869300842285,19.0,235.0,160.0,166.0,172.0,179.0,186.0,12146,167.0804443359375,170.0,19.152904510498047,8.0,214.0,154.0,163.0,170.0,177.0,183.0,1.0308037978142073,1.0117646999307959,5.1467132568359375,2.0,0.7021320756514603,8.40128437276459,3.0,2.0,2.0
275,normal,0,98978,176.0944061279297,177.0,18.66111183166504,2.0,255.0,162.0,170.0,177.0,184.0,192.0,2400,180.83958435058594,181.0,9.829743385314941,93.0,212.0,169.0,175.0,181.0,187.0,192.0,0.9737602847658771,0.9779005470834224,-4.74517822265625,-4.0,1.898433072129896,41.240833316149654,-5.0,-4.0,-3.0
276,normal,0,145085,187.23597717285156,188.0,15.265392303466797,19.0,255.0,171.0,179.0,188.0,196.0,204.0,25936,183.9764404296875,187.0,18.155216217041016,17.0,251.0,166.0,178.0,187.0,194.0,201.0,1.0177171365955016,1.0053475882066973,3.2595367431640625,1.0,0.8408267508437329,5.593962060240825,1.0,1.0,2.0
277,normal,0,134337,183.6114959716797,183.0,17.449369430541992,12.0,255.0,168.0,176.0,183.0,192.0,201.0,31816,197.123046875,198.0,15.908198356628418,30.0,254.0,185.0,192.0,198.0,205.0,211.0,0.9314562551209725,0.9242424195745332,-13.511550903320312,-15.0,1.0968789766436653,4.222309529663619,-16.0,-15.0,-13.0
278,normal,0,116473,196.77853393554688,196.0,16.467012405395508,35.0,255.0,182.0,189.0,196.0,204.0,212.0,23998,190.841064453125,193.0,17.041399002075195,0.0,234.0,176.0,186.0,193.0,200.0,206.0,1.0311121113703918,1.015544036188891,5.937469482421875,3.0,0.9662945769355955,4.853446120307798,3.0,3.0,4.0
279,normal,0,115576,184.8304443359375,185.0,17.797826766967773,35.0,255.0,167.0,176.0,185.0,194.0,203.0,41650,190.88519287109375,191.0,13.268071174621582,86.0,250.0,177.0,184.0,191.0,199.0,205.0,0.9682806748267492,0.9685863823634221,-6.05474853515625,-6.0,1.341402619214753,2.7749339735228107,-8.0,-6.0,-5.0
28,normal,0,125034,168.37551879882812,170.0,18.53044891357422,0.0,243.0,152.0,162.0,170.0,178.0,186.0,44938,169.43930053710938,171.0,17.400287628173828,0.0,232.0,159.0,165.0,171.0,177.0,183.0,0.9937217473830989,0.9941520409698711,-1.06378173828125,-1.0,1.0649506631499481,2.7823668164408213,-3.0,-1.0,1.0
280,normal,0,99128,194.35081481933594,195.0,21.69217300415039,3.0,255.0,174.0,185.0,195.0,205.0,216.0,19736,203.14552307128906,205.0,16.952716827392578,30.0,245.0,188.0,197.0,205.0,213.0,219.0,0.9567073441949583,0.9512195075550268,-8.794708251953125,-10.0,1.2795690475718113,5.02269963492994,-12.0,-10.0,-8.0
281,normal,0,161916,133.1123809814453,134.0,17.85698699951172,0.0,232.0,114.0,124.0,134.0,144.0,154.0,38716,142.90841674804688,144.0,15.8612642288208,3.0,209.0,127.0,136.0,144.0,152.0,160.0,0.9314523460481359,0.9305555490933642,-9.796035766601562,-10.0,1.1258236175929133,4.182146915895698,-12.0,-10.0,-8.0
283,normal,0,81510,212.17926025390625,212.0,14.603177070617676,83.0,255.0,200.0,206.0,212.0,219.0,226.0,11750,197.40621948242188,202.0,21.54942512512207,20.0,253.0,164.0,191.0,202.0,210.0,218.0,1.0748357358515956,1.0495049452994805,14.773040771484375,10.0,0.6776596734329486,6.93702127600536,15.0,10.0,9.0
284,normal,0,120004,153.67774963378906,154.0,18.230714797973633,0.0,252.0,138.0,146.0,154.0,162.0,171.0,16807,172.20289611816406,176.0,24.5659122467041,0.0,237.0,156.0,167.0,176.0,184.0,192.0,0.8924225562148167,0.8749999950284091,-18.525146484375,-22.0,0.7421142708960582,7.140120187592068,-21.0,-22.0,-22.0
285,normal,0,129348,170.34486389160156,171.0,15.75007438659668,45.0,252.0,153.0,163.0,171.0,179.0,187.0,21346,164.24575805664062,167.0,16.872268676757812,48.0,232.0,149.0,159.0,167.0,174.0,180.0,1.0371340171581396,1.0239520896769336,6.0991058349609375,4.0,0.9334887770489467,6.059589618380043,4.0,4.0,5.0
286,normal,0,82756,174.0510711669922,174.0,14.550020217895508,12.0,248.0,160.0,168.0,174.0,181.0,188.0,13216,183.9735870361328,185.0,17.861753463745117,33.0,255.0,170.0,178.0,185.0,192.0,199.0,0.9460655359551295,0.9405405354565377,-9.922515869140625,-11.0,0.8145907641619641,6.261803873618205,-10.0,-11.0,-11.0
287,normal,0,92720,172.89996337890625,173.0,16.57541847229004,16.0,255.0,157.0,165.0,173.0,181.0,189.0,19618,172.37673950195312,175.0,19.768091201782227,5.0,223.0,158.0,168.0,175.0,182.0,189.0,1.0030353449974139,0.988571422922449,0.523223876953125,-2.0,0.8384935836547571,4.726271790971237,-3.0,-2.0,-1.0
289,normal,0,71332,180.81723022460938,182.0,13.248044967651367,45.0,248.0,169.0,175.0,182.0,188.0,194.0,18741,177.4529571533203,179.0,12.832042694091797,60.0,235.0,167.0,173.0,179.0,184.0,189.0,1.018958669983863,1.0167597708560907,3.3642730712890625,3.0,1.0324189414778184,3.8062003092787897,2.0,3.0,4.0
29,normal,0,111983,187.767822265625,188.0,14.231393814086914,14.0,255.0,173.0,180.0,188.0,195.0,203.0,18046,182.4450225830078,186.0,21.01591682434082,13.0,238.0,170.0,179.0,186.0,192.0,198.0,1.0291748088168349,1.0107526827378888,5.3227996826171875,2.0,0.6771721289090685,6.205419483198193,1.0,2.0,3.0
290,normal,0,94927,197.659423828125,196.0,14.091547966003418,110.0,255.0,184.0,190.0,196.0,203.0,212.0,23407,203.2102813720703,204.0,13.186495780944824,94.0,255.0,190.0,197.0,204.0,210.0,217.0,0.9726841649981968,0.9607843090157632,-5.5508575439453125,-8.0,1.0686346950288146,4.0554962189065025,-7.0,-8.0,-7.0
291,normal,0,163103,172.08218383789062,172.0,19.434389114379883,2.0,254.0,151.0,162.0,172.0,183.0,194.0,19073,168.37649536132812,172.0,24.15494155883789,0.0,228.0,150.0,162.0,172.0,181.0,189.0,1.0220083417617283,0.9999999941860466,3.7056884765625,0.0,0.8045719449359304,8.551512608999554,0.0,0.0,2.0
292,normal,0,117721,196.17791748046875,194.0,17.902740478515625,42.0,255.0,179.0,186.0,194.0,203.0,215.0,21294,208.34291076660156,210.0,18.307462692260742,32.0,255.0,196.0,203.0,210.0,216.0,224.0,0.9416107119604781,0.9238095194104309,-12.164993286132812,-16.0,0.9778929937784768,5.5283647973359455,-17.0,-16.0,-13.0
294,normal,0,133200,166.348876953125,167.0,19.8271484375,0.0,255.0,145.0,155.0,167.0,178.0,189.0,28064,174.93040466308594,176.0,24.25723648071289,6.0,254.0,148.0,163.0,176.0,190.0,202.0,0.9509431840769359,0.9488636309723657,-8.581527709960938,-9.0,0.8173704220550552,4.746294184551514,-8.0,-9.0,-12.0
295,normal,0,131092,189.004638671875,188.0,16.243131637573242,37.0,255.0,173.0,181.0,188.0,196.0,206.0,32227,184.19198608398438,186.0,16.563613891601562,3.0,237.0,170.0,179.0,186.0,193.0,199.0,1.0261284525134975,1.0107526827378888,4.812652587890625,2.0,0.9806513701190421,4.06776926167289,2.0,2.0,3.0
296,normal,0,81789,194.6145782470703,194.0,15.275261878967285,27.0,255.0,180.0,187.0,194.0,202.0,210.0,18799,204.4447021484375,206.0,16.722501754760742,48.0,254.0,190.0,198.0,206.0,213.0,220.0,0.9519179281733212,0.9417475682439439,-9.830123901367188,-12.0,0.9134554858792628,4.350710143925171,-11.0,-12.0,-11.0
297,normal,0,115068,193.05516052246094,193.0,15.62157917022705,22.0,255.0,178.0,185.0,193.0,200.0,209.0,9280,200.39181518554688,203.0,16.62926483154297,90.0,251.0,183.0,194.0,203.0,210.25,217.0,0.9633884466804135,0.9507389115727147,-7.3366546630859375,-10.0,0.9394028172064877,12.39956896418108,-9.0,-10.0,-10.25
298,normal,0,72622,197.03811645507812,195.0,18.75153160095215,76.0,255.0,181.0,189.0,195.0,203.0,216.0,11576,202.9929962158203,206.0,20.25751304626465,34.0,255.0,189.0,199.0,206.0,213.0,219.0,0.9706646000481928,0.9466019371524178,-5.9548797607421875,-11.0,0.9256580821381588,6.2734968895755445,-10.0,-11.0,-10.0
299,normal,0,120791,174.384521484375,174.0,17.12993049621582,27.0,255.0,156.0,165.0,174.0,184.0,193.0,18181,184.14393615722656,187.0,21.667139053344727,0.0,253.0,167.0,178.0,187.0,196.0,204.0,0.9470011566847366,0.9304812784466242,-9.759414672851562,-13.0,0.7905949033440385,6.643803970813277,-13.0,-13.0,-12.0
3,normal,0,82863,194.7814483642578,192.0,27.293004989624023,42.0,255.0,174.0,183.0,192.0,203.0,232.0,21429,207.8601837158203,209.0,21.684419631958008,0.0,255.0,192.0,201.0,209.0,217.0,227.0,0.9370791651636251,0.918660282685836,-13.0787353515625,-17.0,1.2586458016498818,3.866862662566295,-18.0,-17.0,-14.0
300,normal,0,101173,186.63694763183594,186.0,17.422958374023438,1.0,255.0,171.0,179.0,186.0,193.0,203.0,20711,193.16769409179688,193.0,13.528429985046387,117.0,255.0,178.0,186.0,193.0,200.0,208.0,0.9661913061764422,0.963730564954764,-6.5307464599609375,-7.0,1.2878772411436223,4.884988653136739,-7.0,-7.0,-7.0
301,normal,0,120281,173.03573608398438,174.0,20.093656539916992,1.0,255.0,154.0,164.0,174.0,183.0,193.0,26575,177.7934112548828,180.0,17.622150421142578,14.0,251.0,163.0,172.0,180.0,187.0,194.0,0.9732404248809968,0.9666666612962963,-4.7576751708984375,-6.0,1.1402499081814248,4.526095954674465,-8.0,-6.0,-4.0
302,normal,0,85509,192.74537658691406,193.0,17.552581787109375,39.0,255.0,177.0,185.0,193.0,201.0,211.0,16086,203.03749084472656,204.0,17.960914611816406,38.0,255.0,190.0,198.0,204.0,211.0,218.0,0.9493092868499212,0.9460784267349097,-10.2921142578125,-11.0,0.9772654226804345,5.315740395044402,-13.0,-11.0,-10.0
303,normal,0,94220,168.10604858398438,170.0,19.871257781982422,12.0,252.0,148.0,160.0,170.0,179.0,187.0,37426,183.27566528320312,185.0,13.532689094543457,32.0,240.0,171.0,178.0,185.0,190.0,196.0,0.9172305958185513,0.9189189139517897,-15.16961669921875,-15.0,1.4683893330266058,2.517501202305416,-18.0,-15.0,-11.0
304,normal,0,86794,187.43789672851562,186.0,16.525243759155273,44.0,255.0,173.0,179.0,186.0,193.0,203.0,15626,199.47940063476562,200.0,12.931234359741211,52.0,248.0,188.0,194.0,200.0,206.0,212.0,0.9396353467698021,0.92999999535,-12.04150390625,-14.0,1.2779323320185851,5.554460514171607,-15.0,-14.0,-13.0
305,normal,0,104061,184.2152557373047,185.0,18.077890396118164,3.0,255.0,168.0,177.0,185.0,192.0,201.0,40311,191.30421447753906,193.0,17.443727493286133,0.0,255.0,177.0,186.0,193.0,200.0,207.0,0.9629440484490177,0.9585492178313512,-7.088958740234375,-8.0,1.0363547221613838,2.581454193580376,-9.0,-8.0,-8.0
306,normal,0,103644,164.6028289794922,165.0,17.94822120666504,0.0,254.0,148.0,157.0,165.0,173.0,182.0,16623,179.86253356933594,185.0,26.100406646728516,0.0,251.0,167.0,177.0,185.0,191.0,198.0,0.9151590650805533,0.8918918870708546,-15.25970458984375,-20.0,0.6876605702713884,6.234975635791676,-20.0,-20.0,-18.0
307,normal,0,145628,186.26605224609375,187.0,14.801528930664062,67.0,255.0,171.0,179.0,187.0,195.0,202.0,14920,105.05857849121094,105.0,7.53135871887207,77.0,143.0,95.0,100.0,105.0,110.0,114.0,1.7729732607100073,1.78095236399093,81.20747375488281,82.0,1.9653196080349757,9.760589811678244,79.0,82.0,85.0
308,normal,0,90550,212.0531463623047,211.0,17.568584442138672,20.0,255.0,197.0,204.0,211.0,220.0,231.0,13668,214.79258728027344,216.0,16.40848159790039,66.0,255.0,199.0,208.0,216.0,224.0,232.0,0.9872461059299021,0.9768518473293896,-2.73944091796875,-5.0,1.0707013483615313,6.624963417718396,-4.0,-5.0,-4.0
309,normal,0,94400,191.87794494628906,191.0,16.82106590270996,2.0,255.0,178.0,184.0,191.0,198.0,208.0,19954,195.52630615234375,199.0,20.872901916503906,2.0,253.0,183.0,192.0,199.0,205.0,211.0,0.9813408115808576,0.9597989901517638,-3.6483612060546875,-8.0,0.8058805222252906,4.73088102612354,-8.0,-8.0,-7.0
31,normal,0,122453,198.5882110595703,198.0,18.63620948791504,51.0,255.0,179.0,188.0,198.0,208.0,220.0,15613,214.5106658935547,217.0,19.94297218322754,15.0,255.0,197.0,207.0,217.0,225.0,234.0,0.9257731279075018,0.9124423921085604,-15.922454833984375,-19.0,0.9344749810719538,7.843015435352397,-19.0,-19.0,-17.0
310,normal,0,94206,175.38449096679688,180.0,26.101886749267578,39.0,255.0,144.0,171.0,180.0,187.0,195.0,22294,193.54727172851562,196.0,17.894792556762695,0.0,241.0,182.0,190.0,196.0,202.0,207.0,0.9061584205983865,0.9183673422532278,-18.16278076171875,-16.0,1.4586302248456677,4.225621243194329,-19.0,-16.0,-15.0
311,normal,0,147925,212.9336395263672,214.0,19.49575424194336,53.0,255.0,194.0,205.0,214.0,223.0,234.0,27382,232.08680725097656,233.0,11.958823204040527,63.0,255.0,219.0,225.0,233.0,240.0,246.0,0.9174741172540177,0.9184549316804509,-19.153167724609375,-19.0,1.6302400561550467,5.402271565064558,-20.0,-19.0,-17.0
312,normal,0,109165,165.64108276367188,166.0,18.797834396362305,0.0,253.0,149.0,158.0,166.0,175.0,184.0,6133,171.60394287109375,174.0,20.58095932006836,5.0,253.0,151.0,164.0,174.0,183.0,191.0,0.9652521907544206,0.9540229830228565,-5.962860107421875,-8.0,0.9133604119547648,17.799608671482208,-6.0,-8.0,-8.0
313,normal,0,108921,205.3365478515625,206.0,16.209741592407227,27.0,255.0,189.0,198.0,206.0,215.0,223.0,25255,214.55917358398438,214.0,12.908337593078613,48.0,255.0,201.0,207.0,214.0,220.0,229.0,0.9570159292870887,0.9626168179316972,-9.222625732421875,-8.0,1.2557573908929542,4.312848940633029,-9.0,-8.0,-5.0
314,normal,0,109336,206.6831817626953,206.0,15.690716743469238,39.0,255.0,192.0,200.0,206.0,213.0,222.0,14863,205.7042999267578,207.0,14.317681312561035,26.0,255.0,194.0,201.0,207.0,213.0,219.0,1.0047586794808245,0.9951690773180238,0.9788818359375,-1.0,1.0958978136917892,7.356253784070763,-1.0,-1.0,0.0
315,normal,0,130438,193.2832489013672,193.0,14.698893547058105,50.0,255.0,178.0,185.0,193.0,201.0,209.0,18568,194.16900634765625,195.0,12.2117338180542,108.0,234.0,183.0,189.0,195.0,201.0,207.0,0.9954382089171259,0.9897435846679816,-0.8857574462890625,-2.0,1.2036695658774719,7.024881516209345,-4.0,-2.0,0.0
316,normal,0,107840,178.1823272705078,178.0,13.682978630065918,33.0,248.0,164.0,171.0,178.0,185.0,193.0,11359,175.69424438476562,181.0,26.72907066345215,0.0,220.0,160.0,173.0,181.0,189.0,195.0,1.0141614307303768,0.9834254089313513,2.4880828857421875,-3.0,0.5119137245898168,9.49379346689904,-2.0,-3.0,-4.0
317,normal,0,112903,162.04196166992188,163.0,14.300823211669922,0.0,216.0,150.0,157.0,163.0,170.0,175.0,16665,162.31173706054688,165.0,19.58534812927246,2.0,207.0,148.0,157.0,165.0,172.0,178.0,0.9983379120090232,0.9878787818916438,-0.269775390625,-2.0,0.7301796417964164,6.774857485342043,0.0,-2.0,-2.0
318,normal,0,107966,182.86004638671875,182.0,16.38844871520996,19.0,255.0,167.0,174.0,182.0,190.0,199.0,9634,192.25628662109375,195.0,20.446470260620117,0.0,245.0,177.0,187.0,195.0,202.0,209.0,0.9511264814761561,0.9333333285470086,-9.396240234375,-13.0,0.8015294427246278,11.206767696573928,-13.0,-13.0,-12.0
319,normal,0,82712,175.77854919433594,175.0,12.68287181854248,66.0,247.0,164.0,169.0,175.0,181.0,188.0,24105,185.10272216796875,186.0,12.371206283569336,68.0,241.0,171.0,179.0,186.0,192.0,199.0,0.9496270297159717,0.9408602099953752,-9.324172973632812,-11.0,1.0251927340500615,3.431321302491959,-10.0,-11.0,-11.0
32,normal,0,85475,189.11376953125,189.0,17.54426383972168,18.0,255.0,173.0,181.0,189.0,197.0,206.0,15722,184.4405975341797,189.0,23.920381546020508,0.0,234.0,169.0,182.0,189.0,196.0,202.0,1.0253369975710869,0.9999999947089947,4.6731719970703125,0.0,0.733444116370974,5.436649280916127,-1.0,0.0,1.0
320,normal,0,89083,189.1558380126953,189.0,16.79775619506836,6.0,255.0,174.0,181.0,189.0,196.0,205.0,11970,192.47702026367188,195.0,16.895442962646484,15.0,245.0,180.0,190.0,195.0,201.0,206.0,0.9827450402693685,0.969230764260355,-3.3211822509765625,-6.0,0.9942180999922761,7.442188804724963,-9.0,-6.0,-5.0
321,normal,0,103855,159.40338134765625,160.0,19.62580108642578,0.0,249.0,140.0,150.0,160.0,171.0,180.0,20975,169.6034393310547,172.0,21.852535247802734,2.0,240.0,151.0,162.0,172.0,182.0,190.0,0.939859362737639,0.9302325527312061,-10.200057983398438,-12.0,0.8981017518458138,4.951370679144154,-12.0,-12.0,-11.0
322,normal,0,128607,189.92088317871094,188.0,19.830490112304688,38.0,255.0,171.0,179.0,188.0,197.0,210.0,9069,212.15414428710938,215.0,19.345943450927734,58.0,255.0,196.0,208.0,215.0,222.0,229.0,0.8952023205659732,0.8744186005840996,-22.233261108398438,-27.0,1.0250463688969043,14.180946078489255,-29.0,-27.0,-25.0
323,normal,0,105253,188.9605255126953,189.0,19.730335235595703,17.0,255.0,169.0,180.0,189.0,198.0,208.0,17982,206.7088165283203,208.0,16.370494842529297,46.0,255.0,194.0,202.0,208.0,215.0,221.0,0.9141386795790974,0.908653841785318,-17.748291015625,-19.0,1.2052374848865481,5.853242130694403,-22.0,-19.0,-17.0
324,normal,0,97071,171.24476623535156,168.0,21.508106231689453,37.0,255.0,154.0,161.0,168.0,176.0,193.0,22491,187.64132690429688,190.0,19.071077346801758,3.0,247.0,173.0,182.0,190.0,198.0,205.0,0.9126175355286972,0.8842105216620499,-16.396560668945312,-22.0,1.127786580316597,4.315993063700325,-21.0,-22.0,-22.0
325,normal,0,100392,193.64785766601562,192.0,16.958885192871094,34.0,255.0,177.0,184.0,192.0,201.0,212.0,13943,196.61708068847656,201.0,24.232654571533203,11.0,248.0,183.0,193.0,201.0,208.0,214.0,0.984898443222927,0.9552238758446574,-2.9692230224609375,-9.0,0.6998360185003076,7.20017212886752,-9.0,-9.0,-7.0
326,normal,0,88170,191.0981903076172,191.0,15.726777076721191,67.0,255.0,176.0,183.0,191.0,199.0,208.0,13629,195.32525634765625,199.0,21.472352981567383,9.0,253.0,181.0,192.0,199.0,206.0,211.0,0.9783588303046985,0.9597989901517638,-4.2270660400390625,-8.0,0.732419793853138,6.469293417971289,-9.0,-8.0,-7.0
327,normal,0,110706,179.0988006591797,180.0,17.052562713623047,0.0,255.0,163.0,172.0,180.0,187.0,195.0,14887,191.7181396484375,198.0,26.88382911682129,0.0,250.0,162.0,185.0,198.0,207.0,216.0,0.9341776425195022,0.9090909044995409,-12.619338989257812,-18.0,0.6343055524277104,7.436421037990433,-13.0,-18.0,-20.0
328,normal,0,72058,179.9820098876953,179.0,13.960332870483398,83.0,255.0,166.0,172.0,179.0,186.0,194.0,11238,185.79319763183594,186.0,13.208513259887695,95.0,236.0,173.0,180.0,186.0,193.0,200.0,0.9687222740825084,0.9623655862238409,-5.811187744140625,-7.0,1.0569192413168578,6.411995016336359,-8.0,-7.0,-7.0
329,normal,0,126562,179.34237670898438,180.0,12.405360221862793,72.0,249.0,166.0,173.0,180.0,186.0,193.0,20120,181.7482147216797,183.0,13.250875473022461,79.0,237.0,170.0,177.0,183.0,189.0,194.0,0.9867627915732636,0.98360655200215,-2.4058380126953125,-3.0,0.9361916735937386,6.290357852570062,-4.0,-3.0,-3.0
33,normal,0,98728,179.06336975097656,179.0,17.014101028442383,15.0,254.0,165.0,172.0,179.0,186.0,194.0,23707,179.37452697753906,182.0,19.198057174682617,0.0,244.0,163.0,174.0,182.0,190.0,197.0,0.9982653154264943,0.9835164781125468,-0.3111572265625,-3.0,0.8862407267251475,4.164508372878706,-2.0,-3.0,-4.0
330,normal,0,101901,187.9728240966797,191.0,22.42232322692871,42.0,255.0,163.0,183.0,191.0,199.0,207.0,25416,181.33242797851562,183.0,14.899239540100098,17.0,247.0,169.0,177.0,183.0,189.0,195.0,1.0366200086524557,1.0437158412911702,6.6403961181640625,8.0,1.5049306148579082,4.009324834592015,6.0,8.0,10.0
331,normal,0,82226,160.52658081054688,162.0,16.884803771972656,2.0,215.0,149.0,155.0,162.0,169.0,175.0,17113,155.99632263183594,158.0,14.904523849487305,1.0,193.0,143.0,151.0,158.0,164.0,170.0,1.0290407945087392,1.0253164492068578,4.5302581787109375,4.0,1.1328642772904949,4.804885174732374,4.0,4.0,5.0
332,normal,0,111601,177.33790588378906,178.0,16.377361297607422,22.0,255.0,159.0,169.0,178.0,187.0,195.0,20031,194.5782470703125,196.0,15.437512397766113,94.0,249.0,177.0,187.0,196.0,204.0,211.0,0.9113963541274486,0.9081632606726364,-17.240341186523438,-18.0,1.0608807827805553,5.571414307544734,-18.0,-18.0,-17.0
333,normal,0,147697,190.7369842529297,192.0,19.663433074951172,61.0,255.0,167.0,182.0,192.0,201.0,210.0,17543,199.1283721923828,200.0,16.20053482055664,83.0,255.0,181.0,190.0,200.0,209.0,218.0,0.9578594009235138,0.9599999952,-8.391387939453125,-8.0,1.2137520198560658,8.419141537455443,-8.0,-8.0,-8.0
334,normal,0,94194,179.5701141357422,181.0,23.103086471557617,0.0,255.0,166.0,174.0,181.0,188.0,196.0,14749,185.6386260986328,189.0,20.925682067871094,7.0,254.0,169.0,180.0,189.0,197.0,203.0,0.9673100741061486,0.9576719526049103,-6.068511962890625,-8.0,1.1040541136279403,6.386466878677438,-6.0,-8.0,-9.0
335,normal,0,112536,179.31344604492188,179.0,14.965622901916504,53.0,255.0,164.0,172.0,179.0,186.0,194.0,17492,200.28086853027344,203.0,16.661630630493164,55.0,255.0,185.0,195.0,203.0,210.0,216.0,0.8953099038638723,0.8817733946710671,-20.967422485351562,-24.0,0.8982087249202699,6.433569631463894,-23.0,-24.0,-24.0
336,normal,0,108325,184.72789001464844,185.0,15.194539070129395,6.0,255.0,170.0,178.0,185.0,192.0,199.0,7644,199.72671508789062,204.0,21.841676712036133,34.0,242.0,185.0,196.0,204.0,211.0,217.0,0.9249032559738183,0.9068627406526336,-14.998825073242188,-19.0,0.6956672134099045,14.171245419391516,-18.0,-19.0,-19.0
337,normal,0,106590,197.1996612548828,197.0,15.652512550354004,39.0,255.0,183.0,190.0,197.0,204.0,213.0,14624,194.96444702148438,197.0,14.380975723266602,81.0,255.0,182.0,190.0,197.0,203.0,208.0,1.011464722189515,0.9999999949238579,2.2352142333984375,0.0,1.0884179045384461,7.288703500595685,0.0,0.0,1.0
339,normal,0,130227,174.57955932617188,182.0,29.585832595825195,33.0,255.0,126.0,168.0,182.0,192.0,201.0,35494,186.7899627685547,188.0,16.52381134033203,19.0,255.0,174.0,181.0,188.0,195.0,202.0,0.934630297067179,0.9680851012335899,-12.210403442382812,-6.0,1.7904967683281432,3.668986307441568,-13.0,-6.0,-3.0
34,normal,0,112171,173.2911376953125,173.0,17.62330436706543,4.0,255.0,158.0,166.0,173.0,181.0,189.0,20050,191.0884246826172,192.0,11.345505714416504,68.0,253.0,178.0,185.0,192.0,198.0,203.0,0.9068636003267693,0.9010416619737414,-17.797286987304688,-19.0,1.5533289795397025,5.594563590743413,-19.0,-19.0,-17.0
340,normal,0,99998,169.35169982910156,170.0,11.775198936462402,6.0,220.0,159.0,165.0,170.0,176.0,181.0,14940,161.66546630859375,163.0,13.939119338989258,2.0,209.0,152.0,158.0,163.0,168.0,173.0,1.0475440590279927,1.0429447788776394,7.6862335205078125,7.0,0.8447591132078738,6.693306559123608,7.0,7.0,8.0
341,normal,0,97119,183.52273559570312,184.0,16.30547332763672,17.0,255.0,167.0,176.0,184.0,192.0,201.0,17170,194.8166046142578,197.0,19.226415634155273,0.0,253.0,175.0,187.0,197.0,206.0,215.0,0.9420281962980258,0.9340101475430957,-11.293869018554688,-13.0,0.848076562466166,5.656319160998467,-11.0,-13.0,-14.0
342,normal,0,120902,195.41433715820312,197.0,22.97801399230957,11.0,255.0,179.0,189.0,197.0,205.0,215.0,9131,206.2073211669922,208.0,16.496009826660156,70.0,251.0,191.0,201.0,208.0,216.0,222.0,0.9476595452801205,0.9471153800619453,-10.792984008789062,-11.0,1.3929436779450626,13.240827947295934,-12.0,-11.0,-11.0
343,normal,0,152650,178.3763885498047,178.0,24.92278289794922,0.0,255.0,156.0,167.0,178.0,189.0,202.0,18295,195.41607666015625,198.0,20.86139678955078,0.0,245.0,178.0,189.0,198.0,207.0,214.0,0.9128030338425639,0.898989894449546,-17.039688110351562,-20.0,1.1946842272684497,8.343809783637944,-22.0,-20.0,-18.0
344,normal,0,119544,180.2687225341797,181.0,16.80915069580078,9.0,255.0,165.0,173.0,181.0,189.0,197.0,25253,183.63088989257812,185.0,13.943352699279785,39.0,255.0,171.0,179.0,185.0,191.0,196.0,0.9816906167472375,0.9783783730898467,-3.3621673583984375,-4.0,1.2055313992837335,4.733853403368556,-6.0,-4.0,-2.0
345,normal,0,103978,201.02952575683594,201.0,16.190204620361328,34.0,255.0,187.0,194.0,201.0,208.0,216.0,18605,152.00177001953125,137.0,41.665916442871094,75.0,240.0,104.0,112.0,137.0,195.0,204.0,1.322547259867156,1.467153273962385,49.02775573730469,64.0,0.3885718979441654,5.588712711336269,82.0,64.0,13.0
346,normal,0,83757,179.95590209960938,180.0,14.82028865814209,24.0,255.0,166.0,173.0,180.0,187.0,194.0,5519,190.78076171875,193.0,14.54664134979248,85.0,225.0,176.0,187.0,193.0,199.0,205.0,0.943260208917926,0.9326424822142877,-10.824859619140625,-13.0,1.0188116475107751,15.176118859362905,-14.0,-13.0,-12.0
347,normal,0,112094,170.61056518554688,173.0,19.910673141479492,16.0,248.0,153.0,165.0,173.0,181.0,189.0,25181,173.8434600830078,176.0,18.694374084472656,0.0,243.0,163.0,170.0,176.0,182.0,187.0,0.9814034081160103,0.9829545398695765,-3.2328948974609375,-3.0,1.0650622474145754,4.45153091599017,-5.0,-3.0,-1.0
348,normal,0,90680,171.09378051757812,171.0,14.02740478515625,15.0,248.0,156.0,164.0,171.0,179.0,187.0,29152,165.9268035888672,168.0,15.182194709777832,0.0,218.0,154.0,161.0,168.0,174.0,179.0,1.031140091810444,1.0178571367984695,5.1669769287109375,3.0,0.9239378185674515,3.110592755107348,3.0,3.0,5.0
349,normal,0,115190,187.38914489746094,187.0,21.674772262573242,1.0,255.0,169.0,178.0,187.0,195.0,207.0,10268,196.72828674316406,201.0,21.037900924682617,0.0,243.0,183.0,194.0,201.0,207.0,212.0,0.9525277073630829,0.9303482540778694,-9.339141845703125,-14.0,1.0302725214791224,11.218348265366346,-16.0,-14.0,-12.0
35,normal,0,142009,188.76512145996094,189.0,15.859660148620605,35.0,255.0,174.0,182.0,189.0,196.0,204.0,22379,175.64292907714844,178.0,16.995452880859375,46.0,229.0,161.0,170.0,178.0,185.0,191.0,1.0747094766470178,1.0617977468438329,13.1221923828125,11.0,0.9331707325852636,6.345636533967307,12.0,11.0,11.0
350,normal,0,112976,159.985595703125,165.0,26.06595802307129,24.0,255.0,113.0,154.0,165.0,174.0,183.0,10985,185.3717803955078,187.0,16.022945404052734,82.0,241.0,172.0,181.0,187.0,194.0,200.0,0.8630525881486836,0.8823529364580057,-25.386184692382812,-22.0,1.6267893161321654,10.284569867065583,-27.0,-22.0,-20.0
351,normal,0,125314,172.66127014160156,173.0,16.49755096435547,4.0,255.0,156.0,165.0,173.0,181.0,189.0,29235,179.1732177734375,181.0,15.069812774658203,34.0,234.0,164.0,173.0,181.0,188.0,194.0,0.9636555693065367,0.9558010996917067,-6.5119476318359375,-8.0,1.094741528398857,4.286437489164138,-8.0,-8.0,-7.0
352,normal,0,112636,180.4769744873047,181.0,18.258052825927734,3.0,255.0,165.0,173.0,181.0,189.0,197.0,21102,189.39935302734375,191.0,18.487293243408203,36.0,254.0,175.0,185.0,191.0,198.0,205.0,0.952891182835022,0.9476439740961049,-8.922378540039062,-10.0,0.9876000557754844,5.337693109404905,-12.0,-10.0,-9.0
353,normal,0,96933,180.91567993164062,181.0,16.50011444091797,18.0,255.0,167.0,175.0,181.0,187.0,195.0,12083,214.0025634765625,216.0,16.37035369873047,66.0,255.0,198.0,207.0,216.0,223.0,230.0,0.8453902427484903,0.8379629590835048,-33.086883544921875,-35.0,1.00792650767656,8.02226268244457,-32.0,-35.0,-36.0
354,normal,0,95924,167.2333526611328,167.0,15.537985801696777,0.0,234.0,153.0,160.0,167.0,175.0,183.0,9965,160.139892578125,164.0,22.66066551208496,0.0,219.0,146.0,156.0,164.0,171.0,178.0,1.0442953902648078,1.0182926767177276,7.0934600830078125,3.0,0.685680882043357,9.626091318652675,4.0,3.0,4.0
355,normal,0,122439,161.10484313964844,161.0,12.994277954101562,7.0,238.0,146.0,154.0,161.0,169.0,176.0,15447,162.41917419433594,164.0,16.431978225708008,0.0,204.0,151.0,158.0,164.0,171.0,177.0,0.9919077778032372,0.9817073110871506,-1.3143310546875,-3.0,0.7907920144988909,7.926393473947925,-4.0,-3.0,-2.0
356,normal,0,75451,184.67758178710938,184.0,14.014120101928711,60.0,253.0,170.0,177.0,184.0,192.0,201.0,13488,191.5438232421875,194.0,17.195772171020508,15.0,244.0,182.0,188.0,194.0,199.0,204.0,0.9641531514668076,0.9484536033584866,-6.866241455078125,-10.0,0.8149747011984471,5.593935349525954,-11.0,-10.0,-7.0
357,normal,0,76571,161.0632781982422,162.0,9.097275733947754,75.0,208.0,152.0,157.0,162.0,166.0,171.0,9162,152.84478759765625,156.0,15.691384315490723,54.0,184.0,136.0,150.0,156.0,162.0,166.0,1.053770165643135,1.0384615318047339,8.218490600585938,6.0,0.579762433401391,8.357454703300867,7.0,6.0,4.0
358,normal,0,90541,188.00033569335938,188.0,15.877070426940918,18.0,255.0,175.0,181.0,188.0,194.0,202.0,21040,181.8181610107422,183.0,14.195219993591309,8.0,255.0,171.0,177.0,183.0,189.0,194.0,1.0340019589585991,1.027322398757801,6.1821746826171875,5.0,1.1184799753458514,4.30327946747608,4.0,5.0,5.0
359,normal,0,71263,172.96034240722656,174.0,13.21263313293457,3.0,228.0,163.0,169.0,174.0,179.0,185.0,13590,183.71170043945312,187.0,17.784648895263672,4.0,226.0,173.0,180.0,187.0,192.0,197.0,0.9414770047417478,0.9304812784466242,-10.751358032226562,-13.0,0.7429234317653506,5.243782192402959,-11.0,-13.0,-13.0
36,normal,0,125577,175.9857635498047,177.0,17.115928649902344,45.0,254.0,159.0,170.0,177.0,184.0,192.0,52398,173.70469665527344,175.0,15.123796463012695,0.0,245.0,160.0,168.0,175.0,181.0,188.0,1.0131318607114366,1.0114285656489796,2.28106689453125,2.0,1.1317216255878642,2.3965991067904002,2.0,2.0,3.0
360,normal,0,85249,176.7999267578125,178.0,19.336700439453125,9.0,255.0,156.0,169.0,178.0,187.0,196.0,23031,193.80364990234375,197.0,17.34727668762207,5.0,239.0,181.0,191.0,197.0,202.5,207.0,0.9122631381536807,0.9035532949058208,-17.00372314453125,-19.0,1.1146821298220515,3.701489296873714,-22.0,-19.0,-15.5
37,normal,0,137029,184.18373107910156,184.0,23.239635467529297,2.0,255.0,168.0,176.0,184.0,193.0,203.0,21486,190.42306518554688,194.0,25.206077575683594,5.0,255.0,177.0,186.0,194.0,201.0,208.0,0.9672343522692479,0.9484536033584866,-6.2393341064453125,-10.0,0.9219853614972329,6.37759471253944,-10.0,-10.0,-8.0
38,normal,0,95945,159.95013427734375,163.0,21.217723846435547,1.0,247.0,137.0,153.0,163.0,171.0,180.0,21603,171.13563537597656,175.0,22.527111053466797,0.0,236.0,158.0,168.0,175.0,181.0,187.0,0.9346395506190259,0.9314285661061225,-11.185501098632812,-12.0,0.9418750080381589,4.441281303317073,-15.0,-12.0,-10.0
39,normal,0,102243,149.53794860839844,152.0,17.220678329467773,0.0,205.0,139.0,146.0,152.0,158.0,163.0,20869,144.7820281982422,147.0,15.258598327636719,28.0,187.0,132.0,140.0,147.0,153.0,159.0,1.032848824101258,1.0340135984080707,4.75592041015625,5.0,1.128588408391935,4.899276438502119,6.0,5.0,5.0
4,normal,0,120347,184.72109985351562,185.0,24.831607818603516,0.0,255.0,165.0,176.0,185.0,195.0,207.0,30345,201.0988311767578,204.0,25.885671615600586,4.0,255.0,178.0,193.0,204.0,215.0,225.0,0.9185587894968639,0.9068627406526336,-16.377731323242188,-19.0,0.9592799919611973,3.965958147834373,-17.0,-19.0,-20.0
4 (2),normal,0,99628,164.8964080810547,164.0,15.087964057922363,0.0,254.0,149.0,156.0,164.0,172.0,181.0,16260,179.677734375,186.0,29.222970962524414,0.0,250.0,163.0,178.0,186.0,193.0,199.0,0.9177342297692274,0.8817204253670945,-14.781326293945312,-22.0,0.5163049150945767,6.127183271455893,-22.0,-22.0,-21.0
40,normal,0,131821,170.7291717529297,171.0,11.969074249267578,30.0,227.0,159.0,165.0,171.0,177.0,183.0,21623,170.1432342529297,173.0,19.293941497802734,10.0,212.0,161.0,167.0,173.0,179.0,184.0,1.0034437836986523,0.9884393006448595,0.5859375,-2.0,0.6203539919656472,6.096332608514252,-2.0,-2.0,-2.0
41,normal,0,102654,182.79335021972656,184.0,16.59048080444336,28.0,255.0,164.0,173.0,184.0,194.0,202.0,16148,181.58303833007812,184.0,18.202980041503906,45.0,255.0,162.0,175.0,184.0,192.0,199.0,1.0066653300556796,0.9999999945652175,1.2103118896484375,0.0,0.9114155954245104,6.357072082836446,-2.0,0.0,2.0
42,normal,0,87175,160.7418670654297,162.0,17.925979614257812,4.0,231.0,143.0,154.0,162.0,171.0,179.0,16847,156.7499237060547,164.0,30.066024780273438,0.0,213.0,139.0,156.0,164.0,171.0,177.0,1.0254669491348138,0.9878048720255801,3.991943359375,-2.0,0.5962204564468641,5.17451178220606,-2.0,-2.0,0.0
44,normal,0,109996,165.47706604003906,166.0,14.924583435058594,8.0,235.0,151.0,159.0,166.0,174.0,181.0,17710,160.89434814453125,166.0,26.327390670776367,0.0,224.0,148.0,159.0,166.0,173.0,179.0,1.0284827709604094,0.9999999939759037,4.5827178955078125,0.0,0.5668842406300739,6.210954262777473,0.0,0.0,1.0
46,normal,0,82030,178.430908203125,185.0,28.474302291870117,10.0,255.0,121.0,176.0,185.0,192.0,201.0,17412,192.89456176757812,197.0,21.268054962158203,91.0,255.0,169.0,189.0,197.0,205.0,211.0,0.9250178213582898,0.9390862896493082,-14.463653564453125,-12.0,1.3388295734473254,4.711118768394721,-13.0,-12.0,-13.0
47,normal,0,87956,186.31729125976562,188.0,22.572206497192383,0.0,255.0,172.0,180.0,188.0,195.0,204.0,17249,180.7696075439453,184.0,18.144756317138672,12.0,255.0,165.0,177.0,184.0,190.0,196.0,1.0306892445057858,1.0217391248818526,5.5476837158203125,4.0,1.2440070761305666,5.099194155887345,3.0,4.0,5.0
49,normal,0,116008,174.7713623046875,176.0,16.689722061157227,4.0,254.0,158.0,168.0,176.0,184.0,192.0,28110,175.77587890625,179.0,17.615581512451172,30.0,250.0,157.0,170.0,179.0,186.0,192.0,0.9942852363925115,0.983240217970725,-1.0045166015625,-3.0,0.94744082685659,4.12692991803177,-2.0,-3.0,-2.0
5,normal,0,113987,172.99249267578125,173.0,14.939562797546387,0.0,255.0,158.0,165.0,173.0,181.0,189.0,30292,176.1960906982422,180.0,21.851253509521484,0.0,243.0,163.0,172.0,180.0,186.0,193.0,0.9818179904469874,0.961111105771605,-3.2035980224609375,-7.0,0.6836935971358811,3.76294071029437,-7.0,-7.0,-5.0
5 (2),normal,0,149079,147.65953063964844,146.0,18.742843627929688,0.0,255.0,129.0,137.0,146.0,155.0,166.0,8521,169.71681213378906,174.0,25.39933204650879,0.0,218.0,150.0,164.0,174.0,183.0,191.0,0.8700347827250757,0.8390804549478135,-22.057281494140625,-28.0,0.7379266059313295,17.495481748914976,-27.0,-28.0,-28.0
50,normal,0,127304,178.38128662109375,178.0,16.408313751220703,16.0,255.0,163.0,171.0,178.0,185.0,194.0,17089,183.88565063476562,187.0,21.386192321777344,0.0,250.0,166.0,179.0,187.0,194.0,201.0,0.9700663702429341,0.9518716526637879,-5.504364013671875,-9.0,0.7672386340262006,7.449470419132221,-8.0,-9.0,-9.0
51,normal,0,133875,184.88247680664062,185.0,11.007959365844727,59.0,250.0,172.0,178.0,185.0,192.0,198.0,13085,176.63897705078125,178.0,12.685745239257812,55.0,216.0,164.0,172.0,178.0,184.0,189.0,1.046668627993814,1.03932583685772,8.243499755859375,7.0,0.8677423588830006,10.231180740524938,6.0,7.0,8.0
52,normal,0,96794,195.73568725585938,195.0,17.657148361206055,51.0,255.0,179.0,187.0,195.0,203.0,214.0,24390,209.5227508544922,211.0,14.699414253234863,23.0,255.0,198.0,205.0,211.0,217.0,223.0,0.934197768611747,0.9241706117337886,-13.787063598632812,-16.0,1.201214337918666,3.9685936857741453,-18.0,-16.0,-14.0
53,normal,0,93035,176.157470703125,176.0,15.578778266906738,32.0,254.0,162.0,169.0,176.0,183.0,190.0,10429,179.0462188720703,183.0,17.319421768188477,0.0,212.0,165.0,177.0,183.0,188.0,192.0,0.9838659024970796,0.9617486286243244,-2.8887481689453125,-7.0,0.8994975453524424,8.920797774578503,-8.0,-7.0,-5.0
54,normal,0,100150,191.67898559570312,192.0,16.91144561767578,29.0,255.0,176.0,185.0,192.0,199.0,207.0,11336,186.67942810058594,188.0,15.478070259094238,0.0,225.0,174.0,182.0,188.0,195.0,200.0,1.026781507310178,1.0212765903123586,4.9995574951171875,4.0,1.0926067812059823,8.834685955466242,3.0,4.0,4.0
55,normal,0,118055,160.01356506347656,162.0,19.37908172607422,0.0,221.0,146.0,155.0,162.0,170.0,177.0,21195,161.03330993652344,166.0,25.047758102416992,0.0,208.0,149.0,159.0,166.0,172.0,178.0,0.9936674849003829,0.9759036085788939,-1.019744873046875,-4.0,0.7736852485220614,5.5699457416574685,-4.0,-4.0,-2.0
56,normal,0,136996,199.0897216796875,197.0,17.773468017578125,0.0,255.0,182.0,190.0,197.0,205.0,219.0,24282,195.64866638183594,201.0,29.139324188232422,0.0,255.0,179.0,191.0,201.0,209.0,217.0,1.0175879260712564,0.9800994976114453,3.4410552978515625,-4.0,0.609947824898695,5.641874639418422,-1.0,-4.0,-4.0
57,normal,0,111947,190.62945556640625,190.0,17.31980323791504,17.0,255.0,174.0,182.0,190.0,199.0,208.0,22942,201.1549072265625,204.0,22.0721492767334,1.0,255.0,189.0,198.0,204.0,211.0,217.0,0.9476748901980491,0.9313725444540562,-10.52545166015625,-14.0,0.7846903460136422,4.879565861525605,-16.0,-14.0,-12.0
58,normal,0,115949,185.03042602539062,185.0,19.571931838989258,10.0,255.0,168.0,177.0,185.0,193.0,203.0,15363,194.59376525878906,199.0,23.668031692504883,0.0,253.0,177.2000732421875,192.0,199.0,206.0,211.0,0.9508548479364944,0.929648236534431,-9.563339233398438,-14.0,0.8269353052392577,7.5472889404707875,-15.0,-14.0,-13.0
59,normal,0,95967,192.9958038330078,191.0,17.81652069091797,28.0,255.0,177.0,184.0,191.0,199.0,211.0,17882,215.82608032226562,216.0,15.235769271850586,48.0,255.0,201.0,208.0,216.0,224.0,232.0,0.8942190983157023,0.8842592551654664,-22.830276489257812,-25.0,1.1693875907170603,5.366681578941579,-24.0,-25.0,-25.0
6,normal,0,152276,193.3137664794922,192.0,15.810750961303711,9.0,255.0,178.0,185.0,192.0,200.0,208.0,34013,199.0470428466797,202.0,21.001121520996094,0.0,253.0,186.0,194.0,202.0,209.0,216.0,0.9711963701827008,0.9504950447995295,-5.7332763671875,-10.0,0.752852660399307,4.476994090363185,-9.0,-10.0,-9.0
6 (2),normal,0,121167,171.61610412597656,170.0,20.071975708007812,0.0,255.0,153.0,161.0,170.0,178.0,190.0,26884,197.8618927001953,201.0,23.668033599853516,6.0,255.0,174.0,189.0,201.0,211.0,221.0,0.8673529850371949,0.8457711400707904,-26.24578857421875,-31.0,0.8480626316192743,4.507030203671067,-28.0,-31.0,-33.0
60,normal,0,143999,172.77711486816406,173.0,14.293667793273926,9.0,248.0,158.0,166.0,173.0,181.0,188.0,18133,171.6015625,173.0,13.736126899719238,14.0,222.0,157.0,165.0,173.0,180.0,186.0,1.0068504700317842,0.9999999942196532,1.1755523681640625,0.0,1.0405893056343836,7.941267302269825,1.0,0.0,1.0
61,normal,0,103890,179.5343475341797,182.0,22.934879302978516,9.0,255.0,161.0,174.0,182.0,190.0,199.0,16078,224.39588928222656,226.0,15.233030319213867,80.0,255.0,209.0,217.0,226.0,234.0,241.0,0.8000785901576729,0.805309730949957,-44.861541748046875,-44.0,1.5056017953596723,6.4616245797697704,-43.0,-44.0,-44.0
62,normal,0,118430,194.60501098632812,194.0,19.98465919494629,5.0,255.0,178.0,187.0,194.0,203.0,212.0,32766,196.90362548828125,199.0,17.445314407348633,12.0,255.0,186.0,192.0,199.0,205.0,210.0,0.9883261901116386,0.9748743669604303,-2.298614501953125,-5.0,1.1455602107674125,3.614417383763217,-5.0,-5.0,-2.0
63,normal,0,102956,171.8385009765625,173.0,15.03405475616455,0.0,237.0,158.0,166.0,173.0,180.0,186.0,15791,174.40396118164062,178.0,22.3200740814209,0.0,214.0,166.0,173.0,178.0,184.0,188.0,0.9852901208608654,0.9719101068993814,-2.565460205078125,-5.0,0.6735664956915315,6.519916407667664,-7.0,-5.0,-4.0
64,normal,0,103828,192.53009033203125,192.0,16.337547302246094,23.0,255.0,177.0,184.0,192.0,199.0,209.0,17341,185.37864685058594,190.0,27.768779754638672,3.0,255.0,165.0,179.0,190.0,199.0,207.0,1.0385774875605378,1.0105263104709141,7.1514434814453125,2.0,0.588342262723111,5.987428636988211,5.0,2.0,0.0
65,normal,0,113699,159.4336395263672,159.0,19.31641387939453,1.0,253.0,139.0,149.0,159.0,170.0,181.0,28687,163.722900390625,168.0,23.61170768737793,0.0,226.0,150.0,160.0,168.0,175.0,181.0,0.9738016989203966,0.9464285657950681,-4.2892608642578125,-9.0,0.8180862357378004,3.9634329137252613,-11.0,-9.0,-5.0
66,normal,0,127678,169.41233825683594,170.0,12.250936508178711,5.0,232.0,157.0,164.0,170.0,176.0,182.0,24178,158.6149444580078,161.0,17.588226318359375,0.0,208.0,146.0,154.0,161.0,168.0,173.0,1.068072984974084,1.0559006145596235,10.797393798828125,9.0,0.6965418564604653,5.2807510958193085,10.0,9.0,8.0
67,normal,0,141971,171.60186767578125,173.0,25.380247116088867,3.0,255.0,149.0,162.0,173.0,183.0,195.0,51633,191.9410858154297,195.0,21.68511199951172,0.0,255.0,178.0,187.0,195.0,202.0,209.0,0.8940340524423174,0.8871794826298488,-20.339218139648438,-22.0,1.170399578580031,2.7496174926355312,-25.0,-22.0,-19.0
68,normal,0,111759,180.90216064453125,181.0,14.85587215423584,0.0,255.0,166.0,173.0,181.0,189.0,197.0,23475,173.73947143554688,178.0,24.170692443847656,0.0,228.0,160.0,170.0,178.0,185.0,191.0,1.0412266027320969,1.0168539268716072,7.162689208984375,3.0,0.6146233325389848,4.760766772960138,3.0,3.0,4.0
69,normal,0,129674,182.12216186523438,180.0,16.94000244140625,35.0,255.0,166.0,173.0,180.0,189.0,201.0,18770,188.90463256835938,194.0,27.320993423461914,0.0,236.0,175.0,186.0,194.0,201.0,208.0,0.9640957896320176,0.9278350467637368,-6.782470703125,-14.0,0.6200360857604442,6.908577516946799,-13.0,-14.0,-12.0
7,normal,0,109119,179.6183319091797,180.0,18.40450096130371,6.0,255.0,162.0,171.0,180.0,188.0,198.0,24261,193.57376098632812,197.0,23.06370735168457,0.0,255.0,180.0,190.0,197.0,204.0,210.0,0.9279063963320913,0.9137055791182458,-13.955429077148438,-17.0,0.7979853317889987,4.497712377705053,-19.0,-17.0,-16.0
70,normal,0,110474,160.1094512939453,163.0,21.053936004638672,2.0,245.0,137.0,152.0,163.0,173.0,181.0,31421,166.27484130859375,168.0,17.216703414916992,18.0,230.0,152.0,161.0,168.0,175.0,182.0,0.962920481961992,0.9702380894628685,-6.1653900146484375,-5.0,1.222878403278911,3.5159288372898403,-9.0,-5.0,-2.0
71,normal,0,131076,195.0059356689453,194.0,17.326007843017578,17.0,255.0,180.0,187.0,194.0,202.0,211.0,30181,188.86007690429688,192.0,24.807723999023438,0.0,255.0,175.0,184.0,192.0,199.0,207.0,1.032541857616742,1.01041666140408,6.1458587646484375,2.0,0.698411798893273,4.342997249781551,3.0,2.0,3.0
72,normal,0,139269,182.3279266357422,182.0,14.383606910705566,23.0,255.0,167.0,175.0,182.0,189.0,197.0,37407,177.09616088867188,179.0,15.840535163879395,0.0,223.0,165.0,172.0,179.0,185.0,191.0,1.0295419431526651,1.0167597708560907,5.2317657470703125,3.0,0.9080252563359559,3.7230732214900133,3.0,3.0,4.0
73,normal,0,120651,186.2551727294922,186.0,13.378024101257324,31.0,255.0,174.0,180.0,186.0,193.0,200.0,32503,193.29434204101562,195.0,20.728214263916016,0.0,255.0,179.0,188.0,195.0,203.0,210.0,0.9635831540603866,0.9538461489546352,-7.0391693115234375,-9.0,0.6454016388254123,3.711995815656647,-8.0,-9.0,-10.0
75,normal,0,120998,179.68128967285156,179.0,25.285974502563477,0.0,255.0,160.0,170.0,179.0,188.0,205.0,23103,183.41734313964844,185.0,15.969945907592773,0.0,253.0,170.0,179.0,185.0,191.0,197.0,0.9796308550626905,0.9675675623374727,-3.736053466796875,-6.0,1.5833474368372182,5.237328485251382,-9.0,-6.0,-3.0
76,normal,0,99503,187.2521209716797,186.0,21.6110782623291,13.0,255.0,167.0,177.0,186.0,195.0,208.0,56099,190.37937927246094,193.0,20.726808547973633,0.0,255.0,178.0,186.0,193.0,200.0,206.0,0.9835735398638987,0.963730564954764,-3.12725830078125,-7.0,1.0426630404601716,1.7737036310491505,-9.0,-7.0,-5.0
77,normal,0,140857,212.72604370117188,211.0,14.280869483947754,98.0,255.0,199.0,205.0,211.0,218.0,228.0,17566,214.78543090820312,216.0,14.206260681152344,130.0,255.0,200.0,208.0,216.0,223.0,230.0,0.9904118813425326,0.9768518473293896,-2.05938720703125,-5.0,1.0052517547874256,8.018729363086717,-3.0,-5.0,-5.0
78,normal,0,142386,176.5703125,176.0,10.704477310180664,18.0,238.0,166.0,171.0,176.0,182.0,188.0,24378,173.56358337402344,176.0,17.28236198425293,0.0,255.0,163.0,170.0,176.0,181.0,186.0,1.0173234963821511,0.9999999943181819,3.0067291259765625,0.0,0.6193873673371054,5.840758060306803,1.0,0.0,1.0
79,normal,0,98260,185.0708770751953,184.0,18.416584014892578,18.0,255.0,169.0,177.0,184.0,193.0,203.0,15109,216.0377197265625,218.0,16.36467742919922,54.0,255.0,203.0,211.0,218.0,225.0,231.0,0.8566600149861713,0.8440366933759785,-30.966842651367188,-34.0,1.1253862454169694,6.503408564001362,-34.0,-34.0,-32.0
8,normal,0,152960,181.1664581298828,182.0,21.21565055847168,7.0,255.0,160.0,172.0,182.0,192.0,203.0,21011,211.3088836669922,214.0,22.773591995239258,16.0,255.0,193.0,205.0,214.0,223.0,232.0,0.8573537190137003,0.85046728574548,-30.142425537109375,-32.0,0.9315899587257372,7.279996192124125,-33.0,-32.0,-31.0
80,normal,0,153202,195.42092895507812,196.0,19.20550537109375,61.0,255.0,175.0,187.0,196.0,205.0,214.0,23147,204.17112731933594,205.0,15.936756134033203,89.0,255.0,185.0,195.0,205.0,214.0,223.0,0.9571428172225607,0.9560975563117192,-8.750198364257812,-9.0,1.205107488905637,6.618654684986449,-8.0,-9.0,-9.0
81,normal,0,150085,166.98207092285156,170.0,19.60515785217285,0.0,254.0,150.0,162.0,170.0,177.0,184.0,30321,173.27667236328125,176.0,19.71245002746582,0.0,248.0,158.0,168.0,176.0,183.0,190.0,0.9636731112258093,0.9659090854209711,-6.2946014404296875,-6.0,0.9945570860192131,4.94986972708849,-6.0,-6.0,-6.0
82,normal,0,121671,168.6260528564453,169.0,15.150616645812988,0.0,245.0,154.0,162.0,169.0,176.0,183.0,25402,186.3365020751953,188.0,14.841401100158691,27.0,255.0,172.0,180.0,188.0,195.0,201.0,0.9049544779124516,0.8989361654311906,-17.71044921875,-19.0,1.0208345912042227,4.78981969904772,-18.0,-19.0,-19.0
83,normal,0,101675,177.29713439941406,178.0,18.0374755859375,13.0,254.0,163.0,171.0,178.0,185.0,194.0,11776,182.79823303222656,187.0,23.363906860351562,0.0,220.0,171.0,180.0,187.0,194.0,199.0,0.969906166424766,0.9518716526637879,-5.5010986328125,-9.0,0.7720230576900625,8.63408627644072,-9.0,-9.0,-9.0
84,normal,0,113358,171.35104370117188,171.0,13.98039722442627,37.0,255.0,157.0,164.0,171.0,179.0,187.0,24000,180.37962341308594,182.0,16.73042106628418,17.0,255.0,166.0,175.0,182.0,188.0,195.0,0.949946781731634,0.9395604343980196,-9.028579711914062,-11.0,0.8356272883635212,4.723249999803198,-11.0,-11.0,-9.0
85,normal,0,111520,182.6691131591797,182.0,20.260372161865234,9.0,255.0,161.0,172.0,182.0,194.0,206.0,19307,174.3524169921875,179.0,29.45662498474121,0.0,246.0,152.0,166.0,179.0,190.0,200.0,1.0477004865362112,1.0167597708560907,8.316696166992188,3.0,0.6878035580979398,5.776143367391302,6.0,3.0,4.0
86,normal,0,98450,178.65243530273438,179.0,17.58770751953125,0.0,255.0,164.0,171.0,179.0,186.0,194.0,20157,181.36785888671875,185.0,20.030376434326172,43.0,255.0,169.0,178.0,185.0,191.0,196.0,0.9850280827833531,0.9675675623374727,-2.715423583984375,-6.0,0.8780517280413845,4.884159348867184,-7.0,-6.0,-5.0
88,normal,0,117317,167.40646362304688,169.0,18.78982925415039,0.0,237.0,152.0,161.0,169.0,177.0,185.0,16574,163.89393615722656,168.0,22.39600372314453,0.0,209.0,151.0,160.0,168.0,174.0,180.0,1.0214317047155361,1.0059523749645691,3.5125274658203125,1.0,0.8389813043186476,7.078375768850104,1.0,1.0,3.0
89,normal,0,123951,181.71438598632812,179.0,20.851408004760742,32.0,255.0,163.0,171.0,179.0,188.0,203.0,18957,217.34352111816406,219.0,15.359525680541992,55.0,255.0,205.0,213.0,219.0,225.0,232.0,0.8360699422526828,0.8173515944413169,-35.62913513183594,-40.0,1.3575553751390053,6.538534577911139,-42.0,-40.0,-37.0
9,normal,0,95784,168.67477416992188,169.0,18.94222068786621,0.0,248.0,155.0,162.0,169.0,177.0,185.0,29946,173.96266174316406,176.0,17.254230499267578,0.0,216.0,161.0,169.0,176.0,183.0,189.0,0.9696033132060692,0.960227267271436,-5.2878875732421875,-7.0,1.0978304474858984,3.198557403219176,-7.0,-7.0,-6.0
90,normal,0,109562,162.75503540039062,165.0,16.377355575561523,2.0,221.0,149.0,158.0,165.0,172.0,178.0,24326,158.8408660888672,161.0,19.61476707458496,4.0,255.0,143.0,153.0,161.0,169.0,176.0,1.024642073436514,1.0248447141313992,3.9141693115234375,4.0,0.8349502534665101,4.503905286339558,5.0,4.0,3.0
91,normal,0,113631,148.05491638183594,147.0,16.9534854888916,3.0,242.0,133.0,140.0,147.0,155.0,165.0,27602,161.31805419921875,165.0,23.123056411743164,0.0,241.0,145.0,156.0,165.0,173.0,181.0,0.9177826759626901,0.8909090855096419,-13.263137817382812,-18.0,0.7331852871792675,4.116766900800059,-16.0,-18.0,-18.0
92,normal,0,157590,156.78431701660156,158.0,14.635473251342773,0.0,234.0,143.0,151.0,158.0,165.0,171.0,37264,159.53497314453125,160.0,11.417679786682129,74.0,255.0,146.0,153.0,160.0,166.0,173.0,0.9827582814196107,0.987499993828125,-2.7506561279296875,-2.0,1.2818254008654681,4.229014598426658,-2.0,-2.0,-1.0
93,normal,0,93866,160.52462768554688,163.0,19.38909149169922,0.0,242.0,147.0,156.0,163.0,170.0,176.0,17185,162.20448303222656,166.0,21.472681045532227,0.0,213.0,144.0,158.0,166.0,174.0,180.0,0.9896435887287436,0.9819277049281464,-1.6798553466796875,-3.0,0.9029655191924878,5.46208903081396,-2.0,-3.0,-4.0
94,normal,0,103960,163.00146484375,163.0,16.071895599365234,6.0,249.0,145.0,154.0,163.0,172.0,182.0,16402,173.46926879882812,177.0,18.980070114135742,7.0,235.0,157.0,169.0,177.0,184.0,190.0,0.9396561421673267,0.9209039495994127,-10.467803955078125,-14.0,0.8467774173614875,6.338251432365672,-15.0,-14.0,-12.0
95,normal,0,110694,173.4329071044922,175.0,18.353050231933594,2.0,255.0,158.0,167.0,175.0,183.0,191.0,14511,170.29769897460938,177.0,26.463665008544922,0.0,227.0,142.0,169.0,177.0,183.0,189.0,1.0184101554533636,0.9887005593858725,3.1352081298828125,-2.0,0.6935188127755062,7.62828199244516,-2.0,-2.0,0.0
97,normal,0,106512,164.55062866210938,166.0,15.089797973632812,0.0,254.0,151.0,159.0,166.0,172.0,179.0,20909,164.41824340820312,168.0,20.5,0.0,208.0,153.0,162.0,168.0,174.0,179.0,1.000805167664834,0.9880952322137189,0.13238525390625,-2.0,0.7360876701241532,5.094074321818639,-3.0,-2.0,-2.0
98,normal,0,131976,179.49163818359375,179.0,16.142654418945312,25.0,255.0,163.0,171.0,179.0,187.0,197.0,20898,179.72671508789062,183.0,21.942384719848633,10.0,243.0,167.0,175.0,183.0,190.0,196.0,0.9986920258188999,0.9781420711576936,-0.235076904296875,-4.0,0.7356836501303046,6.315245477733982,-4.0,-4.0,-3.0
99,normal,0,90701,187.16664123535156,187.0,18.610549926757812,31.0,255.0,170.0,179.0,187.0,195.0,205.0,20142,183.4259796142578,186.0,20.440799713134766,12.0,255.0,168.0,178.0,186.0,193.0,200.0,1.0203932976591812,1.0053763386807724,3.74066162109375,1.0,0.9104609055162463,4.503078144945731,1.0,1.0,2.0
10,fatty_liver,1,102514,156.86961364746094,155.0,22.556764602661133,0.0,255.0,140.0,147.0,155.0,164.0,178.0,8657,181.44680786132812,189.0,31.590269088745117,0.0,239.0,162.0,182.0,189.0,195.0,201.0,0.8645487602228901,0.8201058157666359,-24.577194213867188,-34.0,0.714041524155806,11.841746562106763,-35.0,-34.0,-31.0
1000,fatty_liver,1,195524,153.71995544433594,149.0,23.53025245666504,64.0,255.0,135.0,141.0,149.0,158.0,174.0,31298,203.76394653320312,204.0,11.849600791931152,113.0,255.0,191.0,198.0,204.0,210.0,216.0,0.7544021270950664,0.7303921532823914,-50.04399108886719,-55.0,1.9857420417863907,6.247172343081118,-57.0,-55.0,-52.0
1002,fatty_liver,1,94648,172.21580505371094,173.0,15.980612754821777,16.0,250.0,161.0,167.0,173.0,179.0,186.0,21150,180.87158203125,184.0,20.885290145874023,2.0,238.0,167.0,177.0,184.0,191.0,197.0,0.9521440691098305,0.9402173861944707,-8.655776977539062,-11.0,0.7651611195268788,4.475082742105197,-10.0,-11.0,-12.0
1003,fatty_liver,1,114661,170.96820068359375,170.0,18.60239601135254,2.0,255.0,154.0,161.0,170.0,178.0,190.0,25858,178.226318359375,181.0,21.811138153076172,0.0,255.0,157.0,170.0,181.0,190.0,199.0,0.9592758314155274,0.9392265141479198,-7.25811767578125,-11.0,0.852885118965871,4.434256322823333,-9.0,-11.0,-12.0
1004,fatty_liver,1,12161,152.26658630371094,152.0,10.099438667297363,57.0,203.0,142.0,147.0,152.0,158.0,163.0,8971,177.84661865234375,181.0,18.309276580810547,34.0,220.0,164.0,174.0,181.0,187.0,193.0,0.8561680092731765,0.8397790008851989,-25.580032348632812,-29.0,0.5516022476977632,1.3555902350512106,-27.0,-29.0,-29.0
1005,fatty_liver,1,97524,154.83154296875,152.0,17.70859146118164,27.0,253.0,138.0,145.0,152.0,161.0,176.0,25406,178.51597595214844,180.0,15.251114845275879,24.0,235.0,163.0,172.0,180.0,188.0,194.0,0.8673259705502601,0.8444444397530865,-23.684432983398438,-28.0,1.161134151811389,3.838620798085546,-27.0,-28.0,-27.0
1006,fatty_liver,1,119768,175.1028289794922,173.0,17.871919631958008,39.0,255.0,158.0,165.0,173.0,181.0,194.0,13449,187.8382110595703,191.0,20.942798614501953,1.0,235.0,171.0,183.0,191.0,199.0,206.0,0.9322002539289542,0.9057591575614704,-12.735382080078125,-18.0,0.8533682201486806,8.905346121726124,-18.0,-18.0,-18.0
1008,fatty_liver,1,118994,142.10269165039062,139.0,18.120929718017578,6.0,254.0,124.0,131.0,139.0,149.0,162.0,21505,181.0071563720703,183.0,16.347797393798828,49.0,255.0,165.0,176.0,183.0,190.0,196.0,0.7850666996459738,0.7595628373794381,-38.90446472167969,-44.0,1.1084630041003776,5.533317832804775,-45.0,-44.0,-41.0
1009,fatty_liver,1,100845,172.2783660888672,172.0,16.657302856445312,0.0,255.0,156.0,164.0,172.0,180.0,189.0,23688,171.033935546875,173.0,17.22133445739746,11.0,247.0,156.0,166.0,173.0,180.0,187.0,1.0072759217680236,0.9942196474322564,1.2444305419921875,-1.0,0.9672480335600299,4.257218844805082,-2.0,-1.0,0.0
1011,fatty_liver,1,135626,165.0096435546875,168.0,25.85993194580078,0.0,252.0,151.0,160.0,168.0,176.0,184.0,31374,168.48106384277344,172.0,22.287527084350586,0.0,226.0,155.0,164.0,172.0,179.0,186.0,0.9793957778500185,0.9767441803677664,-3.4714202880859375,-4.0,1.1602871277572766,4.322878816716935,-4.0,-4.0,-3.0
1012,fatty_liver,1,120028,163.6433563232422,162.0,18.094675064086914,15.0,255.0,144.0,153.0,162.0,172.0,184.0,21578,185.40921020507812,187.0,17.378026962280273,53.0,255.0,170.0,179.0,187.0,195.0,202.0,0.8826063994320051,0.8663101557951328,-21.765853881835938,-25.0,1.041238689646613,5.5625173785539666,-26.0,-25.0,-23.0
1013,fatty_liver,1,110825,151.55856323242188,159.0,28.34659767150879,0.0,255.0,106.0,134.0,159.0,171.0,181.0,18394,121.90589141845703,105.0,32.24372863769531,47.0,212.0,92.0,98.0,105.0,160.0,172.0,1.243242309503616,1.5142856998639458,29.652671813964844,54.0,0.8791351989991106,6.025062520059527,36.0,54.0,11.0
1014,fatty_liver,1,86975,167.6753387451172,165.0,20.90444564819336,29.0,255.0,150.0,157.0,165.0,173.0,186.0,10327,191.15097045898438,194.0,21.587406158447266,0.0,243.0,177.0,186.0,194.0,201.0,208.0,0.8771880020557238,0.8505154595334254,-23.475631713867188,-29.0,0.9683629671112837,8.422097413728856,-29.0,-29.0,-28.0
1015,fatty_liver,1,90726,182.2248992919922,180.0,18.956560134887695,17.0,255.0,164.0,172.0,180.0,190.0,203.0,24641,180.85482788085938,183.0,16.075307846069336,0.0,241.0,170.0,177.0,183.0,188.0,194.0,1.0075755257385766,0.98360655200215,1.3700714111328125,-3.0,1.1792345836965283,3.6819122599049585,-5.0,-3.0,2.0
1017,fatty_liver,1,97774,166.4548797607422,165.0,19.038570404052734,8.0,255.0,150.0,158.0,165.0,174.0,184.0,22758,183.82736206054688,187.0,21.39878273010254,0.0,253.0,171.0,179.0,187.0,194.0,201.0,0.905495661741703,0.8823529364580057,-17.372482299804688,-22.0,0.8897033889487094,4.296247473227162,-21.0,-22.0,-20.0
1019,fatty_liver,1,76016,165.9812774658203,164.0,16.981081008911133,33.0,255.0,150.0,157.0,164.0,172.0,184.0,12529,184.26641845703125,188.0,18.15683364868164,5.0,232.0,171.0,181.0,188.0,193.0,198.0,0.9007679096110357,0.8723404208918063,-18.285140991210938,-24.0,0.935244569743555,6.067204086035022,-24.0,-24.0,-21.0
1020,fatty_liver,1,109339,139.94554138183594,139.0,20.926406860351562,0.0,255.0,124.0,131.0,139.0,147.0,157.0,17259,161.61550903320312,166.0,28.00416374206543,3.0,249.0,126.0,138.0,166.0,185.0,195.0,0.8659165283894151,0.837349392546088,-21.669967651367188,-27.0,0.7472605254645474,6.33518743807085,-7.0,-27.0,-38.0
1021,fatty_liver,1,79025,178.77120971679688,178.0,12.560218811035156,85.0,255.0,166.0,172.0,178.0,184.0,191.0,22563,176.04840087890625,177.0,12.455644607543945,95.0,230.0,161.0,169.0,177.0,184.0,191.0,1.015466245696246,1.0056497118324874,2.722808837890625,1.0,1.0083956469850006,3.50241545878197,3.0,1.0,0.0
1022,fatty_liver,1,115698,152.37083435058594,151.0,11.779253005981445,15.0,216.0,140.0,145.0,151.0,158.0,166.0,34318,165.32728576660156,166.0,9.829453468322754,46.0,209.0,155.0,160.0,166.0,171.0,176.0,0.9216314942958769,0.9096385487371171,-12.956451416015625,-15.0,1.1983628434255718,3.3713503116914927,-15.0,-15.0,-13.0
1025,fatty_liver,1,94226,169.30401611328125,169.0,23.419504165649414,0.0,255.0,149.0,159.0,169.0,178.0,193.0,11066,189.36671447753906,193.0,19.23688316345215,12.0,228.0,174.0,185.0,193.0,200.0,206.0,0.8940537183967926,0.8756476638567479,-20.062698364257812,-24.0,1.2174271034050181,8.514910536009857,-26.0,-24.0,-22.0
1026,fatty_liver,1,18055,172.54078674316406,173.0,16.413305282592773,22.0,255.0,159.0,166.0,173.0,180.0,188.0,4164,174.3357391357422,184.0,29.754859924316406,14.0,219.0,131.0,175.0,184.0,190.0,196.0,0.989704042377194,0.9402173861944707,-1.794952392578125,-11.0,0.5516176104583778,4.335975022974069,-9.0,-11.0,-10.0
1027,fatty_liver,1,16311,122.59149932861328,122.0,12.938124656677246,17.0,191.0,111.0,116.0,122.0,129.0,137.0,16439,176.77481079101562,179.0,18.03009796142578,6.0,251.0,157.0,171.0,179.0,188.0,195.0,0.6934896328643346,0.6815642420024344,-54.183311462402344,-57.0,0.7175847833313349,0.9922136382388093,-55.0,-57.0,-59.0
1028,fatty_liver,1,81169,164.75973510742188,166.0,18.2498779296875,32.0,255.0,145.0,156.0,166.0,175.0,184.0,16861,193.36807250976562,198.0,23.066452026367188,0.0,251.0,173.0,188.0,198.0,206.0,213.0,0.8520524206344801,0.8383838341495766,-28.60833740234375,-32.0,0.7911870068981184,4.814008658750133,-32.0,-32.0,-31.0
1029,fatty_liver,1,99622,155.23489379882812,155.0,17.76711082458496,0.0,232.0,140.0,147.0,155.0,163.0,174.0,6893,169.82518005371094,171.0,12.408822059631348,54.0,205.0,159.0,165.0,171.0,177.0,182.0,0.9140864319157221,0.9064327432372354,-14.590286254882812,-16.0,1.4318127302810297,14.452633103952904,-18.0,-16.0,-14.0
103,fatty_liver,1,157909,149.38150024414062,149.0,17.49485206604004,2.0,248.0,132.0,140.0,149.0,158.0,169.0,32337,153.61444091796875,157.0,20.12236785888672,5.0,220.0,140.0,149.0,157.0,164.0,170.0,0.9724443768373774,0.9490445799423912,-4.232940673828125,-8.0,0.8694230877451449,4.8832297366829565,-9.0,-8.0,-6.0
103 (2),fatty_liver,1,91549,154.4068145751953,157.0,26.704343795776367,0.0,255.0,138.0,148.0,157.0,166.0,175.0,18246,182.07618713378906,185.0,21.317445755004883,0.0,246.0,168.0,178.0,185.0,192.0,199.0,0.8480340903322164,0.8486486440613586,-27.66937255859375,-28.0,1.2526989795110783,5.017483283732463,-30.0,-28.0,-26.0
1030,fatty_liver,1,72056,161.75213623046875,161.0,17.114036560058594,23.0,254.0,145.0,154.0,161.0,169.0,178.0,14772,188.27816772460938,191.0,14.743386268615723,48.0,223.0,175.0,184.0,191.0,196.0,201.0,0.8591125425011983,0.8429319327595187,-26.526031494140625,-30.0,1.1607940731835267,4.877877064386821,-30.0,-30.0,-27.0
1033,fatty_liver,1,105305,149.5398712158203,149.0,14.696441650390625,2.0,235.0,133.0,141.0,149.0,158.0,167.0,35955,159.8278350830078,161.0,12.554455757141113,4.0,211.0,147.0,154.0,161.0,167.0,173.0,0.935630956913886,0.9254658327610819,-10.2879638671875,-12.0,1.1706154981203092,2.928799888668369,-13.0,-12.0,-9.0
1034,fatty_liver,1,124285,163.79434204101562,164.0,14.334187507629395,0.0,245.0,148.0,156.0,164.0,172.0,180.0,23925,173.86871337890625,178.0,21.68229866027832,4.0,235.0,159.0,170.0,178.0,185.0,191.0,0.9420575899817383,0.9213483094306275,-10.074371337890625,-14.0,0.6611008856172867,5.1947753393857985,-14.0,-14.0,-13.0
1035,fatty_liver,1,23457,147.45901489257812,148.0,12.46366024017334,23.0,191.0,136.0,142.0,148.0,154.0,160.0,5819,155.76869201660156,158.0,17.091962814331055,13.0,210.0,138.0,149.0,158.0,166.0,173.0,0.9466537340520806,0.9367088548309567,-8.309677124023438,-10.0,0.729211714672773,4.031105000166505,-7.0,-10.0,-12.0
1036,fatty_liver,1,119204,165.56060791015625,165.0,12.293025016784668,0.0,242.0,153.0,159.0,165.0,172.0,179.0,25143,181.00946044921875,182.0,14.924891471862793,44.0,255.0,167.0,175.0,182.0,190.0,196.0,0.9146516794460681,0.9065934016121242,-15.4488525390625,-17.0,0.8236592015627676,4.741041243895277,-16.0,-17.0,-18.0
1037,fatty_liver,1,129980,155.48472595214844,155.0,13.692635536193848,0.0,227.0,141.0,148.0,155.0,163.0,171.0,26660,154.59779357910156,157.0,15.170795440673828,49.0,206.0,136.0,148.0,157.0,164.0,171.0,1.0057370247451562,0.9872611402085277,0.886932373046875,-2.0,0.9025653722096659,4.875468867033928,0.0,-2.0,-1.0
1039,fatty_liver,1,115534,166.77053833007812,166.0,16.423381805419922,48.0,255.0,150.0,158.0,166.0,175.0,185.0,8622,166.61865234375,173.0,27.14582633972168,8.0,218.0,145.0,163.0,173.0,180.0,186.0,1.0009115725237245,0.9595375667078754,0.151885986328125,-7.0,0.6050057564975401,13.399907212549303,-5.0,-7.0,-5.0
1040,fatty_liver,1,108306,164.099609375,163.0,19.4204158782959,0.0,255.0,147.0,155.0,163.0,172.0,182.0,25024,174.49595642089844,177.0,20.640602111816406,0.0,244.0,158.0,169.0,177.0,185.0,192.0,0.9404206939830612,0.9209039495994127,-10.396347045898438,-14.0,0.9408841288740264,4.328085038190214,-14.0,-14.0,-13.0
1041,fatty_liver,1,125147,167.1759490966797,167.0,14.435617446899414,14.0,253.0,153.0,159.0,167.0,174.0,182.0,9365,182.93411254882812,187.0,24.586881637573242,1.0,242.0,165.0,178.0,187.0,195.0,203.0,0.9138587978674502,0.8930481235665876,-15.758163452148438,-20.0,0.5871267886901268,13.363267483890734,-19.0,-20.0,-21.0
1042,fatty_liver,1,81618,179.07489013671875,177.0,17.875810623168945,2.0,255.0,164.0,170.0,177.0,185.0,195.0,27405,182.7702178955078,184.0,11.63636302947998,16.0,255.0,172.0,178.0,184.0,189.0,194.0,0.9797815597031061,0.9619565165111059,-3.6953277587890625,-7.0,1.5362024235303853,2.9782156539690487,-8.0,-7.0,-4.0
1043,fatty_liver,1,115129,166.73765563964844,166.0,15.407638549804688,3.0,252.0,151.0,159.0,166.0,174.0,182.0,8318,98.84551239013672,98.0,20.0537052154541,42.0,172.0,74.0,85.0,98.0,112.0,125.0,1.6868510256155576,1.6938775337359435,67.89214324951172,68.0,0.7683187528662911,13.840947341447349,74.0,68.0,62.0
1044,fatty_liver,1,92438,157.90182495117188,159.0,15.144911766052246,7.0,220.0,145.0,152.0,159.0,165.0,172.0,24291,162.85501098632812,163.0,17.703533172607422,1.0,248.0,146.0,155.0,163.0,172.0,182.0,0.9695852956888298,0.9754601167149686,-4.95318603515625,-4.0,0.8554739194101639,3.805442344744743,-3.0,-4.0,-7.0
1045,fatty_liver,1,130378,178.12265014648438,177.0,18.444910049438477,0.0,255.0,159.0,167.0,177.0,187.0,200.0,19768,188.14320373535156,193.0,23.80331039428711,0.0,246.0,165.0,183.0,193.0,201.0,208.0,0.9467397475079559,0.9170984408440496,-10.020553588867188,-16.0,0.774888407075384,6.595406717594324,-16.0,-16.0,-14.0
1046,fatty_liver,1,139143,128.83847045898438,128.0,17.510643005371094,0.0,245.0,108.0,118.0,128.0,139.0,150.0,3951,159.32928466796875,163.0,21.64963722229004,11.0,204.0,144.0,155.0,163.0,171.0,178.0,0.808630189477375,0.7852760688019873,-30.490814208984375,-35.0,0.8088191971421712,35.21716020369092,-37.0,-35.0,-32.0
1047,fatty_liver,1,116042,166.0196075439453,166.0,16.168142318725586,6.0,246.0,151.0,159.0,166.0,174.0,182.0,15559,171.0010986328125,175.0,22.923004150390625,1.0,246.0,148.0,164.0,175.0,184.0,193.0,0.9708686546486318,0.9485714231510205,-4.9814910888671875,-9.0,0.7053238531619869,7.4581913999962595,-5.0,-9.0,-10.0
1048,fatty_liver,1,128289,157.20355224609375,157.0,13.456243515014648,13.0,225.0,143.0,150.0,157.0,165.0,172.0,23234,159.91021728515625,162.0,20.34615135192871,0.0,232.0,145.0,154.0,162.0,170.0,178.0,0.9830738393825722,0.9691357964868161,-2.7066650390625,-5.0,0.6613655143371157,5.521606266440492,-4.0,-5.0,-5.0
1049,fatty_liver,1,136751,136.71548461914062,136.0,15.726751327514648,9.0,221.0,118.0,127.0,136.0,146.0,156.0,20001,159.30783081054688,162.0,19.566444396972656,0.0,201.0,148.0,156.0,162.0,168.0,174.0,0.858184328198794,0.8395061676573693,-22.59234619140625,-26.0,0.803761286653932,6.837208139251177,-29.0,-26.0,-22.0
105,fatty_liver,1,124957,190.98194885253906,193.0,17.386728286743164,0.0,255.0,174.0,184.0,193.0,200.0,207.0,23100,190.072509765625,193.0,20.020593643188477,0.0,255.0,176.0,186.0,193.0,200.0,205.0,1.0047846902387452,0.9999999948186529,0.9094390869140625,0.0,0.8684421515251335,5.4093939391597665,-2.0,0.0,0.0
1051,fatty_liver,1,126246,151.76885986328125,150.0,16.60858726501465,17.0,240.0,135.0,142.0,150.0,159.0,171.0,17345,177.6137237548828,180.0,16.430761337280273,22.0,242.0,166.0,173.0,180.0,186.0,191.0,0.854488357094763,0.8333333287037037,-25.844863891601562,-30.0,1.0108226827267108,7.278524069917641,-31.0,-30.0,-27.0
1052,fatty_liver,1,38330,152.64923095703125,152.0,13.977804183959961,23.0,236.0,139.0,146.0,152.0,159.0,166.0,10188,173.59304809570312,178.0,23.72279930114746,0.0,223.0,160.0,169.0,178.0,185.0,192.0,0.8793510555418299,0.8539325794722888,-20.943817138671875,-26.0,0.5892139210598953,3.762269336104999,-23.0,-26.0,-26.0
1053,fatty_liver,1,97604,178.8841094970703,180.0,21.104480743408203,0.0,255.0,164.0,173.0,180.0,188.0,196.0,19909,186.48988342285156,189.0,19.43827247619629,14.0,254.0,169.0,179.0,189.0,197.0,204.0,0.959216152933337,0.9523809473418997,-7.60577392578125,-9.0,1.0857178632275297,4.902506403892586,-6.0,-9.0,-9.0
1054,fatty_liver,1,82951,190.741455078125,189.0,16.81610870361328,55.0,255.0,177.0,183.0,189.0,195.0,205.0,22601,210.4146728515625,211.0,13.149663925170898,22.0,255.0,198.0,204.0,211.0,217.0,224.0,0.9065026292447835,0.8957345929112105,-19.6732177734375,-22.0,1.278824122082695,3.670235830110604,-21.0,-22.0,-22.0
1055,fatty_liver,1,90281,171.7989044189453,172.0,12.009539604187012,22.0,255.0,160.0,166.0,172.0,178.0,184.0,13236,179.5126953125,182.0,17.047639846801758,14.0,242.0,165.0,175.0,182.0,188.0,194.0,0.9570292683915441,0.9450549398623355,-7.7137908935546875,-10.0,0.7044692994245051,6.820867331004769,-9.0,-10.0,-10.0
1056,fatty_liver,1,100457,155.17686462402344,154.0,16.097339630126953,25.0,253.0,141.0,147.0,154.0,161.0,169.0,37197,172.79275512695312,174.0,14.210009574890137,40.0,244.0,160.0,167.0,174.0,181.0,187.0,0.8980519097109195,0.8850574661778307,-17.615890502929688,-20.0,1.1328168649340649,2.700674785528385,-20.0,-20.0,-20.0
1057,fatty_liver,1,117761,164.86871337890625,163.0,19.839677810668945,7.0,255.0,147.0,155.0,163.0,172.0,184.0,22812,183.69577026367188,186.0,20.213397979736328,33.0,253.0,162.0,176.0,186.0,195.0,204.0,0.8975095738173429,0.8763440813099781,-18.827056884765625,-23.0,0.9815112159294914,5.1622391721391265,-21.0,-23.0,-23.0
1059,fatty_liver,1,100289,168.27651977539062,168.0,17.730213165283203,14.0,254.0,151.0,160.0,168.0,177.0,186.0,6657,183.43458557128906,186.0,16.64776039123535,43.0,226.0,170.0,178.0,186.0,192.0,198.0,0.9173652740236777,0.9032258015955602,-15.158065795898438,-18.0,1.065020860679667,15.065194529808442,-18.0,-18.0,-15.0
106,fatty_liver,1,118845,148.37828063964844,148.0,16.509389877319336,7.0,251.0,131.0,139.0,148.0,157.0,167.0,23861,165.07342529296875,167.0,16.773008346557617,13.0,212.0,151.0,160.0,167.0,174.0,180.0,0.8988623061370876,0.8862275396034279,-16.695144653320312,-19.0,0.9842831143898226,4.9807216795196885,-21.0,-19.0,-17.0
1060,fatty_liver,1,102181,169.64073181152344,169.0,16.234567642211914,10.0,255.0,151.0,160.0,169.0,179.0,188.0,12546,171.42459106445312,174.0,18.952693939208984,9.0,234.0,154.0,164.0,174.0,182.0,190.0,0.989593906968383,0.9712643622341128,-1.7838592529296875,-5.0,0.8565835990229622,8.144508209138808,-4.0,-5.0,-3.0
1061,fatty_liver,1,105134,165.01004028320312,164.0,16.574064254760742,0.0,255.0,148.0,156.0,164.0,173.0,183.0,7049,171.28131103515625,178.0,25.923200607299805,0.0,210.0,152.0,170.0,178.0,184.0,189.0,0.9633861296516346,0.9213483094306275,-6.271270751953125,-14.0,0.6393525192541647,14.91473967727128,-14.0,-14.0,-11.0
1062,fatty_liver,1,88667,179.48716735839844,178.0,17.22817611694336,0.0,255.0,164.0,171.0,178.0,185.0,195.0,35395,191.7229766845703,193.0,14.066258430480957,0.0,255.0,177.0,185.0,193.0,200.0,207.0,0.9361797397790124,0.9222797879674622,-12.235809326171875,-15.0,1.2247873147860953,2.5050713376887956,-14.0,-15.0,-15.0
1063,fatty_liver,1,118474,132.1973876953125,127.0,26.70073699951172,13.0,255.0,110.0,118.0,127.0,138.0,156.0,10943,194.8428192138672,197.0,15.37122917175293,75.0,233.0,180.0,189.0,197.0,204.0,211.0,0.6784822122273093,0.6446700474889845,-62.64543151855469,-70.0,1.737059213944929,10.826464405480538,-71.0,-70.0,-66.0
1064,fatty_liver,1,137255,168.8174591064453,168.0,16.455310821533203,18.0,255.0,152.0,160.0,168.0,177.0,186.0,21484,173.11361694335938,175.5,16.829858779907227,0.0,215.0,158.0,168.0,175.5,182.0,189.0,0.9751830105109368,0.9572649518104561,-4.2961578369140625,-7.5,0.977744974511244,6.388707875331004,-8.0,-7.5,-5.0
1065,fatty_liver,1,119044,163.850341796875,165.0,13.641633987426758,0.0,236.0,149.0,157.0,165.0,172.0,179.0,23960,166.2436981201172,167.0,13.763980865478516,62.0,241.0,152.0,160.0,167.0,175.0,181.0,0.9856033200902676,0.9880239461794973,-2.3933563232421875,-2.0,0.9911110113884545,4.968447412146559,-3.0,-2.0,-3.0
1066,fatty_liver,1,89202,178.77230834960938,178.0,15.758434295654297,47.0,255.0,164.0,171.0,178.0,186.0,195.0,25753,182.06336975097656,183.0,15.377581596374512,67.0,246.0,165.0,175.0,183.0,191.0,199.0,0.9819235336147398,0.9726775903132372,-3.2910614013671875,-5.0,1.024766682077167,3.463751795772774,-4.0,-5.0,-5.0
1069,fatty_liver,1,102027,174.48008728027344,170.0,24.390859603881836,0.0,255.0,153.0,161.0,170.0,181.0,211.0,25455,188.004638671875,189.0,16.641958236694336,16.0,255.0,174.0,182.0,189.0,195.0,203.0,0.9280626668830834,0.8994708947117942,-13.524551391601562,-19.0,1.4656242847958505,4.00813199748544,-21.0,-19.0,-14.0
107,fatty_liver,1,135416,176.6249542236328,175.0,21.22511100769043,0.0,255.0,159.0,167.0,175.0,184.0,199.0,29766,187.31565856933594,189.0,18.32805061340332,0.0,249.0,174.0,183.0,189.0,196.0,202.0,0.9429267933589616,0.925925921026847,-10.690704345703125,-14.0,1.1580669596198914,4.549351609065734,-16.0,-14.0,-12.0
1070,fatty_liver,1,104481,176.10975646972656,175.0,16.589616775512695,1.0,255.0,161.0,168.0,175.0,183.0,193.0,13444,185.78146362304688,190.0,24.828237533569336,0.0,245.0,171.0,182.0,190.0,198.0,204.0,0.9479404031347027,0.921052626731302,-9.671707153320312,-15.0,0.6681753420840746,7.771570960445435,-14.0,-15.0,-15.0
1072,fatty_liver,1,137230,138.56488037109375,137.0,24.52570915222168,0.0,234.0,119.0,127.0,137.0,150.0,168.0,27033,166.5641326904297,168.0,17.237327575683594,0.0,217.0,154.0,161.0,168.0,175.0,182.0,0.8319010659799403,0.8154761856221656,-27.999252319335938,-31.0,1.4228254131454963,5.076388118038087,-34.0,-31.0,-25.0
1073,fatty_liver,1,125127,151.4096221923828,151.0,12.794967651367188,28.0,232.0,137.0,144.0,151.0,159.0,166.0,19633,163.03453063964844,166.0,15.428349494934082,0.0,204.0,144.0,154.0,166.0,173.0,179.0,0.9286966427887811,0.9096385487371171,-11.624908447265625,-15.0,0.8293153344920724,6.373300055703494,-10.0,-15.0,-14.0
1075,fatty_liver,1,97095,162.6592559814453,163.0,19.429588317871094,12.0,252.0,142.0,153.0,163.0,174.0,184.0,22041,172.9676513671875,175.0,18.22476577758789,9.0,251.0,158.0,167.0,175.0,183.0,190.0,0.9404027501982924,0.9314285661061225,-10.308395385742188,-12.0,1.0661090237799282,4.405199400916238,-14.0,-12.0,-9.0
1076,fatty_liver,1,121696,158.5518798828125,158.0,13.241569519042969,0.0,247.0,144.0,151.0,158.0,166.0,174.0,10614,169.7735137939453,175.0,23.671905517578125,2.0,230.0,153.0,167.0,175.0,181.0,186.0,0.9339023231936233,0.9028571376979593,-11.221633911132812,-17.0,0.5593790896905635,11.465611455486563,-16.0,-17.0,-15.0
1079,fatty_liver,1,105585,173.1700897216797,172.0,23.303773880004883,0.0,255.0,156.0,164.0,172.0,181.0,195.0,14722,192.05691528320312,194.0,17.638154983520508,6.0,241.0,178.0,187.0,194.0,201.0,208.0,0.9016602633894563,0.8865979335742374,-18.886825561523438,-22.0,1.321213731286752,7.171919575657389,-23.0,-22.0,-20.0
1080,fatty_liver,1,15151,128.18209838867188,128.0,9.26593017578125,32.0,181.0,118.0,123.0,128.0,134.0,139.0,13511,158.39102172851562,159.0,16.06515121459961,19.0,224.0,147.0,154.0,159.0,165.0,170.0,0.8092762846059637,0.8050314414777897,-30.20892333984375,-31.0,0.5767720126150192,1.121382577076354,-31.0,-31.0,-31.0
1081,fatty_liver,1,148870,178.24069213867188,176.0,18.341657638549805,31.0,255.0,161.0,169.0,176.0,185.0,196.0,16784,193.9115753173828,196.0,15.951604843139648,13.0,234.0,183.0,189.0,196.0,202.0,207.0,0.9191854118443049,0.897959179092045,-15.670883178710938,-20.0,1.1498314225484736,8.869756910815672,-20.0,-20.0,-17.0
1082,fatty_liver,1,115845,173.77005004882812,174.0,13.852925300598145,20.0,251.0,160.0,167.0,174.0,181.0,189.0,33627,187.859375,190.0,14.40550708770752,0.0,230.0,176.0,184.0,190.0,195.0,201.0,0.9250006773621356,0.9157894688642659,-14.089324951171875,-16.0,0.961640867941277,3.4449995538274303,-17.0,-16.0,-14.0
1083,fatty_liver,1,118036,137.13363647460938,136.0,15.800342559814453,16.0,246.0,120.0,127.0,136.0,144.0,155.0,18499,171.69398498535156,174.0,19.19303321838379,0.0,220.0,160.800048828125,168.0,174.0,180.0,186.0,0.7987096093529404,0.781609190910292,-34.56034851074219,-38.0,0.82323317824757,6.380669225018614,-41.0,-38.0,-36.0
1084,fatty_liver,1,35205,133.95724487304688,136.0,19.93947410583496,55.0,233.0,104.0,126.0,136.0,145.0,155.0,4487,168.1517791748047,172.0,15.659341812133789,66.0,220.0,143.0,165.0,172.0,177.0,183.0,0.7966448213262425,0.7906976698215252,-34.19453430175781,-36.0,1.2733276450391438,7.845999552519277,-39.0,-36.0,-32.0
1085,fatty_liver,1,139775,168.1232452392578,168.0,15.365873336791992,5.0,252.0,152.0,160.0,168.0,176.0,184.0,17890,178.64517211914062,181.0,22.223243713378906,0.0,236.0,162.0,172.0,181.0,190.0,198.0,0.94110152714361,0.9281767904520619,-10.521926879882812,-13.0,0.6914324858935375,7.81302403533745,-12.0,-13.0,-14.0
1086,fatty_liver,1,125424,163.1631317138672,165.0,23.12883186340332,0.0,255.0,145.0,156.0,165.0,174.0,183.0,28185,181.31077575683594,184.0,18.146320343017578,0.0,250.0,170.0,177.0,184.0,190.0,196.0,0.8999086244757124,0.8967391255612004,-18.14764404296875,-19.0,1.2745741368843848,4.450026609740996,-21.0,-19.0,-16.0
1087,fatty_liver,1,86524,109.70862579345703,101.0,28.039886474609375,51.0,255.0,88.0,94.0,101.0,114.0,143.0,13038,203.7606964111328,205.0,14.538066864013672,82.0,255.0,191.0,199.0,205.0,212.0,217.0,0.538418974745141,0.492682924425937,-94.05207061767578,-104.0,1.9287216662412883,6.636293909599916,-105.0,-104.0,-98.0
1088,fatty_liver,1,24892,101.86316680908203,98.0,19.41192054748535,36.0,255.0,86.0,91.0,98.0,106.0,119.0,3603,95.5900650024414,95.0,5.7641096115112305,61.0,123.0,89.0,92.0,95.0,99.0,103.0,1.0656250285095568,1.0315789365096955,6.273101806640625,3.0,3.367721727740396,6.908687203189373,-1.0,3.0,7.0
1089,fatty_liver,1,125292,147.40684509277344,145.0,18.60537338256836,0.0,255.0,130.0,137.0,145.0,154.0,165.0,20138,180.32818603515625,186.0,25.08208656311035,0.0,240.0,151.0,164.0,186.0,198.0,206.0,0.8174365168105163,0.7795698882818823,-32.92134094238281,-41.0,0.7417793010950308,6.221670473422303,-27.0,-41.0,-44.0
1090,fatty_liver,1,128122,176.31092834472656,177.0,15.396245956420898,2.0,255.0,165.0,171.0,177.0,183.0,189.0,33152,181.96563720703125,183.0,14.784132957458496,17.0,239.0,170.0,177.0,183.0,189.0,195.0,0.9689242984663343,0.9672131094687808,-5.6547088623046875,-6.0,1.0414033044291782,3.8646838801923056,-6.0,-6.0,-6.0
1092,fatty_liver,1,153423,170.5777587890625,170.0,15.557851791381836,6.0,254.0,155.0,163.0,170.0,179.0,187.0,24747,183.6079559326172,186.0,18.680479049682617,11.0,249.0,165.0,177.0,186.0,194.0,202.0,0.9290324974949933,0.9139784897097931,-13.030197143554688,-16.0,0.8328400421190548,6.199660564666438,-14.0,-16.0,-15.0
1093,fatty_liver,1,136070,106.87748718261719,104.0,17.875106811523438,39.0,240.0,91.0,97.0,104.0,112.0,122.0,20306,183.8344268798828,185.0,15.842700958251953,25.0,255.0,169.0,178.0,185.0,193.0,199.0,0.581379061665483,0.5621621591234478,-76.95693969726562,-81.0,1.1282865043240222,6.700975080926772,-81.0,-81.0,-81.0
1094,fatty_liver,1,101584,110.46343994140625,108.0,19.366079330444336,17.0,248.0,93.0,100.0,108.0,116.0,129.0,15500,183.4143829345703,185.0,14.733336448669434,54.0,253.0,170.0,179.0,185.0,191.0,196.0,0.6022615978734364,0.5837837806281958,-72.95094299316406,-77.0,1.3144394064084433,6.553806451190077,-79.0,-77.0,-75.0
1095,fatty_liver,1,158214,156.8470001220703,157.0,18.235523223876953,0.0,245.0,140.0,148.0,157.0,166.0,176.0,23862,165.67526245117188,170.0,24.629018783569336,0.0,226.0,148.10009765625,160.0,170.0,178.0,186.0,0.9467134492790262,0.92352940633218,-8.828262329101562,-13.0,0.7404079977247957,6.630374653984143,-12.0,-13.0,-12.0
1096,fatty_liver,1,91084,154.0594940185547,157.0,21.576555252075195,0.0,229.0,142.0,150.0,157.0,163.0,170.0,10037,158.4278106689453,162.0,20.763822555541992,0.0,209.0,143.0,155.0,162.0,169.0,175.0,0.9724270782738654,0.9691357964868161,-4.368316650390625,-5.0,1.039141716570611,9.074823153424845,-5.0,-5.0,-6.0
1098,fatty_liver,1,77187,181.43104553222656,183.0,16.698049545288086,50.0,255.0,168.0,176.0,183.0,189.0,195.0,8516,185.0881805419922,188.0,14.770463943481445,77.0,214.0,172.0,181.0,188.0,193.0,198.0,0.9802411154548195,0.9734042501414668,-3.657135009765625,-5.0,1.1305026354405538,9.063762328667947,-5.0,-5.0,-4.0
1099,fatty_liver,1,115934,182.87767028808594,181.0,16.606969833374023,33.0,255.0,166.0,173.0,181.0,190.0,200.0,9007,222.36204528808594,223.0,13.900678634643555,114.0,255.0,205.0,214.0,223.0,232.0,239.0,0.8224320352366017,0.8116591891853848,-39.484375,-42.0,1.1946876174302872,12.871544352961969,-41.0,-42.0,-42.0
1100,fatty_liver,1,127436,148.69480895996094,147.0,17.363903045654297,4.0,255.0,133.0,139.0,147.0,155.0,165.0,15531,175.68881225585938,179.0,19.32674217224121,9.0,233.0,161.0,171.0,179.0,185.0,192.0,0.846353311883401,0.8212290456914578,-26.994003295898438,-32.0,0.898439167474108,8.205266885055355,-32.0,-32.0,-30.0
1101,fatty_liver,1,114346,160.8153533935547,159.0,19.160804748535156,6.0,255.0,144.0,152.0,159.0,168.0,178.0,18039,184.28460693359375,188.0,22.778072357177734,1.0,235.0,167.0,179.0,188.0,196.0,203.0,0.8726466914236477,0.8457446763524219,-23.469253540039062,-29.0,0.8411951462302794,6.338821442078895,-27.0,-29.0,-28.0
1102,fatty_liver,1,107714,165.1344451904297,166.0,20.37070655822754,0.0,255.0,150.0,158.0,166.0,173.0,182.0,19544,179.6277618408203,182.0,20.51918601989746,1.0,229.0,165.0,174.0,182.0,190.0,197.0,0.9193147127082238,0.91208790707644,-14.493316650390625,-16.0,0.9927638233656167,5.51135898457269,-16.0,-16.0,-17.0
1103,fatty_liver,1,92789,131.59848022460938,133.0,19.06840705871582,0.0,214.0,113.0,125.0,133.0,141.0,149.0,14554,154.68475341796875,156.0,13.935750961303711,57.0,255.0,142.0,149.0,156.0,161.0,167.0,0.8507527501321902,0.8525640970989481,-23.086273193359375,-23.0,1.3683084423190282,6.375498144401848,-24.0,-23.0,-20.0
1104,fatty_liver,1,67411,147.9424591064453,148.0,14.942422866821289,20.0,255.0,135.0,142.0,148.0,155.0,163.0,24320,162.796875,164.0,12.66266918182373,0.0,200.0,154.0,159.0,164.0,169.0,173.0,0.9087549020685466,0.902439018887567,-14.854415893554688,-16.0,1.1800372790464024,2.771833881464974,-17.0,-16.0,-14.0
1106,fatty_liver,1,99296,166.84799194335938,166.0,14.139963150024414,29.0,238.0,152.0,158.0,166.0,174.0,184.0,10565,162.7583465576172,166.0,18.231082916259766,0.0,214.0,145.0,157.0,166.0,173.0,179.0,1.0251270945368527,0.9999999939759037,4.0896453857421875,0.0,0.7755964052918103,9.398580216810357,1.0,0.0,1.0
1108,fatty_liver,1,28290,152.97900390625,153.0,11.490509033203125,53.0,216.0,140.0,147.0,153.0,159.0,166.0,7074,179.68984985351562,179.0,23.61345863342285,22.0,237.0,158.0,168.0,179.0,198.0,206.0,0.8513502748185791,0.8547485985768235,-26.710845947265625,-26.0,0.4866084517721106,3.9991518230139733,-21.0,-26.0,-39.0
1109,fatty_liver,1,106168,166.44198608398438,167.0,19.09978675842285,2.0,250.0,147.0,158.0,167.0,177.0,186.0,11298,173.92706298828125,176.0,18.830236434936523,12.0,235.0,154.0,166.0,176.0,186.0,194.0,0.9569642715017532,0.9488636309723657,-7.485076904296875,-9.0,1.0143147065679703,9.397061425969458,-8.0,-9.0,-9.0
111,fatty_liver,1,187439,148.5375213623047,148.0,19.625896453857422,0.0,253.0,127.0,137.0,148.0,159.0,171.0,16452,164.66539001464844,167.0,17.868513107299805,8.0,252.0,146.0,158.0,167.0,175.0,183.0,0.9020567129925375,0.8862275396034279,-16.12786865234375,-19.0,1.0983507826115029,11.393082907160643,-21.0,-19.0,-16.0
1110,fatty_liver,1,121460,171.75155639648438,171.0,16.797353744506836,14.0,255.0,153.0,162.0,171.0,181.0,192.0,16740,182.92025756835938,185.0,22.2684383392334,0.0,255.0,167.0,177.0,185.0,194.0,202.0,0.9389422349427681,0.9243243193279767,-11.168701171875,-14.0,0.7543121225793586,7.255675029435145,-15.0,-14.0,-13.0
1111,fatty_liver,1,121813,155.8809814453125,157.0,15.032761573791504,0.0,218.0,143.0,150.0,157.0,163.0,170.0,33027,161.1183624267578,164.0,18.325469970703125,5.0,226.0,146.0,156.0,164.0,171.0,178.0,0.9674935750956398,0.9573170673334326,-5.2373809814453125,-7.0,0.8203206126502469,3.6882853421840225,-6.0,-7.0,-8.0
1113,fatty_liver,1,17423,166.14056396484375,166.0,12.556485176086426,40.0,233.0,153.0,159.0,166.0,173.0,181.0,3449,175.7616729736328,182.0,28.183717727661133,5.0,220.0,154.0,174.0,182.0,189.0,197.0,0.9452604780594409,0.91208790707644,-9.621109008789062,-16.0,0.4455226543175356,5.051609160611305,-15.0,-16.0,-16.0
1114,fatty_liver,1,107845,165.79098510742188,166.0,16.814197540283203,2.0,247.0,150.0,159.0,166.0,175.0,183.0,16553,165.4518280029297,169.0,20.527198791503906,0.0,209.0,153.0,162.0,169.0,175.0,181.0,1.0020498782427252,0.9822485148979377,0.3391571044921875,-3.0,0.8191179367408167,6.515133208088254,-3.0,-3.0,0.0
1116,fatty_liver,1,101973,166.2864227294922,166.0,13.52136516571045,7.0,243.0,152.0,159.0,166.0,173.0,181.0,3356,174.3182373046875,175.0,12.6468505859375,51.0,205.0,164.0,169.0,175.0,181.0,186.0,0.9539244105877398,0.9485714231510205,-8.031814575195312,-9.0,1.0691487184640764,30.385280086297595,-10.0,-9.0,-8.0
1117,fatty_liver,1,98753,171.4932403564453,172.0,15.052058219909668,24.0,252.0,156.0,164.0,172.0,180.0,187.0,11800,167.22296142578125,169.0,15.953535079956055,20.0,211.0,156.0,163.0,169.0,175.0,180.0,1.0255364327286054,1.0177514732677428,4.2702789306640625,3.0,0.9434935392675108,8.368898304375517,1.0,3.0,5.0
1118,fatty_liver,1,110786,180.31480407714844,180.0,20.402774810791016,0.0,255.0,166.0,173.0,180.0,188.0,197.0,20435,192.87164306640625,195.0,18.948257446289062,22.0,249.0,176.0,186.0,195.0,203.0,211.0,0.9348953546280009,0.9230769183431953,-12.556838989257812,-15.0,1.0767625356507005,5.4213848786189685,-13.0,-15.0,-15.0
1119,fatty_liver,1,113998,172.01583862304688,172.0,20.194873809814453,0.0,255.0,155.0,163.0,172.0,180.0,190.0,22004,197.1729278564453,199.0,20.88426971435547,0.0,255.0,183.0,192.0,199.0,206.0,214.0,0.8724110334045175,0.8643216036968764,-25.157089233398438,-27.0,0.9669896586780434,5.1807853115260505,-29.0,-27.0,-26.0
1120,fatty_liver,1,92306,167.93138122558594,168.0,16.912887573242188,2.0,255.0,152.0,160.0,168.0,176.0,185.0,14479,182.40016174316406,185.0,18.34018325805664,35.0,235.0,169.0,178.0,185.0,192.0,198.0,0.9206756107013376,0.9081081031994157,-14.468780517578125,-17.0,0.9221765351573576,6.375164030224797,-18.0,-17.0,-16.0
1122,fatty_liver,1,92702,133.84434509277344,131.0,21.82882308959961,0.0,254.0,114.0,121.0,131.0,141.0,156.0,16176,180.50668334960938,184.0,21.252111434936523,0.0,227.0,165.0,176.0,184.0,191.0,197.0,0.7414924581603899,0.7119565178698015,-46.66233825683594,-53.0,1.0271366273084,5.730835805778262,-55.0,-53.0,-50.0
1124,fatty_liver,1,139947,165.6351318359375,166.0,19.566410064697266,0.0,255.0,150.0,158.0,166.0,174.0,183.0,34095,189.21759033203125,192.0,22.295503616333008,1.0,255.0,173.0,183.0,192.0,201.0,208.0,0.875368567319345,0.8645833288302952,-23.58245849609375,-26.0,0.8775944030602254,4.104619445546132,-25.0,-26.0,-27.0
1125,fatty_liver,1,137226,172.8494415283203,171.0,22.71636199951172,8.0,255.0,155.0,163.0,171.0,180.0,196.0,21501,183.48011779785156,185.0,17.43536949157715,1.0,249.0,165.0,175.0,185.0,193.0,202.0,0.9420608764634409,0.9243243193279767,-10.63067626953125,-14.0,1.30288954917739,6.3823077993403885,-12.0,-14.0,-13.0
1126,fatty_liver,1,134073,152.55442810058594,152.0,19.100770950317383,56.0,248.0,135.0,144.0,152.0,160.0,170.0,17352,179.0765838623047,179.0,11.195847511291504,105.0,240.0,167.0,173.0,179.0,185.0,191.0,0.8518948930028338,0.8491620064292625,-26.52215576171875,-27.0,1.7060583600299182,7.726659750592055,-29.0,-27.0,-25.0
1127,fatty_liver,1,133641,162.79147338867188,161.0,18.21489143371582,0.0,255.0,145.0,153.0,161.0,170.0,181.0,10655,183.48089599609375,189.0,27.16826629638672,0.0,232.0,164.0,181.0,189.0,196.0,203.0,0.8872393587226558,0.8518518473446992,-20.689422607421875,-28.0,0.6704472992334823,12.542562176204358,-28.0,-28.0,-26.0
1129,fatty_liver,1,117729,149.30029296875,148.0,17.782997131347656,22.0,255.0,131.0,139.0,148.0,158.0,168.0,18477,182.94570922851562,187.0,17.74282455444336,51.0,237.0,160.0,179.0,187.0,193.0,199.0,0.8160907013466483,0.7914438460350597,-33.645416259765625,-39.0,1.0022641025681638,6.371651241739912,-40.0,-39.0,-35.0
1130,fatty_liver,1,109042,157.38014221191406,158.0,14.826898574829102,1.0,227.0,143.0,151.0,158.0,166.0,173.0,14936,166.98419189453125,170.0,21.3870792388916,5.0,220.0,152.0,162.0,170.0,178.0,185.0,0.9424852705148973,0.9294117592387544,-9.604049682617188,-12.0,0.6932642702610216,7.300615960946664,-11.0,-12.0,-12.0
1131,fatty_liver,1,98213,172.73782348632812,172.0,17.60726547241211,32.0,255.0,154.0,163.0,172.0,181.0,191.0,25167,185.69741821289062,187.0,15.396639823913574,43.0,234.0,173.0,181.0,187.0,194.0,200.0,0.9302112232819718,0.9197860913380423,-12.9595947265625,-15.0,1.143578373606343,3.902451623002247,-18.0,-15.0,-13.0
1133,fatty_liver,1,123319,166.05572509765625,167.0,19.775758743286133,0.0,246.0,151.0,159.0,167.0,175.0,184.0,15436,175.88572692871094,179.0,23.09369659423828,0.0,232.0,162.0,172.0,179.0,187.0,194.0,0.9441114242365423,0.9329608886426766,-9.830001831054688,-12.0,0.8563270850234069,7.9890515672461095,-13.0,-12.0,-12.0
1134,fatty_liver,1,120123,170.13198852539062,169.0,15.129777908325195,0.0,255.0,156.0,162.0,169.0,176.0,185.0,15542,174.6416778564453,177.0,13.92151165008545,0.0,220.0,161.0,170.0,177.0,183.0,188.0,0.9741774680558263,0.9548022544926427,-4.5096893310546875,-8.0,1.0867912337264825,7.728928065388693,-8.0,-8.0,-7.0
1135,fatty_liver,1,118501,153.9585723876953,152.0,16.694034576416016,11.0,254.0,137.0,144.0,152.0,161.0,172.0,18961,175.14535522460938,178.0,20.84908676147461,0.0,225.0,161.0,170.0,178.0,186.0,192.0,0.8790331397097176,0.8539325794722888,-21.186782836914062,-26.0,0.8007081541123161,6.2497231155398065,-26.0,-26.0,-25.0
1137,fatty_liver,1,138808,160.73513793945312,159.0,16.652915954589844,12.0,253.0,144.0,151.0,159.0,167.0,177.0,17643,177.1025390625,180.0,17.528223037719727,4.0,218.0,165.0,173.0,180.0,185.0,191.0,0.9075823411834141,0.8833333284259259,-16.367401123046875,-21.0,0.9500629338576303,7.867596213349906,-22.0,-21.0,-18.0
1138,fatty_liver,1,117945,171.3663787841797,171.0,19.616703033447266,0.0,255.0,153.0,162.0,171.0,180.0,190.0,20459,192.44430541992188,196.0,23.511831283569336,9.0,253.0,179.0,189.0,196.0,204.0,210.0,0.8904725838458987,0.8724489751405665,-21.077926635742188,-25.0,0.8343332325977807,5.764944522910946,-27.0,-25.0,-24.0
1139,fatty_liver,1,29093,152.35169982910156,152.0,12.090740203857422,60.0,240.0,139.0,146.0,152.0,159.0,165.0,13209,173.8159637451172,177.0,19.232257843017578,16.0,228.0,158.0,169.0,177.0,184.0,190.0,0.8765115451420662,0.8587570572951578,-21.464263916015625,-25.0,0.6286697939408744,2.202513437640812,-23.0,-25.0,-25.0
1141,fatty_liver,1,113779,159.77964782714844,158.0,17.851938247680664,15.0,249.0,144.0,151.0,158.0,166.0,177.0,20420,177.84005737304688,180.0,13.391600608825684,48.0,238.0,167.0,174.0,180.0,185.0,190.0,0.8984457680056878,0.8777777729012346,-18.060409545898438,-22.0,1.3330696931661568,5.571939274947505,-23.0,-22.0,-19.0
1142,fatty_liver,1,134448,169.0408172607422,168.0,17.283674240112305,12.0,255.0,151.0,159.0,168.0,177.0,189.0,9124,174.90980529785156,180.0,26.289793014526367,0.0,223.0,163.0,173.0,180.0,187.0,192.0,0.966445626112494,0.9333333281481482,-5.868988037109375,-12.0,0.6574290475825808,14.735642260550675,-14.0,-12.0,-10.0
1144,fatty_liver,1,143400,164.3440704345703,165.0,15.04924201965332,11.0,240.0,151.0,158.0,165.0,172.0,179.0,30334,172.92042541503906,176.0,18.93989372253418,0.0,232.0,161.0,169.0,176.0,182.0,188.0,0.9504028751358501,0.9374999946732955,-8.57635498046875,-11.0,0.7945789688972312,4.727368629105052,-11.0,-11.0,-10.0
1145,fatty_liver,1,20547,160.03518676757812,160.0,10.466226577758789,36.0,231.0,149.0,154.0,160.0,166.0,172.0,17686,185.8826141357422,189.0,17.562719345092773,35.0,240.0,175.0,183.0,189.0,194.0,199.0,0.8609475751710897,0.8465608420816887,-25.847427368164062,-29.0,0.5959342500538747,1.161766368813651,-29.0,-29.0,-28.0
1147,fatty_liver,1,125755,155.45526123046875,156.0,17.92184829711914,0.0,241.0,143.0,150.0,156.0,163.0,170.0,15637,182.36317443847656,188.0,25.357288360595703,0.0,250.0,168.0,180.0,188.0,194.0,200.0,0.8524487515458642,0.8297872296287914,-26.907913208007812,-32.0,0.7067730324901775,8.042143633175025,-30.0,-32.0,-31.0
1148,fatty_liver,1,87674,168.63558959960938,168.0,14.38620376586914,44.0,252.0,154.0,161.0,168.0,175.0,183.0,8953,173.3950653076172,177.0,21.26774024963379,15.0,219.0,155.0,169.0,177.0,185.0,191.0,0.9725512564494534,0.9491525370104377,-4.7594757080078125,-9.0,0.6764330822445406,9.792695184877394,-8.0,-9.0,-10.0
1149,fatty_liver,1,91784,174.5364990234375,175.0,21.410608291625977,10.0,255.0,156.0,166.0,175.0,184.0,194.0,24529,185.67327880859375,189.0,19.600688934326172,0.0,255.0,174.0,182.0,189.0,194.0,200.0,0.9400194750874391,0.925925921026847,-11.13677978515625,-14.0,1.0923395229129227,3.7418565777756183,-16.0,-14.0,-10.0
1150,fatty_liver,1,137001,171.71710205078125,170.0,18.40248680114746,1.0,255.0,153.0,161.0,170.0,180.0,192.0,22255,182.9444580078125,185.0,20.816226959228516,10.0,242.0,167.0,177.0,185.0,193.0,201.0,0.9386296965870292,0.9189189139517897,-11.22735595703125,-15.0,0.8840452188163627,6.155964951419637,-16.0,-15.0,-13.0
1152,fatty_liver,1,103849,162.1640625,161.0,13.958974838256836,7.0,244.0,148.0,155.0,161.0,168.0,177.0,16847,175.94906616210938,179.0,19.443096160888672,1.0,217.0,165.0,173.0,179.0,185.0,191.0,0.9216534370744424,0.899441335757311,-13.785003662109375,-18.0,0.7179398797809033,6.164242891543643,-18.0,-18.0,-17.0
1154,fatty_liver,1,149159,161.58885192871094,161.0,24.479145050048828,0.0,255.0,142.0,152.0,161.0,172.0,184.0,30461,180.4002227783203,184.0,20.95273208618164,0.0,250.0,167.0,176.0,184.0,191.0,197.0,0.8957242321787516,0.8749999952445653,-18.811370849609375,-23.0,1.1683031969797228,4.896720396411913,-24.0,-23.0,-19.0
1156,fatty_liver,1,19530,157.981201171875,159.0,11.671699523925781,22.0,213.0,146.0,152.0,159.0,165.0,170.0,2293,188.90013122558594,190.0,14.613141059875488,128.0,232.0,170.0,178.0,190.0,200.0,206.0,0.8363212842181216,0.8368421008587258,-30.918930053710938,-31.0,0.7987125202849927,8.517226337323494,-26.0,-31.0,-35.0
1158,fatty_liver,1,118547,166.98501586914062,164.0,23.0877742767334,0.0,255.0,148.0,156.0,164.0,174.0,191.0,23757,203.9536590576172,204.0,15.32997989654541,52.0,255.0,191.0,198.0,204.0,211.0,218.0,0.8187399815328988,0.803921564686659,-36.96864318847656,-40.0,1.5060536886863438,4.989981899861515,-42.0,-40.0,-37.0
1160,fatty_liver,1,111738,153.09310913085938,153.0,17.14103889465332,26.0,252.0,134.0,144.0,153.0,162.0,171.0,31277,172.6363525390625,174.0,16.977025985717773,3.0,246.0,155.0,165.0,174.0,183.0,191.0,0.8867953127625517,0.8793103397740785,-19.543243408203125,-21.0,1.0096608145273918,3.572529334540636,-21.0,-21.0,-21.0
1162,fatty_liver,1,141557,146.65687561035156,147.0,19.62798500061035,0.0,230.0,132.0,140.0,147.0,156.0,164.0,26343,162.4685516357422,164.0,15.750370979309082,0.0,203.0,151.0,158.0,164.0,170.0,175.0,0.9026785382840166,0.8963414579491374,-15.811676025390625,-17.0,1.2461918376527998,5.373609687379052,-18.0,-17.0,-14.0
1163,fatty_liver,1,28076,143.83811950683594,144.0,15.16976261138916,16.0,231.0,128.0,136.0,144.0,152.0,160.0,5072,172.6186981201172,177.0,21.027193069458008,11.0,209.0,156.0,169.0,177.0,184.0,189.0,0.8332707883909252,0.813559317437518,-28.78057861328125,-33.0,0.721435421258761,5.535488957899154,-33.0,-33.0,-32.0
1164,fatty_liver,1,152928,148.13861083984375,147.0,18.95970344543457,1.0,250.0,128.0,138.0,147.0,157.0,169.0,25672,171.77633666992188,175.0,20.52011489868164,1.0,225.0,156.0,166.0,175.0,182.0,190.0,0.8623924159129567,0.8399999952,-23.637725830078125,-28.0,0.9239569376239574,5.956995948661694,-28.0,-28.0,-25.0
1165,fatty_liver,1,106976,138.94984436035156,138.0,13.837718963623047,3.0,213.0,125.0,131.0,138.0,146.0,154.0,19570,162.59678649902344,164.0,16.472232818603516,0.0,211.0,148.0,156.0,164.0,172.0,178.0,0.8545669720638613,0.8414634095032719,-23.646942138671875,-26.0,0.840063291719118,5.46632600891843,-25.0,-26.0,-26.0
1166,fatty_liver,1,140997,140.81289672851562,139.0,13.478228569030762,27.0,235.0,128.0,133.0,139.0,146.0,155.0,22786,162.4104766845703,164.0,15.726130485534668,0.0,210.0,151.0,158.0,164.0,170.0,176.0,0.867018549148036,0.8475609704417014,-21.597579956054688,-25.0,0.8570593843392706,6.187878521627847,-25.0,-25.0,-24.0
1168,fatty_liver,1,153962,174.55943298339844,176.0,13.125635147094727,0.0,246.0,161.0,169.0,176.0,182.0,188.0,26819,181.5225067138672,184.0,14.663147926330566,59.0,226.0,169.0,178.0,184.0,189.0,194.0,0.9616407088125699,0.9565217339319471,-6.96307373046875,-8.0,0.8951443658548042,5.740780789524561,-9.0,-8.0,-7.0
1169,fatty_liver,1,112373,164.65440368652344,164.0,15.756294250488281,11.0,253.0,147.0,155.0,164.0,173.0,182.0,30615,174.02130126953125,176.0,15.682785987854004,29.0,246.0,160.0,169.0,176.0,182.0,189.0,0.9461738392895143,0.9318181765237604,-9.366897583007812,-12.0,1.0046871300803364,3.6705209863246604,-14.0,-12.0,-9.0
117,fatty_liver,1,124286,162.8040771484375,161.0,17.494901657104492,25.0,255.0,147.0,153.0,161.0,169.0,179.0,31107,181.20700073242188,183.0,19.336814880371094,2.0,252.0,170.0,177.0,183.0,190.0,196.0,0.8984425303214335,0.8797814159574786,-18.402923583984375,-22.0,0.904745732975803,3.9954351109398067,-24.0,-22.0,-21.0
117 (2),fatty_liver,1,97646,143.4968719482422,141.0,24.692447662353516,0.0,255.0,121.0,132.0,141.0,150.0,166.0,17466,177.47840881347656,183.0,20.648338317871094,45.0,255.0,152.0,175.0,183.0,189.0,194.0,0.8085314270003447,0.7704917990683509,-33.981536865234375,-42.0,1.195856348649901,5.590633229955878,-43.0,-42.0,-39.0
1170,fatty_liver,1,101393,129.49168395996094,129.0,15.408498764038086,0.0,214.0,116.0,122.0,129.0,136.0,144.0,14185,156.0482177734375,160.0,23.840911865234375,0.0,200.0,145.0,154.0,160.0,166.0,172.0,0.829818404707116,0.8062499949609375,-26.556533813476562,-31.0,0.6463048982703712,7.147902713630743,-32.0,-31.0,-30.0
1171,fatty_liver,1,118356,159.03543090820312,158.0,17.245756149291992,12.0,252.0,141.0,149.0,158.0,167.0,178.0,23974,169.76007080078125,172.0,16.034025192260742,3.0,220.0,155.0,164.0,172.0,179.0,185.0,0.9368247151476007,0.918604645822066,-10.724639892578125,-14.0,1.0755724072358148,4.936848252067371,-15.0,-14.0,-12.0
1175,fatty_liver,1,107261,169.28050231933594,170.0,16.77520751953125,10.0,252.0,151.0,161.0,170.0,179.0,188.0,16140,169.35464477539062,174.0,22.837987899780273,1.0,209.0,156.0,167.0,174.0,180.0,186.0,0.9995622000464456,0.977011488637865,-0.0741424560546875,-4.0,0.7345308552844005,6.645662948782796,-6.0,-4.0,-1.0
1176,fatty_liver,1,104238,167.9022674560547,166.0,18.657909393310547,3.0,255.0,150.0,158.0,166.0,176.0,187.0,19106,180.87139892578125,184.0,20.526546478271484,0.0,227.0,170.0,177.0,184.0,190.0,196.0,0.9282963891745831,0.9021739081403592,-12.969131469726562,-18.0,0.9089648131553054,5.45577305529908,-19.0,-18.0,-14.0
1178,fatty_liver,1,20966,166.8415985107422,166.0,13.217164993286133,65.0,251.0,152.0,159.0,166.0,174.0,182.0,1850,185.8313446044922,190.0,19.898191452026367,25.0,221.0,167.0,182.0,190.0,197.0,202.0,0.8978119270891673,0.8736842059279779,-18.98974609375,-24.0,0.6642394792970323,11.332972966847041,-23.0,-24.0,-23.0
1179,fatty_liver,1,154952,147.3583221435547,146.0,16.047863006591797,9.0,252.0,130.0,138.0,146.0,155.0,166.0,5456,177.48240661621094,181.0,27.786630630493164,0.0,243.0,158.0,170.0,181.0,191.0,201.0,0.830270020126182,0.8066298297976252,-30.12408447265625,-35.0,0.5775389842135743,28.40029324992663,-32.0,-35.0,-36.0
1180,fatty_liver,1,137328,154.74903869628906,153.0,17.738075256347656,1.0,255.0,137.0,144.0,153.0,162.0,173.0,19711,173.927001953125,177.0,19.601490020751953,0.0,231.0,161.0,169.0,177.0,183.0,190.0,0.8897355561171569,0.8644067747773628,-19.177963256835938,-24.0,0.9049349989533187,6.9670742221618855,-25.0,-24.0,-21.0
1182,fatty_liver,1,112072,154.67129516601562,155.0,12.487951278686523,0.0,220.0,142.0,148.0,155.0,162.0,168.0,22860,160.0896759033203,162.0,16.026025772094727,0.0,213.0,145.0,154.0,162.0,169.0,175.0,0.9661540841226327,0.9567901175506783,-5.4183807373046875,-7.0,0.7792294032873534,4.902537182637684,-6.0,-7.0,-7.0
1183,fatty_liver,1,89250,138.31195068359375,139.0,18.3518009185791,0.0,242.0,123.0,131.0,139.0,147.0,156.0,4630,164.92202758789062,167.0,16.347869873046875,54.0,255.0,150.0,160.0,167.0,173.0,179.0,0.8386505542519702,0.8323353243572735,-26.610076904296875,-28.0,1.122580491434891,19.276457879205946,-29.0,-28.0,-26.0
1184,fatty_liver,1,117134,172.60279846191406,172.0,15.174067497253418,21.0,255.0,157.0,165.0,172.0,180.0,189.0,25964,169.6390838623047,173.0,20.55315399169922,0.0,239.0,156.0,165.0,173.0,180.0,186.0,1.0174707002340588,0.9942196474322564,2.963714599609375,-1.0,0.7382840981533858,4.511400400380858,0.0,-1.0,0.0
1185,fatty_liver,1,96012,155.93865966796875,154.0,17.54960060119629,15.0,254.0,139.0,146.0,154.0,163.0,175.0,18532,173.25852966308594,176.0,18.69689178466797,8.0,224.0,162.0,170.0,176.0,182.0,187.0,0.9000345268493766,0.8749999950284091,-17.319869995117188,-22.0,0.9386372807136972,5.180876321757993,-24.0,-22.0,-19.0
1186,fatty_liver,1,162201,130.14048767089844,124.0,26.706079483032227,40.0,255.0,110.0,116.0,124.0,133.0,154.0,33381,197.51248168945312,199.0,14.643404960632324,6.0,255.0,184.0,192.0,199.0,206.0,212.0,0.6588975334562374,0.6231155747582132,-67.37199401855469,-75.0,1.8237614633391628,4.8590815132902225,-76.0,-75.0,-73.0
1187,fatty_liver,1,107907,164.474365234375,166.0,19.407146453857422,7.0,239.0,145.0,158.0,166.0,174.0,183.0,26442,172.6708984375,174.0,18.309932708740234,0.0,255.0,155.0,166.0,174.0,183.0,191.0,0.9525308883556733,0.9540229830228565,-8.196533203125,-8.0,1.0599244520799893,4.080894032067132,-8.0,-8.0,-9.0
1188,fatty_liver,1,94266,168.96249389648438,168.0,19.265134811401367,4.0,255.0,152.0,160.0,168.0,176.0,186.0,13998,189.0183563232422,193.0,22.715129852294922,1.0,254.0,174.0,186.0,193.0,200.0,207.0,0.8938946263697548,0.8704663167333352,-20.055862426757812,-25.0,0.8481190329332837,6.734247749197439,-26.0,-25.0,-24.0
1189,fatty_liver,1,130574,171.0520477294922,172.0,15.443184852600098,7.0,255.0,155.0,164.0,172.0,179.0,187.0,16611,181.0487060546875,185.0,21.664281845092773,16.0,234.0,162.0,178.0,185.0,193.0,199.0,0.9447846964067204,0.9297297247041637,-9.996658325195312,-13.0,0.712840806364295,7.8606947198928,-14.0,-13.0,-14.0
1190,fatty_liver,1,122277,139.94488525390625,141.0,18.87353515625,0.0,250.0,119.0,130.0,141.0,151.0,161.0,35445,166.42431640625,167.0,16.434412002563477,16.0,255.0,148.0,157.0,167.0,177.0,185.0,0.8408920489203141,0.8443113721897523,-26.47943115234375,-26.0,1.1484155322922738,3.44976724493018,-27.0,-26.0,-26.0
1191,fatty_liver,1,141457,161.31324768066406,161.0,15.733905792236328,0.0,246.0,143.0,152.0,161.0,171.0,180.0,17877,159.7781524658203,163.0,21.803903579711914,0.0,209.0,144.0,155.0,163.0,171.0,178.0,1.0096076602560822,0.9877300552899997,1.53509521484375,-2.0,0.7216095509276996,7.912792973770051,-3.0,-2.0,0.0
1192,fatty_liver,1,93931,149.15353393554688,148.0,10.225759506225586,10.0,243.0,138.0,143.0,148.0,154.0,161.0,19625,164.7748260498047,167.0,16.04082679748535,6.0,208.0,155.0,161.0,167.0,172.0,177.0,0.9051961188857074,0.8862275396034279,-15.621292114257812,-19.0,0.6374832792500043,4.786292993386685,-18.0,-19.0,-18.0
1193,fatty_liver,1,124871,171.2270050048828,172.0,15.595211029052734,9.0,254.0,156.0,164.0,172.0,179.0,187.0,15657,212.1344451904297,213.0,15.155205726623535,101.0,255.0,197.0,205.0,213.0,221.0,228.0,0.80716266537484,0.807511733298067,-40.907440185546875,-41.0,1.0290332101941067,7.97541035907419,-41.0,-41.0,-42.0
1194,fatty_liver,1,78756,145.99461364746094,144.0,24.378969192504883,0.0,255.0,126.0,134.0,144.0,155.0,167.0,2765,213.7410430908203,215.0,9.972667694091797,156.0,247.0,201.0,208.0,215.0,221.0,225.599853515625,0.6830443552312144,0.6697674387452678,-67.74642944335938,-71.0,2.4445782709043518,28.483182629843334,-74.0,-71.0,-66.0
1195,fatty_liver,1,108901,169.06410217285156,168.0,17.957040786743164,27.0,255.0,152.0,160.0,168.0,177.0,188.0,23175,182.44210815429688,185.0,21.81696319580078,0.0,255.0,169.0,178.0,185.0,193.0,200.0,0.9266725919610416,0.9081081031994157,-13.378005981445312,-17.0,0.8230769700854825,4.69907227595689,-18.0,-17.0,-16.0
1196,fatty_liver,1,91749,138.83285522460938,137.0,18.110002517700195,22.0,255.0,122.0,129.0,137.0,145.0,155.0,16702,163.22512817382812,172.0,31.24186134338379,3.0,237.0,128.0,142.0,172.0,186.0,195.0,0.8505605474311375,0.7965116232760953,-24.39227294921875,-35.0,0.5796710298077163,5.493294215932625,-13.0,-35.0,-41.0
1197,fatty_liver,1,117775,133.2433319091797,133.0,15.592364311218262,16.0,240.0,114.0,125.0,133.0,141.0,150.0,29755,115.9199447631836,110.0,22.376476287841797,0.0,223.0,96.0,103.0,110.0,120.0,158.0,1.1494426695245923,1.2090908980991737,17.323387145996094,23.0,0.6968194372440533,3.958158292590887,22.0,23.0,21.0
1199,fatty_liver,1,109816,169.87664794921875,170.0,13.496332168579102,26.0,231.0,156.0,163.0,170.0,177.0,184.0,19145,160.64434814453125,164.0,17.670547485351562,0.0,198.0,151.0,158.0,164.0,169.0,174.0,1.0574704236647703,1.0365853595330161,9.2322998046875,6.0,0.76377550927563,5.73601462492891,5.0,6.0,8.0
1200,fatty_liver,1,147476,155.86988830566406,155.0,14.686250686645508,0.0,246.0,141.0,148.0,155.0,163.0,171.0,14271,171.30783081054688,174.0,20.654369354248047,0.0,215.0,161.0,168.0,174.0,180.0,186.0,0.9098818580463036,0.8908045925815828,-15.437942504882812,-19.0,0.7110480946530012,10.333963982178267,-20.0,-19.0,-17.0
1201,fatty_liver,1,105353,177.83592224121094,175.0,18.04719352722168,13.0,255.0,162.0,168.0,175.0,184.0,197.0,29188,187.88858032226562,189.0,15.091085433959961,0.0,255.0,177.0,183.0,189.0,195.0,200.0,0.9464967002767858,0.925925921026847,-10.052658081054688,-14.0,1.1958843126502474,3.6094627928049383,-15.0,-14.0,-11.0
1202,fatty_liver,1,90954,155.95631408691406,158.0,18.390159606933594,3.0,226.0,142.0,151.0,158.0,165.0,171.0,12468,171.9860382080078,175.0,20.320415496826172,0.0,226.0,158.0,168.0,175.0,182.0,188.0,0.9067963586177674,0.9028571376979593,-16.02972412109375,-17.0,0.9050089898406333,7.294995187095364,-17.0,-17.0,-17.0
1203,fatty_liver,1,112579,153.74636840820312,153.0,12.1939058303833,8.0,247.0,141.0,147.0,153.0,160.0,168.0,26095,168.65774536132812,170.0,16.44183349609375,0.0,255.0,155.0,163.0,170.0,177.0,183.0,0.9115879449664931,0.8999999947058824,-14.911376953125,-17.0,0.7416390083041116,4.314198122080314,-16.0,-17.0,-17.0
1204,fatty_liver,1,77533,155.0890350341797,157.0,19.66391944885254,8.0,255.0,135.0,148.0,157.0,165.0,174.0,16214,187.8191680908203,190.0,13.746034622192383,73.0,249.0,175.0,183.0,190.0,196.0,201.0,0.8257359234678868,0.8263157851246538,-32.730133056640625,-33.0,1.4305156766148626,4.781855186580618,-35.0,-33.0,-31.0
1208,fatty_liver,1,96087,136.396728515625,135.0,17.21410369873047,5.0,233.0,119.0,126.0,135.0,144.0,155.0,11278,169.07049560546875,173.0,22.960615158081055,0.0,214.0,158.0,167.0,173.0,179.0,185.0,0.8067447085928363,0.7803468162985733,-32.67376708984375,-38.0,0.7497230727700622,8.51986167684697,-41.0,-38.0,-35.0
1209,fatty_liver,1,17725,143.28924560546875,144.0,19.722314834594727,5.0,223.0,125.0,135.0,144.0,154.0,163.0,13911,163.21681213378906,166.0,19.96156120300293,0.0,212.0,149.0,158.0,166.0,174.0,181.0,0.8779073849947943,0.8674698742923501,-19.927566528320312,-22.0,0.9880145969551315,1.27417151885025,-23.0,-22.0,-20.0
1210,fatty_liver,1,132190,160.4092254638672,161.0,13.431693077087402,26.0,238.0,146.0,153.0,161.0,168.0,175.0,21278,164.7349853515625,167.0,19.1459903717041,8.0,226.0,150.0,160.0,167.0,175.0,181.0,0.9737410917771671,0.9640718505145398,-4.3257598876953125,-6.0,0.7015407463798468,6.212519973389767,-7.0,-6.0,-7.0
1211,fatty_liver,1,132108,146.7588653564453,146.0,14.705208778381348,5.0,220.0,131.0,138.0,146.0,154.0,164.0,16879,169.4337921142578,172.0,17.708358764648438,21.0,255.0,152.0,163.0,172.0,180.0,186.0,0.8661723417681995,0.8488372043672255,-22.6749267578125,-26.0,0.8304105503739345,7.826766988101975,-25.0,-26.0,-26.0
1213,fatty_liver,1,101821,147.97853088378906,148.0,12.973244667053223,2.0,211.0,134.0,141.0,148.0,155.0,163.0,15728,158.20816040039062,160.0,13.51889705657959,11.0,241.0,146.0,153.0,160.0,165.0,170.0,0.9353406902270195,0.92499999421875,-10.229629516601562,-12.0,0.9596377317705418,6.473868260015649,-12.0,-12.0,-10.0
1214,fatty_liver,1,100692,155.92674255371094,156.0,16.20582389831543,1.0,246.0,139.0,147.0,156.0,165.0,173.0,15164,168.91050720214844,173.0,21.474374771118164,0.0,231.0,156.0,166.0,173.0,179.0,185.0,0.9231322800065298,0.901734098833907,-12.9837646484375,-17.0,0.7546586718535193,6.640200474370865,-19.0,-17.0,-14.0
1215,fatty_liver,1,120029,141.04852294921875,140.0,26.478487014770508,0.0,255.0,124.0,132.0,140.0,149.0,161.0,27368,181.07125854492188,184.0,21.704349517822266,0.0,245.0,166.0,176.0,184.0,192.0,199.0,0.7789669288417695,0.7608695610822307,-40.022735595703125,-44.0,1.219962191129747,4.385742472800872,-44.0,-44.0,-43.0
123,fatty_liver,1,147863,163.32672119140625,163.0,25.192842483520508,23.0,255.0,141.0,153.0,163.0,173.0,186.0,20918,196.66928100585938,201.0,23.992971420288086,14.0,255.0,169.0,191.0,201.0,210.0,218.0,0.8304638097297791,0.8109452695972872,-33.342559814453125,-38.0,1.0500092294616163,7.068696815801286,-38.0,-38.0,-37.0
124,fatty_liver,1,94858,160.34573364257812,157.0,23.104907989501953,1.0,255.0,139.0,148.0,157.0,168.0,182.0,18815,190.51028442382812,193.0,18.65659523010254,14.0,255.0,176.0,186.0,193.0,200.0,206.0,0.8416644449713414,0.8134714983757954,-30.16455078125,-36.0,1.2384310462924653,5.041615731860664,-38.0,-36.0,-32.0
125,fatty_liver,1,109255,161.48345947265625,160.0,17.13346290588379,25.0,255.0,146.0,152.0,160.0,168.0,178.0,18400,185.60940551757812,188.0,19.123762130737305,0.0,255.0,173.0,181.0,188.0,195.0,200.0,0.8700176489027401,0.8510638252602988,-24.125946044921875,-28.0,0.895925283572743,5.937771738807729,-29.0,-28.0,-27.0
126,fatty_liver,1,67428,148.43533325195312,150.0,19.314315795898438,0.0,227.0,133.0,141.0,150.0,158.0,165.0,31575,173.66441345214844,175.0,12.778057098388672,23.0,228.0,162.0,169.0,175.0,181.0,186.0,0.8547250956404374,0.857142852244898,-25.229080200195312,-25.0,1.5115219892711238,2.135486935799351,-28.0,-25.0,-23.0
129,fatty_liver,1,124133,158.4244384765625,156.0,21.295166015625,0.0,255.0,138.0,147.0,156.0,166.0,179.0,12125,178.9046630859375,184.0,27.664932250976562,0.0,255.0,163.0,175.0,184.0,192.0,199.0,0.8855243617375048,0.8478260823487713,-20.480224609375,-28.0,0.7697530235274754,10.237773195031936,-28.0,-28.0,-26.0
131,fatty_liver,1,81820,131.03179931640625,133.0,28.427431106567383,0.0,255.0,116.0,125.0,133.0,141.0,150.0,9280,172.78695678710938,181.0,33.776119232177734,0.0,234.0,138.0,169.0,181.0,190.0,198.0,0.7583431122032392,0.734806625774549,-41.755157470703125,-48.0,0.8416428799742732,8.8168103438775,-44.0,-48.0,-49.0
131 (2),fatty_liver,1,119258,160.69979858398438,160.0,17.323780059814453,25.0,255.0,144.0,152.0,160.0,169.0,178.0,36733,180.992919921875,182.0,18.17436408996582,17.0,255.0,162.0,172.0,182.0,192.0,201.0,0.8878789168408964,0.8791208742905446,-20.293121337890625,-22.0,0.953198638525151,3.2466174828288836,-20.0,-22.0,-23.0
133,fatty_liver,1,63498,132.1343231201172,130.0,17.555904388427734,12.0,255.0,115.0,122.0,130.0,140.0,151.0,12492,185.36614990234375,187.0,19.738935470581055,0.0,255.0,174.0,181.0,187.0,194.0,200.0,0.7128287579846732,0.6951871620578227,-53.23182678222656,-57.0,0.889404776928741,5.083093179228058,-59.0,-57.0,-54.0
134,fatty_liver,1,101014,146.49215698242188,145.0,17.282756805419922,4.0,240.0,132.0,138.0,145.0,153.0,162.0,11370,177.88697814941406,180.0,19.43070411682129,9.0,255.0,161.0,172.0,180.0,188.0,196.0,0.8235125340982801,0.8055555510802469,-31.394821166992188,-35.0,0.8894559770997772,8.88425681540156,-34.0,-35.0,-35.0
135,fatty_liver,1,84150,144.4313201904297,145.0,19.397247314453125,0.0,243.0,130.0,138.0,145.0,152.0,160.0,8684,178.01600646972656,177.0,13.20065689086914,99.0,235.0,166.0,172.0,177.0,182.0,189.0,0.8113389477909266,0.819209034919723,-33.584686279296875,-32.0,1.4694151969403093,9.69023491366994,-34.0,-32.0,-30.0
136,fatty_liver,1,114234,167.3045196533203,166.0,17.360544204711914,29.0,255.0,152.0,159.0,166.0,174.0,183.0,5932,178.1014862060547,184.0,24.261545181274414,0.0,218.0,149.0,174.0,184.0,192.0,198.0,0.9393774430404233,0.9021739081403592,-10.796966552734375,-18.0,0.7155580305970424,19.257248816713208,-15.0,-18.0,-18.0
138,fatty_liver,1,80008,139.82371520996094,140.0,13.348647117614746,18.0,211.0,126.0,132.0,140.0,147.0,155.0,19857,158.99229431152344,161.0,17.83097267150879,11.0,220.0,141.0,152.0,161.0,170.0,177.0,0.879437050304832,0.8695652119902783,-19.1685791015625,-21.0,0.7486213239686329,4.0292088430261765,-20.0,-21.0,-23.0
142,fatty_liver,1,112749,157.2357177734375,155.0,20.759784698486328,21.0,255.0,138.0,146.0,155.0,165.0,178.0,26258,179.9103546142578,183.0,21.111953735351562,0.0,246.0,167.0,176.0,183.0,189.0,195.0,0.8739670222794926,0.8469945308907403,-22.674636840820312,-28.0,0.9833189280064374,4.293891385318992,-30.0,-28.0,-24.0
143 fatty liver,fatty_liver,1,121432,142.5928192138672,139.0,25.4434814453125,1.0,255.0,118.0,128.0,139.0,152.0,172.0,17528,176.30528259277344,178.0,21.92328453063965,0.0,249.0,155.0,167.0,178.0,188.0,198.0,0.8087835844059293,0.780898872017422,-33.71246337890625,-39.0,1.1605688120858106,6.9278868092807,-39.0,-39.0,-36.0
144,fatty_liver,1,131060,157.63565063476562,157.0,17.780838012695312,2.0,249.0,140.0,148.0,157.0,166.0,177.0,34126,171.67892456054688,173.0,18.131671905517578,0.0,232.0,157.0,166.0,173.0,181.0,188.0,0.9182003563924418,0.9075144456213038,-14.04327392578125,-16.0,0.9806507157585275,3.840473539124407,-18.0,-16.0,-15.0
145,fatty_liver,1,125594,152.31431579589844,151.0,20.84911346435547,0.0,252.0,132.0,141.0,151.0,162.0,175.0,21235,162.92977905273438,168.0,25.977197647094727,0.0,210.0,149.0,160.0,168.0,175.0,182.0,0.9348463844154206,0.8988095184594672,-10.615463256835938,-17.0,0.8025928333379866,5.914480809704992,-19.0,-17.0,-13.0
145 (2),fatty_liver,1,103156,139.75079345703125,139.0,19.519323348999023,0.0,244.0,124.0,131.0,139.0,147.0,158.0,33067,166.67861938476562,168.0,12.300331115722656,30.0,245.0,155.0,161.0,168.0,174.0,179.0,0.8384446255580145,0.8273809474560658,-26.927825927734375,-29.0,1.5868940094754707,3.1196056490422595,-30.0,-29.0,-27.0
146,fatty_liver,1,99137,156.601806640625,157.0,18.39484977722168,2.0,247.0,140.0,148.0,157.0,166.0,175.0,21762,176.75489807128906,180.0,23.28855323791504,0.0,255.0,163.0,173.0,180.0,187.0,194.0,0.8859828353468387,0.8722222173765433,-20.153091430664062,-23.0,0.7898665408466559,4.5555096036873675,-25.0,-23.0,-21.0
149,fatty_liver,1,143137,131.45443725585938,130.0,24.395532608032227,35.0,250.0,101.0,118.0,130.0,143.0,161.0,16148,160.06817626953125,178.0,38.254661560058594,68.0,217.0,95.0,119.0,178.0,187.0,193.0,0.8212402958428736,0.7303370745486681,-28.613739013671875,-48.0,0.6377139667545629,8.864069853302944,-1.0,-48.0,-44.0
15,fatty_liver,1,155862,127.625,125.0,22.177995681762695,10.0,255.0,108.0,116.0,125.0,135.0,148.0,32142,194.82640075683594,197.0,19.18492889404297,23.0,254.0,176.0,187.0,197.0,206.0,214.0,0.6550703541673452,0.6345177632765596,-67.20140075683594,-72.0,1.1560112965880105,4.8491693110307645,-71.0,-72.0,-71.0
151,fatty_liver,1,158427,108.92471313476562,106.0,19.90888786315918,33.0,255.0,91.0,98.0,106.0,115.0,127.0,33210,183.56690979003906,187.0,18.881589889526367,38.0,255.0,165.0,179.0,187.0,194.0,200.0,0.5933787994032976,0.5668449167548401,-74.64219665527344,-81.0,1.0544073314395692,4.7704607044634,-81.0,-81.0,-79.0
151 (2),fatty_liver,1,141496,155.8855438232422,153.0,23.14633560180664,16.0,255.0,132.0,143.0,153.0,164.0,179.0,48906,185.35838317871094,186.0,14.898669242858887,0.0,250.0,173.0,180.0,186.0,193.0,199.0,0.8409953750618969,0.8225806407388138,-29.47283935546875,-33.0,1.5535839926990103,2.8932237352698396,-37.0,-33.0,-29.0
151 (3),fatty_liver,1,92795,150.84228515625,146.0,25.401411056518555,54.0,255.0,126.0,135.0,146.0,160.0,178.0,14806,193.2289581298828,197.0,18.21553611755371,5.0,255.0,171.0,190.0,197.0,203.0,208.0,0.7806401578495191,0.7411167475070216,-42.38667297363281,-51.0,1.3944914658618577,6.267391597577509,-55.0,-51.0,-43.0
152,fatty_liver,1,132430,157.60264587402344,156.0,20.060583114624023,5.0,254.0,138.0,147.0,156.0,167.0,179.0,36778,180.9794158935547,183.0,18.766080856323242,0.0,251.0,168.0,175.0,183.0,190.0,197.0,0.8708318801066721,0.8524590117351967,-23.37677001953125,-27.0,1.0689809022582195,3.600793952808723,-28.0,-27.0,-23.0
152 (2),fatty_liver,1,103492,131.45648193359375,130.0,20.370363235473633,0.0,224.0,113.0,121.0,130.0,141.0,154.0,20041,161.945556640625,165.0,19.96054458618164,0.0,207.0,148.0,157.0,165.0,172.0,178.0,0.8117325590696977,0.7878787831037649,-30.48907470703125,-35.0,1.0205313851529039,5.164013771510203,-36.0,-35.0,-31.0
153,fatty_liver,1,166324,160.97715759277344,160.0,18.48255729675293,6.0,254.0,142.0,150.0,160.0,170.0,182.0,9967,176.70652770996094,183.0,31.63190460205078,0.0,245.0,159.0,174.0,183.0,192.0,199.0,0.9109859084889553,0.8743169351130222,-15.7293701171875,-23.0,0.5843011018455573,16.687468644859287,-24.0,-23.0,-22.0
154 (2),fatty_liver,1,125441,165.22129821777344,164.0,17.360736846923828,40.0,255.0,148.0,156.0,164.0,173.0,183.0,28075,183.59811401367188,185.0,18.154508590698242,55.0,255.0,165.0,176.0,185.0,193.0,202.0,0.8999073776191548,0.8864864816946677,-18.376815795898438,-21.0,0.9562768280900786,4.4680676757090625,-20.0,-21.0,-20.0
157,fatty_liver,1,130802,137.78822326660156,136.0,18.644468307495117,1.0,249.0,119.0,127.0,136.0,146.0,158.0,25794,170.91416931152344,174.0,19.19484519958496,2.0,255.0,155.0,166.0,174.0,181.0,187.0,0.8061837296197059,0.781609190910292,-33.125946044921875,-38.0,0.9713267881197326,5.0710242690132965,-39.0,-38.0,-35.0
157 (2),fatty_liver,1,115183,150.65257263183594,149.0,19.190174102783203,0.0,255.0,134.0,141.0,149.0,158.0,169.0,27208,174.31089782714844,178.0,19.818620681762695,0.0,215.0,161.0,171.0,178.0,184.0,189.0,0.8642751178813394,0.8370786469827043,-23.6583251953125,-29.0,0.9682900461459538,4.233423992787657,-30.0,-29.0,-26.0
158 fatt,fatty_liver,1,141831,146.46075439453125,144.0,27.143224716186523,0.0,255.0,123.0,133.0,144.0,156.0,173.0,23138,181.82777404785156,184.0,19.366580963134766,0.0,236.0,168.0,177.0,184.0,191.0,198.0,0.8054916492047886,0.7826086913988658,-35.36701965332031,-40.0,1.4015495748219782,6.129786498135976,-44.0,-40.0,-35.0
16,fatty_liver,1,64862,151.33065795898438,153.0,18.40174674987793,0.0,228.0,133.0,144.0,153.0,161.0,170.0,13648,169.85726928710938,175.0,26.06598472595215,0.0,213.0,160.0,168.0,175.0,181.0,186.0,0.8909283523936921,0.874285709289796,-18.526611328125,-22.0,0.7059678058350407,4.752491207154712,-24.0,-22.0,-20.0
161,fatty_liver,1,152935,146.9058380126953,146.0,18.727502822875977,1.0,249.0,126.0,136.0,146.0,156.0,167.0,28320,173.883056640625,178.0,18.401514053344727,36.0,244.0,149.0,170.0,178.0,185.0,190.0,0.8448542371293861,0.8202247144931196,-26.977218627929688,-32.0,1.017715267932354,5.4002471749505565,-34.0,-32.0,-29.0
165,fatty_liver,1,153588,138.20777893066406,138.0,16.63947105407715,9.0,238.0,120.0,128.0,138.0,147.0,157.0,23669,163.7422332763672,168.0,22.185588836669922,0.0,207.0,148.0,160.0,168.0,175.0,182.0,0.8440569993529855,0.8214285665391157,-25.534454345703125,-30.0,0.7500125611523858,6.4889940425666905,-32.0,-30.0,-28.0
165 fat and ascites,fatty_liver,1,151756,159.3394775390625,159.0,19.892040252685547,5.0,255.0,141.0,150.0,159.0,169.0,179.0,27794,181.9956817626953,187.0,23.20321273803711,16.0,255.0,164.0,178.0,187.0,194.0,201.0,0.8755124029333471,0.85026737513226,-22.656204223632812,-28.0,0.857296772648198,5.460027343834639,-28.0,-28.0,-25.0
17,fatty_liver,1,84177,149.9301300048828,149.0,14.925119400024414,12.0,230.0,134.0,142.0,149.0,158.0,167.0,5005,160.1664276123047,162.0,15.026266098022461,44.0,198.0,147.0,155.0,162.0,169.0,174.0,0.9360896119360966,0.9197530807422649,-10.236297607421875,-13.0,0.9932686077428134,16.81858141522106,-13.0,-13.0,-11.0
171 fat,fatty_liver,1,106836,152.81446838378906,149.0,25.287395477294922,0.0,255.0,132.0,140.0,149.0,159.0,176.0,19900,185.79014587402344,189.0,20.090110778808594,0.0,255.0,173.0,182.0,189.0,195.0,201.0,0.8225111554888117,0.7883597841885726,-32.975677490234375,-40.0,1.2586985953940044,5.3686432158106205,-42.0,-40.0,-36.0
177,fatty_liver,1,125102,150.59481811523438,149.0,18.57932472229004,2.0,255.0,133.0,141.0,149.0,158.0,168.0,27993,174.96412658691406,178.0,20.933826446533203,0.0,219.0,162.0,171.0,178.0,185.0,191.0,0.8607182523196125,0.8370786469827043,-24.369308471679688,-29.0,0.8875264100529744,4.4690458327271445,-30.0,-29.0,-27.0
178,fatty_liver,1,127959,152.38807678222656,151.0,16.179195404052734,0.0,231.0,137.0,143.0,151.0,159.0,170.0,25954,165.2466278076172,170.0,26.052064895629883,0.0,235.0,150.0,161.0,170.0,178.0,185.0,0.9221856922699418,0.8882352888927336,-12.858551025390625,-19.0,0.621033106121796,4.930222701513053,-18.0,-19.0,-19.0
179,fatty_liver,1,110578,163.2330780029297,162.0,17.60661506652832,13.0,254.0,143.0,153.0,162.0,172.0,184.0,19309,165.59402465820312,172.0,29.591598510742188,0.0,222.0,151.0,163.0,172.0,179.0,186.0,0.9857425553495113,0.9418604596403461,-2.3609466552734375,-10.0,0.5949869340498765,5.726759541885817,-10.0,-10.0,-7.0
17_2,fatty_liver,1,94200,142.25067138671875,142.0,16.337995529174805,0.0,248.0,125.0,133.0,142.0,151.0,160.0,14843,156.57615661621094,159.0,19.43284797668457,0.0,200.0,145.0,153.0,159.0,165.0,171.0,0.9085078696042225,0.8930817553894229,-14.325485229492188,-17.0,0.8407411362470343,6.346425924250729,-20.0,-17.0,-14.0
180,fatty_liver,1,105086,157.8270721435547,157.0,17.024171829223633,0.0,246.0,141.0,149.0,157.0,166.0,176.0,20153,173.5552978515625,177.0,23.8059024810791,0.0,238.0,152.0,167.0,177.0,187.0,194.0,0.9093762805740678,0.8870056447061828,-15.728225708007812,-20.0,0.7151239541382842,5.2144097650367485,-18.0,-20.0,-21.0
182,fatty_liver,1,135660,161.4824676513672,161.0,20.93906593322754,0.0,255.0,144.0,153.0,161.0,170.0,180.0,16817,181.79537963867188,185.0,25.14586067199707,2.0,250.0,160.0,175.0,185.0,195.0,204.0,0.8882649662717355,0.8702702655661066,-20.312911987304688,-24.0,0.8327042519503596,8.066837128615875,-22.0,-24.0,-25.0
183,fatty_liver,1,136907,160.29470825195312,158.0,16.529993057250977,12.0,254.0,144.0,151.0,158.0,167.0,177.0,25020,178.91603088378906,182.0,17.683473587036133,0.0,255.0,166.0,175.0,182.0,188.0,193.0,0.8959214362414935,0.8681318633619128,-18.621322631835938,-24.0,0.9347706513158459,5.471902477798885,-24.0,-24.0,-21.0
185,fatty_liver,1,180246,146.77685546875,139.0,30.40294647216797,35.0,255.0,123.0,130.0,139.0,150.0,180.0,27531,217.34658813476562,217.0,11.68781852722168,96.0,255.0,205.0,211.0,217.0,223.0,231.0,0.6753124401586127,0.640552992439848,-70.56973266601562,-78.0,2.6012505071076397,6.547019722983291,-81.0,-78.0,-73.0
188,fatty_liver,1,145353,144.11981201171875,141.0,21.40096092224121,3.0,255.0,126.0,133.0,141.0,150.0,163.0,23763,186.16757202148438,190.0,19.512794494628906,9.0,239.0,173.0,182.0,190.0,196.0,202.0,0.7741402526372669,0.7421052592520776,-42.047760009765625,-49.0,1.0967655007777866,6.116778184315248,-49.0,-49.0,-46.0
19,fatty_liver,1,148363,130.00149536132812,128.0,20.493690490722656,0.0,253.0,110.0,119.0,128.0,138.0,151.0,24260,172.2216339111328,175.0,23.303133010864258,0.0,253.0,158.0,168.0,175.0,183.0,190.0,0.7548499666050059,0.7314285672489796,-42.22013854980469,-47.0,0.87943924114105,6.115539983259871,-49.0,-47.0,-45.0
190,fatty_liver,1,177561,150.62173461914062,151.0,17.74942398071289,35.0,250.0,130.0,140.0,151.0,161.0,171.0,14285,174.12522888183594,179.0,22.458406448364258,40.0,227.0,148.0,168.0,179.0,187.0,195.0,0.8650195880364658,0.8435754142817016,-23.503494262695312,-28.0,0.7903242481249781,12.429891493704593,-28.0,-28.0,-26.0
192,fatty_liver,1,109342,141.79885864257812,141.0,17.633708953857422,0.0,235.0,126.0,133.0,141.0,150.0,159.0,30697,160.547607421875,164.0,20.731264114379883,0.0,216.0,143.0,155.0,164.0,172.0,179.0,0.8832199995777558,0.8597560923185604,-18.748748779296875,-23.0,0.8505852805686279,3.5619767402820477,-22.0,-23.0,-22.0
193,fatty_liver,1,127100,152.21620178222656,151.0,15.903396606445312,9.0,255.0,136.0,143.0,151.0,159.0,169.0,16889,173.81100463867188,177.0,23.808677673339844,0.0,246.0,158.0,169.0,177.0,185.0,193.0,0.8757569822630346,0.853107339812953,-21.594802856445312,-26.0,0.6679663674176677,7.525608383709775,-26.0,-26.0,-26.0
195,fatty_liver,1,146497,130.510986328125,131.0,12.41301441192627,49.0,193.0,115.0,123.0,131.0,138.0,145.0,38951,145.6435546875,147.0,13.348687171936035,63.0,255.0,130.0,139.0,147.0,154.0,160.0,0.8960985998457481,0.8911564565227452,-15.132568359375,-16.0,0.929905190086251,3.761058766045517,-16.0,-16.0,-16.0
195 (2),fatty_liver,1,87816,159.30873107910156,158.0,16.858863830566406,5.0,255.0,143.0,151.0,158.0,167.0,176.0,14580,185.2312774658203,187.0,13.89539623260498,16.0,223.0,174.0,181.0,187.0,193.0,198.0,0.8600530774207117,0.8449197815779691,-25.92254638671875,-29.0,1.2132696567326462,6.023045267076609,-30.0,-29.0,-26.0
19_2,fatty_liver,1,90493,147.0792999267578,146.0,12.497969627380371,12.0,224.0,134.0,140.0,146.0,153.0,161.0,26941,163.45236206054688,165.0,13.53226089477539,0.0,217.0,154.0,160.0,165.0,170.0,174.0,0.8998297557330263,0.8848484794857668,-16.373062133789062,-19.0,0.9235684118857954,3.358932481965817,-20.0,-19.0,-17.0
20,fatty_liver,1,87547,151.41436767578125,155.0,21.743335723876953,0.0,219.0,138.0,147.0,155.0,161.0,169.0,12764,166.22540283203125,173.0,26.509578704833984,0.0,219.0,144.0,165.0,173.0,179.0,185.0,0.9108978783338294,0.8959537520465101,-14.81103515625,-18.0,0.8202067315277762,6.8589000308007755,-18.0,-18.0,-18.0
204,fatty_liver,1,143616,167.177978515625,164.0,23.186138153076172,26.0,255.0,146.0,155.0,164.0,175.0,198.0,31873,174.5773468017578,177.0,23.24806785583496,13.0,255.0,146.0,163.0,177.0,189.0,199.0,0.9576155246983405,0.9265536670816177,-7.3993682861328125,-13.0,0.9973360925957837,4.505882721911778,-8.0,-13.0,-14.0
209,fatty_liver,1,130546,145.8203582763672,146.0,11.631597518920898,4.0,210.0,133.0,139.0,146.0,153.0,159.0,24141,147.93724060058594,150.0,18.825847625732422,0.0,198.0,137.0,144.0,150.0,157.0,163.0,0.9856906665196983,0.9733333268444445,-2.11688232421875,-4.0,0.6178524936730904,5.407646741833078,-5.0,-4.0,-4.0
210,fatty_liver,1,156946,134.7747039794922,133.0,19.28040885925293,6.0,255.0,116.0,124.0,133.0,142.0,154.0,36174,183.34320068359375,186.0,21.25767707824707,3.0,250.0,169.0,178.0,186.0,194.0,201.0,0.735095180742403,0.7150537595964852,-48.56849670410156,-53.0,0.9069856448236707,4.338641012762243,-54.0,-53.0,-52.0
216,fatty_liver,1,142774,149.66851806640625,151.0,17.40083122253418,3.0,255.0,134.0,143.0,151.0,158.0,166.0,31496,159.7523193359375,162.0,16.44443130493164,15.0,210.0,145.0,154.0,162.0,169.0,175.0,0.9368785239029619,0.9320987596784027,-10.08380126953125,-11.0,1.0581594365720801,4.5330835660232065,-11.0,-11.0,-11.0
219,fatty_liver,1,133978,148.06150817871094,147.0,17.76649284362793,0.0,255.0,129.0,138.0,147.0,157.0,168.0,30309,175.61495971679688,178.0,22.796470642089844,1.0,253.0,153.0,167.0,178.0,189.0,198.0,0.8431030452894065,0.8258426919896478,-27.553451538085938,-31.0,0.7793527490817962,4.4204031804275825,-29.0,-31.0,-32.0
220,fatty_liver,1,100219,154.42872619628906,150.0,24.54697608947754,0.0,255.0,132.0,141.0,150.0,161.0,178.0,31410,192.20855712890625,195.0,18.67938995361328,14.0,255.0,178.0,187.0,195.0,202.0,209.0,0.8034435495464264,0.7692307652859961,-37.77983093261719,-45.0,1.3141207949678493,3.190671760484219,-46.0,-45.0,-41.0
221,fatty_liver,1,121714,132.0006866455078,129.0,20.487133026123047,12.0,248.0,112.0,120.0,129.0,139.0,155.0,19319,182.46792602539062,186.0,20.803531646728516,6.0,247.0,164.0,177.0,186.0,194.0,201.0,0.7234185689364453,0.6935483833680195,-50.46723937988281,-57.0,0.9847910628459909,6.300222578482312,-57.0,-57.0,-55.0
224,fatty_liver,1,133870,164.88189697265625,164.0,17.730667114257812,8.0,251.0,148.0,156.0,164.0,173.0,184.0,23959,181.4373321533203,183.0,16.282060623168945,3.0,255.0,168.0,176.0,183.0,190.0,196.0,0.9087539709003869,0.8961748584908478,-16.555435180664062,-19.0,1.088969414599656,5.58746191387005,-20.0,-19.0,-17.0
225,fatty_liver,1,145917,158.4330596923828,159.0,11.83741283416748,27.0,231.0,145.0,153.0,159.0,165.0,171.0,37640,156.2021026611328,156.0,15.02397346496582,0.0,224.0,143.0,149.0,156.0,163.0,171.0,1.014282496707534,1.0192307626972388,2.23095703125,3.0,0.7879015543970049,3.8766471837439784,4.0,3.0,2.0
228,fatty_liver,1,156431,168.16455078125,169.0,17.419326782226562,14.0,238.0,154.0,162.0,169.0,177.0,185.0,42415,175.3395538330078,176.0,13.639598846435547,63.0,255.0,161.0,169.0,176.0,183.0,190.0,0.9590793756799986,0.960227267271436,-7.1750030517578125,-7.0,1.2771142099728665,3.6881056229237745,-7.0,-7.0,-6.0
232,fatty_liver,1,141604,155.56439208984375,155.0,17.256263732910156,0.0,246.0,140.0,148.0,155.0,164.0,174.0,23370,162.7046661376953,167.0,23.237415313720703,1.0,213.0,149.0,159.0,167.0,174.0,180.0,0.9561151184322892,0.9281437070171036,-7.1402740478515625,-12.0,0.7426068156605288,6.059221223531912,-11.0,-12.0,-10.0
243,fatty_liver,1,126443,165.82444763183594,161.0,25.66291046142578,0.0,255.0,141.0,151.0,161.0,174.0,206.0,16179,162.54440307617188,167.0,26.361392974853516,0.0,223.0,146.0,158.0,167.0,176.0,183.0,1.0201793692886958,0.9640718505145398,3.2800445556640625,-6.0,0.9735035440806344,7.815254341565285,-7.0,-6.0,-2.0
243 (2),fatty_liver,1,146541,154.8144989013672,154.0,18.41766357421875,1.0,255.0,138.0,146.0,154.0,163.0,173.0,27224,183.33746337890625,185.0,18.78137969970703,18.0,254.0,167.0,176.0,185.0,193.0,201.0,0.8444236939014809,0.8324324279327977,-28.522964477539062,-31.0,0.9806341646919517,5.382787246349442,-30.0,-31.0,-30.0
247,fatty_liver,1,91952,166.38084411621094,164.0,23.691362380981445,0.0,255.0,148.0,156.0,164.0,174.0,189.0,11609,190.3350830078125,195.0,24.064699172973633,7.0,224.0,178.0,188.0,195.0,201.0,206.0,0.8741470075447659,0.841025636712689,-23.954238891601562,-31.0,0.9844860817168429,7.92075114067355,-32.0,-31.0,-27.0
248,fatty_liver,1,103165,139.707763671875,138.0,17.320283889770508,2.0,255.0,122.0,129.0,138.0,147.0,158.0,23214,164.95692443847656,167.0,16.478164672851562,0.0,211.0,151.0,160.0,167.0,174.0,180.0,0.8469348182897682,0.8263473004410341,-25.249160766601562,-29.0,1.0511050946833462,4.44408546547583,-31.0,-29.0,-27.0
25,fatty_liver,1,144567,143.94773864746094,145.0,16.913114547729492,0.0,231.0,130.0,138.0,145.0,152.0,160.0,36982,162.77915954589844,166.0,21.95236587524414,0.0,214.0,148.0,159.0,166.0,174.0,180.0,0.8843130666402003,0.8734939706416026,-18.8314208984375,-21.0,0.7704460591355434,3.909117949166916,-21.0,-21.0,-22.0
251,fatty_liver,1,127750,146.56927490234375,145.0,17.61961555480957,0.0,255.0,129.0,137.0,145.0,154.0,165.0,28179,172.8101043701172,176.0,19.108434677124023,0.0,243.0,160.0,168.0,176.0,182.0,188.0,0.8481522222813767,0.823863631682593,-26.240829467773438,-31.0,0.9220857140023859,4.533517867754941,-31.0,-31.0,-28.0
256,fatty_liver,1,139341,152.38099670410156,152.0,20.45807647705078,0.0,255.0,135.0,144.0,152.0,160.0,171.0,23228,177.06044006347656,180.0,23.013437271118164,0.0,254.0,160.0,171.0,180.0,189.0,197.0,0.8606157072062903,0.8444444397530865,-24.679443359375,-28.0,0.8889621896579287,5.998837609523039,-27.0,-28.0,-29.0
26,fatty_liver,1,116959,160.6417999267578,161.0,13.422266960144043,9.0,251.0,146.0,154.0,161.0,168.0,175.0,16492,172.2569122314453,175.0,21.351757049560547,1.0,255.0,156.0,167.0,175.0,183.0,191.0,0.9325709889560057,0.9199999947428572,-11.6151123046875,-14.0,0.6286258456558472,7.091862720889409,-13.0,-14.0,-15.0
260,fatty_liver,1,131395,97.11407470703125,96.0,11.857969284057617,18.0,163.0,84.0,90.0,96.0,102.0,111.0,7667,131.76522827148438,134.0,12.592205047607422,12.0,161.0,122.0,128.0,134.0,138.0,143.0,0.7370235322623762,0.7164179051013589,-34.651153564453125,-38.0,0.9416911730340283,17.13773313980204,-38.0,-38.0,-36.0
26_2,fatty_liver,1,123992,146.3257293701172,145.0,16.132986068725586,12.0,254.0,129.0,137.0,145.0,155.0,165.0,18743,161.9914093017578,165.0,18.071577072143555,0.0,204.0,148.0,158.0,165.0,172.0,177.0,0.9032931381827063,0.8787878734618917,-15.665679931640625,-20.0,0.892727021642553,6.615376406839067,-21.0,-20.0,-17.0
270,fatty_liver,1,111613,128.71949768066406,124.0,28.00208282470703,0.0,255.0,106.0,114.0,124.0,135.0,155.0,17453,186.6465301513672,190.0,21.15912437438965,0.0,254.0,168.0,182.0,190.0,198.0,205.0,0.6896431285737356,0.6526315755124654,-57.927032470703125,-66.0,1.3234045514281931,6.395061020661487,-68.0,-66.0,-63.0
273,fatty_liver,1,124454,157.57669067382812,157.0,15.32675552368164,10.0,250.0,142.0,149.0,157.0,165.0,174.0,11256,165.4142608642578,170.0,25.169034957885742,0.0,211.0,149.0,161.0,170.0,178.0,185.0,0.9526185281601574,0.92352940633218,-7.8375701904296875,-13.0,0.6089528239908448,11.056680880325455,-12.0,-13.0,-13.0
277,fatty_liver,1,128540,126.22251892089844,129.0,25.66240119934082,0.0,197.0,112.0,121.0,129.0,138.0,147.0,27363,142.2110137939453,146.0,22.60628318786621,0.0,202.0,125.0,137.0,146.0,154.0,161.0,0.8875720288177875,0.8835616377838245,-15.988494873046875,-17.0,1.1351888256414542,4.697584329031993,-16.0,-17.0,-16.0
278,fatty_liver,1,91325,152.89443969726562,151.0,26.15347671508789,0.0,255.0,133.0,142.0,151.0,161.0,176.0,14722,186.5864715576172,192.0,25.375463485717773,2.0,244.0,173.0,184.0,192.0,198.0,204.0,0.819429391646023,0.7864583292371962,-33.69203186035156,-41.0,1.0306600192405546,6.20330118148327,-42.0,-41.0,-37.0
283,fatty_liver,1,107530,139.89559936523438,139.0,18.675447463989258,21.0,255.0,121.0,129.0,139.0,149.0,159.0,15711,176.1572723388672,177.0,20.088747024536133,9.0,239.0,160.0,169.0,177.0,184.0,200.0,0.7941517072424391,0.7853107300264931,-36.26167297363281,-38.0,0.9296471557699519,6.844249251680718,-40.0,-38.0,-35.0
286,fatty_liver,1,102953,141.35699462890625,141.0,14.127742767333984,4.0,213.0,127.0,134.0,141.0,149.0,157.0,16744,141.66148376464844,145.0,25.089303970336914,0.0,213.0,122.0,135.0,145.0,155.0,163.0,0.9978505792435534,0.9724137863971463,-0.3044891357421875,-4.0,0.5630982119288364,6.148650262413482,-1.0,-4.0,-6.0
297,fatty_liver,1,102271,154.12869262695312,154.0,16.499717712402344,7.0,227.0,139.0,147.0,154.0,162.0,171.0,6287,164.5697479248047,173.0,33.149208068847656,0.0,224.0,133.0,162.0,173.0,182.0,189.0,0.9365554339964248,0.8901734052591133,-10.441055297851562,-19.0,0.49774091677825705,16.2670590080695,-15.0,-19.0,-20.0
30,fatty_liver,1,126906,141.901123046875,142.0,16.292098999023438,1.0,234.0,124.0,133.0,142.0,151.0,160.0,15690,169.564697265625,173.0,21.30311393737793,3.0,222.0,155.0,165.0,173.0,180.0,187.0,0.8368553389844465,0.8208092438103513,-27.66357421875,-31.0,0.7647754352786087,8.088336519560972,-32.0,-31.0,-29.0
30 (2),fatty_liver,1,94631,162.90127563476562,163.0,13.879627227783203,67.0,226.0,148.0,156.0,163.0,171.0,178.0,12284,158.3588409423828,161.0,20.3565616607666,37.0,230.0,137.0,151.0,161.0,171.0,178.0,1.0286844336360803,1.0124223539601096,4.5424346923828125,2.0,0.6818256824141308,7.703598175862618,5.0,2.0,0.0
31,fatty_liver,1,178252,158.47955322265625,158.0,12.316900253295898,7.0,225.0,145.0,151.0,158.0,165.0,173.0,26989,159.7135467529297,164.0,24.013044357299805,0.0,223.0,143.0,155.0,164.0,172.0,179.0,0.9922737015886569,0.9634146282718621,-1.2339935302734375,-6.0,0.5129253732722261,6.604616695446122,-4.0,-6.0,-7.0
311,fatty_liver,1,130143,136.12295532226562,136.0,15.940345764160156,8.0,224.0,119.0,127.0,136.0,145.0,154.0,21328,158.47332763671875,160.0,17.41681480407715,0.0,227.0,141.0,151.0,160.0,169.0,176.0,0.8589644484234398,0.8499999946875001,-22.350372314453125,-24.0,0.9152273264800008,6.101978619368812,-24.0,-24.0,-24.0
316,fatty_liver,1,108966,153.73243713378906,152.0,15.305073738098145,14.0,248.0,137.0,144.0,152.0,161.0,171.0,15580,176.9015350341797,181.0,23.63722038269043,0.0,222.0,167.0,175.0,181.0,187.0,192.0,0.8690282774259571,0.8397790008851989,-23.169097900390625,-29.0,0.6474988531987973,6.993966623427858,-31.0,-29.0,-26.0
317,fatty_liver,1,133419,162.89112854003906,163.0,20.906169891357422,0.0,255.0,147.0,155.0,163.0,171.0,180.0,12195,177.24977111816406,186.0,32.62972640991211,0.0,232.0,138.0,175.0,186.0,194.0,202.0,0.9189920336340248,0.8763440813099781,-14.358642578125,-23.0,0.6407093025547814,10.94046740377692,-20.0,-23.0,-23.0
318,fatty_liver,1,105707,137.85861206054688,136.0,18.641756057739258,5.0,250.0,118.0,127.0,136.0,146.0,159.0,20234,163.4332733154297,168.0,23.89478302001953,1.0,238.0,142.300048828125,159.0,168.0,176.0,183.0,0.8435161850485651,0.8095238047052155,-25.574661254882812,-32.0,0.7801600567772791,5.224226549114153,-32.0,-32.0,-30.0
33,fatty_liver,1,148647,135.0109405517578,130.0,26.3273868560791,0.0,255.0,112.0,120.0,130.0,141.0,161.0,40475,185.98843383789062,187.0,16.447275161743164,20.0,255.0,169.0,179.0,187.0,195.0,203.0,0.7259104076521462,0.6951871620578227,-50.97749328613281,-57.0,1.6007140998408818,3.672563310594872,-59.0,-57.0,-54.0
36,fatty_liver,1,144751,126.75626373291016,130.0,19.783876419067383,18.0,213.0,99.0,111.0,130.0,141.0,149.0,21558,159.71258544921875,163.0,18.398208618164062,62.0,224.0,140.0,154.0,163.0,171.0,178.0,0.7936523135151456,0.7975460073770184,-32.956321716308594,-33.0,1.0753153067424173,6.714491139868517,-43.0,-33.0,-30.0
42,fatty_liver,1,115651,164.4248504638672,164.0,13.237957000732422,2.0,235.0,150.0,157.0,164.0,172.0,180.0,34306,168.5414276123047,170.0,16.904830932617188,20.0,251.0,152.0,161.0,170.0,178.0,186.0,0.9755752743860571,0.9647058766782007,-4.1165771484375,-6.0,0.7830871701948316,3.3711595638264105,-4.0,-6.0,-6.0
45,fatty_liver,1,136710,139.49351501464844,134.0,26.554668426513672,3.0,255.0,116.0,124.0,134.0,145.0,172.0,18248,189.22671508789062,195.0,25.546260833740234,5.0,251.0,173.0,188.0,195.0,201.0,207.0,0.7371766413250945,0.6871794836554899,-49.73320007324219,-61.0,1.0394737437256507,7.491779920676689,-64.0,-61.0,-56.0
47,fatty_liver,1,120781,152.34002685546875,152.0,20.686246871948242,0.0,250.0,135.0,143.0,152.0,162.0,172.0,20953,167.66224670410156,170.0,18.101930618286133,1.0,218.0,155.0,163.0,170.0,177.0,183.0,0.9086125764240367,0.894117641799308,-15.322219848632812,-18.0,1.1427646125373436,5.7643774158466865,-20.0,-18.0,-15.0
48,fatty_liver,1,95880,171.91990661621094,171.0,15.389863014221191,5.0,253.0,159.0,165.0,171.0,178.0,187.0,9626,181.27456665039062,185.0,22.597328186035156,3.0,228.0,167.0,177.0,185.0,192.0,199.0,0.9483950718767056,0.9243243193279767,-9.354660034179688,-14.0,0.6810478746192677,9.960523580930758,-12.0,-14.0,-14.0
51,fatty_liver,1,98914,129.42752075195312,130.0,12.119915962219238,30.0,187.0,114.0,123.0,130.0,137.0,143.0,12163,141.6278839111328,143.0,13.984416007995605,30.0,181.0,129.0,137.0,143.0,150.0,155.0,0.9138562002332024,0.90909090273363,-12.200363159179688,-13.0,0.8666729514208324,8.132368658379317,-14.0,-13.0,-13.0
53,fatty_liver,1,93723,161.12596130371094,157.0,21.883037567138672,1.0,255.0,141.0,149.0,157.0,168.0,186.0,18015,187.51829528808594,190.0,20.860973358154297,8.0,255.0,167.0,181.0,190.0,198.0,207.0,0.8592546140466836,0.8263157851246538,-26.392333984375,-33.0,1.0489940302613363,5.202497918112545,-32.0,-33.0,-30.0
60,fatty_liver,1,109000,161.7262420654297,162.0,15.328489303588867,10.0,254.0,146.0,154.0,162.0,170.0,178.0,16334,181.8933563232422,185.0,20.73141860961914,4.0,223.0,168.0,178.0,185.0,192.0,198.0,0.8891267083383723,0.8756756709422937,-20.1671142578125,-23.0,0.7393844508591502,6.673197011958296,-24.0,-23.0,-22.0
61,fatty_liver,1,119065,159.73367309570312,158.0,19.46611785888672,0.0,255.0,142.0,150.0,158.0,167.0,180.0,22726,181.8134307861328,186.0,27.253353118896484,0.0,255.0,165.0,177.0,186.0,195.0,203.0,0.8785581545130169,0.8494623610243959,-22.079757690429688,-28.0,0.7142650322585292,5.239153392359449,-27.0,-28.0,-28.0
63,fatty_liver,1,107368,139.8203582763672,139.0,15.763671875,14.0,247.0,125.0,131.0,139.0,146.0,155.0,19594,173.92645263671875,179.0,24.363021850585938,0.0,231.0,161.0,172.0,179.0,185.0,191.0,0.8039050722462888,0.7765363085109703,-34.10609436035156,-40.0,0.6470326761861933,5.479636623176501,-41.0,-40.0,-39.0
63 (2),fatty_liver,1,112538,170.882080078125,170.0,18.585874557495117,17.0,255.0,153.0,161.0,170.0,178.0,188.0,27349,178.78207397460938,182.0,23.666357040405273,0.0,255.0,159.0,172.0,182.0,191.0,200.0,0.9558121534409625,0.9340659289337037,-7.899993896484375,-12.0,0.7853288843920847,4.1148853704298185,-11.0,-12.0,-13.0
66,fatty_liver,1,124269,165.01409912109375,165.0,18.29084014892578,0.0,252.0,148.0,156.0,165.0,174.0,184.0,17458,170.135986328125,174.0,20.692808151245117,0.0,228.0,153.0,166.0,174.0,181.0,187.0,0.969895327335109,0.9482758566191043,-5.12188720703125,-9.0,0.8839225266727593,7.1181693202475556,-10.0,-9.0,-7.0
67,fatty_liver,1,101136,170.9763946533203,170.0,17.52806854248047,3.0,254.0,152.0,161.0,170.0,180.0,191.0,13388,180.7781524658203,188.0,31.814105987548828,0.0,248.0,166.0,180.0,188.0,195.0,201.0,0.9457801807099816,0.9042553143390675,-9.8017578125,-18.0,0.5509527125605153,7.554227666002821,-19.0,-18.0,-15.0
70,fatty_liver,1,100157,116.11304473876953,114.0,20.32366943359375,0.0,228.0,97.0,105.0,114.0,125.0,138.0,17961,156.62017822265625,159.0,19.90509033203125,6.0,255.0,138.0,149.0,159.0,168.0,176.0,0.7413670787191446,0.7169811275661564,-40.50713348388672,-45.0,1.021028695351371,5.576359890564202,-44.0,-45.0,-43.0
71,fatty_liver,1,155072,156.8505401611328,156.0,19.890316009521484,20.0,254.0,137.0,147.0,156.0,167.0,178.0,43243,180.78253173828125,182.0,15.132301330566406,65.0,254.0,166.0,175.0,182.0,189.0,196.0,0.8676199950589543,0.857142852433281,-23.931991577148438,-26.0,1.3144276115435625,3.586060171505537,-28.0,-26.0,-22.0
75,fatty_liver,1,119609,143.2148895263672,140.0,21.920759201049805,0.0,255.0,124.0,132.0,140.0,150.0,164.0,21779,188.4146270751953,191.0,18.764101028442383,23.0,249.0,169.0,181.0,191.0,200.0,207.0,0.7601049397778757,0.7329842893561032,-45.199737548828125,-51.0,1.168228523156749,5.491941778525555,-49.0,-51.0,-50.0
84,fatty_liver,1,116919,153.23480224609375,153.0,14.652103424072266,1.0,253.0,138.0,145.0,153.0,161.0,170.0,18446,160.2512664794922,164.0,20.218488693237305,0.0,202.0,145.0,156.0,164.0,170.0,176.0,0.95621585186965,0.9329268235797145,-7.0164642333984375,-11.0,0.7246883247156246,6.338447359517595,-11.0,-11.0,-9.0
86,fatty_liver,1,140105,154.93548583984375,154.0,17.461206436157227,2.0,245.0,136.0,145.0,154.0,164.0,175.0,29132,180.00697326660156,183.0,22.788122177124023,1.0,254.0,168.0,176.0,183.0,190.0,197.0,0.8607193497423863,0.8415300500462839,-25.071487426757812,-29.0,0.7662415329440447,4.809316215680032,-31.0,-29.0,-26.0
87,fatty_liver,1,123056,142.02862548828125,141.0,18.48352813720703,0.0,254.0,123.0,132.0,141.0,151.0,162.0,28364,157.60658264160156,160.0,18.300941467285156,0.0,210.0,145.0,153.0,160.0,167.0,173.0,0.9011592168716461,0.8812499944921875,-15.577957153320312,-19.0,1.0099768451951732,4.338457199113719,-21.0,-19.0,-16.0
87 (2),fatty_liver,1,96730,159.10003662109375,162.0,24.47075843811035,0.0,233.0,146.0,154.0,162.0,169.0,178.0,23002,168.06056213378906,172.0,19.850900650024414,0.0,202.0,152.0,165.0,172.0,178.0,183.0,0.9466827532550748,0.9418604596403461,-8.960525512695312,-10.0,1.2327278059976814,4.205286496643541,-11.0,-10.0,-9.0
91,fatty_liver,1,119014,133.82852172851562,131.0,20.101022720336914,1.0,239.0,115.0,123.0,131.0,141.0,154.0,28990,167.4458465576172,171.0,21.99805450439453,0.0,215.0,157.0,164.0,171.0,177.0,182.0,0.7992346402168378,0.7660818668650183,-33.61732482910156,-40.0,0.9137636149850313,4.105346671124341,-41.0,-40.0,-36.0
92,fatty_liver,1,101670,173.78038024902344,174.0,26.40165138244629,0.0,255.0,157.0,166.0,174.0,183.0,198.0,9308,183.45584106445312,188.0,23.40796661376953,1.0,228.0,170.0,181.0,188.0,194.0,200.0,0.9472599961573837,0.925531909970575,-9.675460815429688,-14.0,1.1278916571516335,10.922862052973478,-15.0,-14.0,-11.0
93,fatty_liver,1,159680,172.34390258789062,172.0,16.66315460205078,9.0,255.0,156.0,164.0,172.0,180.0,190.0,24593,184.0044708251953,190.0,31.939001083374023,0.0,254.0,163.0,180.0,190.0,200.0,209.0,0.9366288812351133,0.9052631531301939,-11.660568237304688,-18.0,0.5217180724229594,6.492904484752047,-16.0,-18.0,-20.0
94,fatty_liver,1,116710,127.5784683227539,127.0,15.693999290466309,5.0,211.0,111.0,118.0,127.0,136.0,146.0,20139,155.26808166503906,158.0,18.337074279785156,0.0,195.0,143.0,151.0,158.0,164.0,170.0,0.821665767574266,0.8037974632671047,-27.689613342285156,-31.0,0.8558616382933988,5.795223198480797,-33.0,-31.0,-28.0
